Sample,EGFR,PDGFRA,PTEN,NF1,TP53,RB1,CDKN2A,CDKN2B,MDM2,MDM4,CDK4,CDK6,MET,PIK3CA,PIK3R1,PIK3CB,IDH1,IDH2,ATRX,CIC,FUBP1,NOTCH1,TERT,MGMT,OLIG2,GFAP,SOX2,NES,CD44,CHI3L1,VEGFA,MKI67,BCAN,DLL3,POSTN,SERPINE1,TIMP1,LGALS1,ANXA1,CASP8
TCGA.02.0047,9.141442498514275,12.725796743969637,10.933463611763866,11.31561751293418,10.841738404087197,11.221830993443948,3.9878847348683246,5.561118363630483,10.516885730913451,9.647457886793333,11.153404651425406,10.055897890247683,6.763914783295456,9.030529204697443,11.953319082946823,9.980660996233413,11.233663112729769,11.449421782162855,10.780039781680664,11.0158549027732,10.039139902198203,11.50631244132292,2.7325948275450145,7.9871764527509885,11.323251217027313,19.853077152358374,12.319124741252901,13.633695876495803,13.171256265687505,13.667891726176304,12.72380825644301,10.673854245892539,14.571436794266553,11.792139064111215,12.691999805920942,10.635348013876216,12.687167466258453,12.769608613732894,11.36520172326718,7.341204787466432
TCGA.02.0055,8.047399334213754,12.128225017702514,10.673818213771472,9.007266995130893,9.956975473628676,10.151562807036925,11.484728154512737,9.545430577798873,9.990754519434244,9.29165144080297,11.546600297555583,10.003417418890777,10.673818213771472,9.294230387346794,10.652872303301335,9.34486111168953,11.53219873992355,10.662884452090575,9.789783201476304,10.526422847634324,9.901397006607501,8.93969556547538,3.326321618039978,8.901305586142652,5.8217535768577315,15.261634799172032,10.312222703191736,12.36887682755247,14.129738432541965,15.831836116887033,13.159607238882012,8.746083631702355,7.530936105908944,4.3306731227091575,14.904969786377967,16.17227694527901,15.703940726904417,14.81240141535503,13.83080509340086,8.178805254873566
TCGA.02.2483,7.579796378745519,12.81260611858716,10.34841723322459,10.60964536805009,11.912618319069677,10.84372943798849,8.01605109188728,7.567038084911975,10.919896078567158,9.779756119599782,12.756594557605641,11.463057260900442,9.068966057912027,8.705969610307887,10.999102897379682,8.797785689544469,11.458952314260765,11.563064821739706,8.900767204257255,11.027974329501161,10.489814852315073,12.853674472102176,2.1041688948234554,6.756912532488336,12.998094285810872,15.556232850164282,13.370594497632897,11.661295738440185,12.403015886028854,12.093661019266953,11.828874902674372,10.713405762199297,15.367103281568674,12.256738896528555,7.678263500324918,11.008298353433313,11.891452604681431,11.346504203812081,11.29943385118461,6.756912532488336
TCGA.02.2485,14.724598860482834,14.323597323090723,9.80769993609832,10.680338599448527,11.394169195291138,10.643018642571123,10.95442135035216,10.867738351762688,9.963068019841476,10.190559553205873,15.390915048185223,12.67465992043161,5.9413974504891165,8.380924644430413,12.718741816264721,9.226584149862532,10.79883822016732,11.48708634027127,10.494736604734262,11.324890409731337,10.48518236545418,11.948688808680219,5.76313267604966,7.393338970010776,11.607781640229723,18.1485452659553,13.558457724905569,13.872081647151983,13.300029047461097,11.500664095518594,11.605137740350589,9.739418962639492,14.664506806712982,11.848855755723365,7.441560665155238,11.356150634480722,11.714255736719803,11.505161748332183,12.54478623349615,6.8368014973809395
TCGA.02.2486,12.580603274833315,6.565682467803273,9.92276575019746,10.035184684087218,10.171863322084622,11.56237623942996,4.835358200530356,6.454424328626994,11.222507784022683,9.41019268203405,12.099247561314515,9.096586557856938,9.510088642610953,7.979163928829291,10.254121228418034,9.298677329617378,11.604231158024804,11.174598418187795,9.621493490978414,10.002969401026041,9.762868170773762,10.324413812222991,1.2198964620646604,8.260202593615348,7.664902332837988,19.0210928790787,11.996426139594764,13.081919775701824,15.436146945362049,18.64281379896726,13.999842134954546,5.791241045988654,9.219729271271223,3.2699756786237586,9.001957299252703,14.622664989003018,13.673636295223448,13.286992612599349,14.12402179184868,8.5759082875359
TCGA.06.0125,14.872083600400956,11.441375941991321,9.203646545107917,10.927434355340958,11.17579571715286,10.958190038662813,3.41756901011157,5.552908822391349,10.905539089252658,10.336305929798337,11.41628668935996,11.013827563231374,6.046443039407403,8.544132567190198,11.843038995189833,9.416433377929712,11.970219158582871,11.11481740639253,10.457046537315282,11.526390079232998,9.544740768751463,11.982181866069078,5.906472153369603,4.975607259976093,12.248596740226308,16.973844682850185,12.827174585133738,15.38976074180407,13.637857022825562,14.686455305469806,14.70624790670965,10.219889808676788,15.336276908388186,10.032812204777509,13.070771939532355,12.132044389493515,12.273385252609794,12.65305007202175,12.8443002191089,8.075753489502842
TCGA.06.0129,12.558390433575546,12.846655849760472,9.993056408631816,11.6045239949816,10.957262412730973,11.261065089193734,10.402217470140757,9.675963734932484,11.076295197909857,11.181907703188527,15.967024811539922,9.718921024402905,4.65666225378476,9.591414631293231,12.925014236747204,9.296626262557727,11.121288082900335,11.294583015490458,9.868861900466857,11.61232987352207,10.896189565488513,12.444995544259744,-1.0,6.165598450245742,13.696160727691506,17.65145005675384,13.482811195477623,13.571522132754918,10.888370428419968,11.543896936104982,9.046430761108777,11.727950014197088,15.379127694632084,12.651919514436209,3.377012661500196,9.137908200327537,7.863537095499726,9.900305164335043,8.343327867770926,7.866087638584333
TCGA.06.0130,8.449657523567268,12.094333203536971,10.54052697725245,10.010449500292559,10.585284816886936,10.991947718374053,11.436996409849932,9.290203665992033,11.600467271545902,9.823560701078215,12.465827576309769,10.80039664800034,11.405525917797041,8.241828745662241,10.900322525583226,9.22704356486371,11.282485560362286,11.28785208337286,10.23511037023485,10.998145071706542,10.053794635099953,10.300877944297431,4.82524629650338,7.86157330696468,5.583371653777451,14.004642484197008,10.028371618960332,12.883887982748808,14.195305954187573,14.315017913158401,10.42025310997555,10.489686225059112,7.9900415450226685,2.3622173774871693,15.348057163002062,14.862744282131537,13.649991317745116,14.31789889725724,13.245276990276977,9.350714032853796
TCGA.06.0132,13.124221204660477,9.949876890583498,10.360555224332101,10.38288412050374,9.883266910625716,11.393005168882492,5.693949660831622,6.686965476286296,10.9670145951911,8.942678998383654,10.976114490965893,9.458933351972185,8.692261191565649,7.970402741681433,11.817650315783359,9.631215442160961,11.806761660824925,11.18263283775183,10.363860648284408,10.723223974556513,9.264667549280903,9.694542805017972,-1.0,8.749990736025937,10.30179476309113,18.5481744686973,11.43068864298082,12.546219147581727,13.165452279815417,15.687466127913885,10.995849386390386,6.049672148782358,13.674821367614976,9.008359427076261,9.109490373131253,11.540217174810131,13.884795885358065,13.372189413830533,11.19493391836983,7.7697201757303045
TCGA.06.0138,11.01894776578317,9.284404009538433,10.033677515644246,10.305921059692922,10.407779734518789,11.162043076039978,10.88253079292813,9.581619015805282,16.019449937541687,10.605669889390722,17.072600676444473,10.187797928220908,6.4524751831418214,7.31695666818183,11.801689769448831,8.913446551879705,11.418483345108015,11.361269134163752,9.97247224137899,10.484247010117755,9.302548909602423,10.613327765016468,3.7687771638516607,7.805553649539099,11.373345987091906,19.011100967936386,12.262309882541553,12.143272009933801,13.775396658842064,15.802146122150313,13.661670659745072,8.779190762524776,14.500905332101018,11.031429246149973,10.323923494431869,12.07812671812975,12.984939454629943,13.204258852558924,12.68636432701585,7.7230185418996165
TCGA.06.0141,9.53881244515908,10.357528252735916,10.757384008542896,9.402112456166277,10.156281701870839,10.913745719600016,4.968127625568686,6.464052311221807,12.177713373084028,10.068655495920275,11.379239939689974,10.033755141081599,9.373367631018887,8.21286695154588,11.715059509003243,9.249862937822344,11.732793814544463,11.12280606308855,10.102057845778631,10.070722993039285,9.126760218121971,9.830775518246789,2.0332996513448633,8.62104011361069,10.254130088472667,17.06515625849246,12.055680172641448,13.094133749058201,13.88369110594282,17.2374053663241,11.99419621696528,8.114752219746503,13.222879651167052,7.271501312507511,10.698881997987456,12.284297724093701,15.740381602236983,13.138173723658639,13.130761311543948,9.248646071850244
TCGA.06.0156,10.253060818611008,13.064452967450968,9.630507766513768,10.700893870168159,7.985477660317102,10.822081219385128,3.823494624712857,4.446626782858604,11.457532836315295,10.451330335346075,12.232017503796282,10.369692977542245,10.577896778269109,8.645262852798716,11.862663584617463,9.170671703417195,11.311059209656445,11.545063023238159,10.452455723685022,10.685183379336117,10.261490267082586,11.072441279738277,4.168441469037699,7.287204461496234,11.111436243869226,17.915818725050183,12.447843696007315,12.257995408774153,14.050851630785086,15.957828700972192,14.08680746288955,10.701367287818623,14.218778844867398,10.564427710813343,9.859007306503829,13.457410533025724,13.080766722667502,12.652658844374733,12.54599702895193,7.931617467778281
TCGA.06.0157,13.84045203161693,10.050348098188893,9.408656884402912,10.564585567745869,11.324387089301855,10.866012350453857,10.419373081606567,8.883506268496392,10.886418378939814,15.566310388774397,15.712078009429908,12.380521158092593,4.906236425566901,7.75548249115979,11.441849503816988,8.995681801849363,11.493797270039575,12.175398318579948,10.392127734554768,11.25531654881231,10.065005281726881,12.210253358228135,3.275647771799513,7.777898342580165,10.644306961545581,19.430205814319972,12.744441036368404,13.412466509939797,13.257732106561313,13.679535079213952,12.034060750647146,9.298900210611226,16.46655579960757,11.9363771630283,11.022714573044759,8.795215625534357,11.898518632224333,12.090317823638028,11.674695666752713,7.4866500230210615
TCGA.06.0158,14.388204419823873,11.325820595273738,9.837905093200478,11.022360322092448,10.973589034564764,10.46255053203526,4.678173341041635,5.625927969972851,10.352172346416644,10.291619672602545,11.090957472295276,10.895360717604339,6.706397935638813,8.168069344289849,10.246308675254022,9.263020551762162,11.256177722745498,11.751836878053886,10.688788465153205,11.764492792106164,9.657715560380977,12.665956191552569,1.4339742800766861,6.748368646367043,11.166978997902088,19.150774939410894,12.923159749369487,14.081571881176927,14.522602139285445,16.34662107774707,13.422549951144065,9.35515130787393,15.757054492709806,10.96153246249167,4.90716468162894,11.151700863672282,11.558326619313497,11.877887584579057,12.655851358471065,7.637442157708829
TCGA.06.0168,10.126023613071313,10.508776052362192,9.973104957757991,10.264275800962805,10.779211039757781,9.768282927627965,10.424537099885066,8.776674503264047,11.186594149924796,9.14139242711236,11.727243309325942,6.931441957468403,8.986924832267126,7.724576607284059,11.935876348349694,9.031868789583282,11.055919846557506,12.422336060916697,9.607915596269796,10.809026899427037,9.645584044342149,11.066758838492127,2.3468718139442495,7.610686037833127,9.74918511601658,18.334082663983267,12.58250131666273,13.479593133437294,14.456786805845535,18.314748084767256,11.705610573993045,9.686315801368524,16.027482116726944,7.331369329516878,8.821247501495744,10.971098534605082,13.195209225951297,13.035313819306346,12.566770877583753,7.955396505602467
TCGA.06.0174,9.885752951496372,16.609621133537452,9.612220336584175,10.75420005451672,10.694428322453634,10.899913499446605,11.017585963617506,9.59068004554748,16.487122325527032,9.509160590191774,16.67308417943486,11.741509373372251,6.3697927457071986,8.47786428950472,12.041428493622181,9.005241650909062,12.144813687396907,11.733626345696464,10.288434815729714,11.440673248776895,10.103745070267808,12.303628709327885,4.259920235979612,5.551343745248457,12.147061125353511,17.393262455318656,12.947940036426587,13.344631059755171,12.975933173323357,14.219329316928738,14.408418055364143,10.60756880112073,15.386199882932143,12.048659231014556,10.939719804119479,12.183021485239443,11.95005538678557,12.129957029578964,10.662465707574855,6.316018993938537
TCGA.06.0178,8.838929713006985,11.131613469201316,9.454574849819188,9.537506716563927,11.290715136454141,11.022416017658378,10.630939892077064,7.332497599863044,10.809028990196998,10.978565824895869,16.5557367250628,7.470220407083878,4.604806720849447,7.561119127555963,11.103792073344824,8.177738440504305,11.620180870382303,11.531168013592744,8.452439764675347,9.892878217536163,9.896373882688392,10.69121361958954,-1.0,8.02856307465431,12.787078384400015,18.11987018649911,12.819354603356675,10.939001579933647,13.250200798753934,11.866996197137563,9.107793515242502,8.364313721974147,14.60243093839813,11.861045292175373,5.566693402456676,8.853437754607405,10.782197872555795,13.4176743816724,11.77473081645505,7.727352111328283
TCGA.06.0184,10.179146125487115,9.775542465091885,9.988960135709405,8.970756179423981,10.593741155645992,10.854024409125495,12.721276437860691,11.266477358629736,11.27392576219211,9.44078218812245,11.194033294389333,9.100157701672122,10.87150247398596,8.805058953334147,11.461740234328436,9.390011347671189,11.633475303938093,11.716555714626798,9.770625739858815,10.818027919559189,9.097576825055992,10.599680988413843,2.145188323120806,7.435741925162965,10.917223326518165,16.674304276287145,12.489810011442334,12.643239102810622,12.983367190743026,18.0956863245477,11.353145612221926,7.312075182907851,11.955135283579548,6.373183592900286,9.220088792195355,12.527808147693081,14.248045172527746,13.57141297301241,12.688531104581045,8.57580091247928
TCGA.06.0187,16.398494762154648,5.8796273568123985,9.879777586842367,10.409700551943308,10.802527754773955,11.345232079653288,3.332349900373874,4.79212132727619,15.344395713990538,9.53647433727112,11.49452291645131,11.690879126065537,6.999602076885865,8.284738981597444,12.439450971008956,9.384905462237066,12.027941959855774,11.634840675020435,10.125999599638243,11.380556195406424,10.179628359021617,12.031418769351124,2.4693911043010086,6.108913304772903,11.635754663306415,19.052664182961184,12.76051535713986,14.454292783225325,14.4840322030661,16.749660118802485,13.626992361838894,9.700952373347832,15.351680219271008,8.063508335145364,6.5731457543694125,13.493894429994041,12.799576546408762,13.288611028461967,13.458366584815092,7.944629493485157
TCGA.06.0190,8.884019066346271,11.005228665956261,10.527375642421164,10.017469881799183,10.936620420456425,9.891653399192379,9.666454105408775,7.7881479925114565,11.895892451093152,9.80182861890238,11.363791180460414,10.544519484928228,10.23371996694062,8.701179256571828,10.638829750368702,9.206988200081627,11.92359408449769,11.371317140850076,9.891653399192379,11.272529889173347,9.644757592516257,11.204725125387856,1.9290713640475967,7.986222621677475,10.164714261241976,16.848686206089955,12.085353380472533,13.964586025690632,14.466783312044928,17.7727659738139,13.938174538311344,9.217715653657512,12.921247004531198,9.78208890991968,14.16416825965419,14.499054192751993,14.24561932835061,13.968858635842878,13.069441610706379,8.630685400437336
TCGA.06.0210,9.824266494417744,11.65001276517075,10.007786409825231,9.881702545845455,11.011500950089093,11.157129567253083,4.124402584086777,5.55356325287136,11.153148869414037,13.939936547436462,11.424843325103705,11.936337370763626,9.860075113468966,8.389940170918441,11.029986384966353,9.46889219433603,11.206721540551186,10.324954352828536,10.275669884745616,10.968934717963155,9.851786045132483,10.354590232110057,3.277464093295392,7.786153945990391,9.08762831736761,17.85557028966627,11.858176826133121,14.117164431283358,14.815797900973418,17.682176428963388,15.561299513054987,8.334774286189017,11.712014400139799,8.51355548854943,12.199311411243944,13.5943102095639,14.035726007100282,13.586724510803183,11.887040876767218,8.18205760249206
TCGA.06.0211,13.957278730042411,13.802287129244025,9.988964110876106,10.753839497918806,11.440240108860545,11.350848154117841,3.815565182412543,4.238236574340972,10.359920609456962,10.166915373101954,12.009967352902153,11.816329023835934,6.1698087796605785,9.55494852136186,11.568339175076757,9.54726742934795,12.361371707389704,11.328615636503933,10.065705048681528,11.359646130532031,9.570946898011512,11.838211869964217,4.65897690792616,6.026892990693685,11.45180610082865,17.057097826740144,12.731919852032362,14.31751739897177,12.920395175337752,13.26589671661963,10.895183012908527,9.780046755602672,14.976670710656135,10.87292515653223,11.973177263863858,10.140102106083946,12.513492497436673,12.680268659876965,11.722423202365226,7.676647527061612
TCGA.06.0219,11.89110889566544,10.382676978454834,8.8284088088413,9.808848368662822,10.742949789908907,10.826181649742228,6.238949230055681,5.444928736966294,11.542413562594643,10.207058869717269,13.09228970863756,10.255602936163113,6.629585392971753,7.2953676326407955,10.979958515192122,8.738714139988295,12.064625296842474,11.513729322843552,9.800428520975723,9.821386713836588,9.785574581199558,10.069297769585198,2.5158638074184894,8.955187241101937,10.378065805827804,17.904978672956133,12.264946868890128,11.721434396876399,13.070899605098479,16.375474355515813,13.68963772208466,8.873256765323829,14.53967482405969,8.96275288520338,10.558657475685157,9.588163120892535,13.224927503446311,14.353883082127552,13.455990627833696,8.433090062108462
TCGA.06.0238,7.16489486227647,11.304075249331046,9.626768925663143,9.852335056276239,10.920084539808936,11.187772632975776,11.167659432080482,8.477048682598754,10.763774725643463,10.116439097989744,15.903649224409143,9.658000419598366,7.6316027061969285,7.736759093660434,11.469419698359175,8.731156421643826,11.73016037879083,11.743324902688137,10.314986938485125,10.414049358648828,10.33959505970853,11.054075775594614,3.193850577037359,8.571927424614614,12.325464165303442,17.1640628705138,12.582410473935328,11.74696053866724,12.076620486070254,13.068326861434505,11.11798717753451,9.364337800188748,15.462249785262774,12.204463090902674,9.041736622554584,9.52202710030355,11.579268884209734,12.181899319793283,11.216377681514661,7.531727665783155
TCGA.06.0644,9.090470798833593,9.802242501716869,9.044298482994654,9.859024084451764,11.142024195712251,10.784237722627608,3.4827579504973247,5.580760549340139,10.369463211932933,8.001909742823853,11.904774481802244,11.103574679470851,11.515711417244907,9.602334387719948,10.155324355558392,9.156543754765236,11.32574634863332,10.545167400102644,9.758203723218637,10.636368138766125,10.003717893867925,11.832594049406492,1.4965134808768024,8.237650710267042,8.183380313268412,16.663887469106793,12.324953143728536,14.660077554415444,14.670878306385642,15.972399092125316,12.471802003426962,10.377542528991242,9.233119919253467,4.450129097098594,14.749344255127816,16.14567496975075,14.894968077253573,14.78397295758549,13.630488598123835,9.11968921189158
TCGA.06.0645,13.305446689372834,11.069140719658028,9.719654916304574,10.146948550267403,10.693044498025916,11.42938006344024,7.637645745174389,9.119386526857053,10.955170818367044,9.888291651201376,11.230940235908395,10.596984883210522,7.527509847524922,8.159445527577398,11.820918832132508,9.042811478566213,12.451905370559215,11.670326914175602,9.797988931844216,11.375615308045662,9.624454431524006,11.152274383363498,3.1479253292364464,7.058269949306678,10.298954493984084,18.125064720357773,11.99544664198228,13.412542498319201,14.225923160634483,17.950258448361037,13.6094266742736,9.083693388778904,14.609337470890353,10.835634612733651,9.981502780148713,13.795851084631067,13.747265011617488,13.18852329245753,12.610087640592313,7.970923234175625
TCGA.06.0646,12.374535567949588,11.797788809708454,8.834694152710538,10.788792218967274,9.623359172782687,11.16547754548065,4.4967179879351775,5.773115463885934,10.809106507375239,9.82913729432917,11.519690058075215,9.16862223085561,7.380001234236286,8.470536051664839,11.655803449919446,9.068367172226864,11.340366263971049,11.250231434081583,10.402649599486221,11.55812530365375,10.145165390985332,12.177091250143503,5.004901336353159,7.663175943994581,11.697809518894688,18.02860938883155,12.299022660242445,14.201617268427357,13.66669910392148,16.487800537496348,14.704169621491245,10.535869150909592,14.6915867135114,9.176149457291716,6.862936093119234,11.836877142246022,12.489295833328288,12.552111962707224,11.917678451797967,8.557639456525184
TCGA.06.0649,10.243718938340658,11.77347210110549,10.17346727448897,10.716619887570923,8.974908119329866,10.844103770623875,4.792152569995313,5.779075825453728,10.186357433897879,9.376055043965522,11.618451440725442,10.270477433323817,9.92216305342702,8.489311715986416,11.214642355143358,9.283111741630425,11.118298787766896,10.158826896548886,10.290762703206214,10.66344825241642,8.818103436446945,11.188852821149391,3.157221610000072,6.711377889425112,8.672246408402422,19.539892869366792,12.695456816129214,12.728605189396248,13.821726984019234,13.625839843870455,11.371718227616427,8.557870700541075,13.243132722638,8.28276967443087,10.218872083955947,11.451635562403881,12.490842254631593,13.050814933468748,13.122149121490033,8.679102486242707
TCGA.06.0686,9.04643212536934,12.230922258620188,9.865419957073497,10.087702032988279,11.21948183689567,10.39053700074225,11.412173024638019,9.187812029045226,15.796972368018297,10.03830777151744,16.59372419252989,9.321453956410034,7.383546192079481,8.141642255892565,10.891404832129137,8.785032268018206,11.301703324598963,11.966364816531721,9.821854483701966,11.103470101086213,10.06545948892976,12.017853688671819,4.701948210187075,6.711887189273097,12.685056606442085,17.721105017192993,12.641114133119924,13.18217979553764,12.44198915671931,13.963626085556834,14.188243939173281,10.8701752763547,15.696856910847474,12.607640899031543,7.653833194199822,11.969961613894135,12.025939364783701,12.305045234256502,10.743278907904605,6.55043435999058
TCGA.06.0743,13.502666968481995,12.670968541090541,9.014559496649941,10.387654089604222,10.952706307630224,10.52889115087854,3.5396303246846665,4.168970904303964,10.357085472458671,10.705015784247138,11.74188123826345,11.044611122078374,6.660907230861774,8.011516324653579,11.010551253158791,8.661227631327408,10.924267902190607,11.300028003246236,10.085977612759928,11.570977721455476,8.543221330748798,11.617708231096998,4.474280278294126,6.105646652677728,11.534586772624806,18.26628766864181,13.068051945390605,15.15681157739247,12.840664485861213,14.250419540573452,12.161379513879552,8.779035431108516,15.688153918583144,10.55859692560136,10.457827470790619,9.968796082825602,12.07913276729531,13.306847123317956,13.040730323089106,8.089371557778254
TCGA.06.0744,15.261329543383194,10.951564628939181,9.477521305064146,10.157671442083227,10.770797007806111,10.64262540672887,4.501044181198711,4.967413033236173,10.237291356580029,11.017015277294366,12.57275007580763,11.17599788281096,5.48502745451998,7.396339335123653,10.312745938116976,8.769359179484832,11.97950961803175,10.821193519213159,9.822883235000313,11.637272056827905,8.712913157701632,13.023226862451917,5.824505659966566,6.81812708960094,12.646424964414974,16.810567391145042,12.974975264007151,14.86188049960705,12.386811889318288,13.277829703864398,12.852317888208077,9.514213017671365,15.67532428488493,11.79228257800339,9.76942530277061,10.806911096258943,11.729648611597977,12.504660634970403,12.513749403968461,7.549763109168423
TCGA.06.0745,13.029431351216196,9.81819405149476,9.87755746037448,10.251480161955147,10.234306111652085,10.84857998753519,4.9365437191069725,5.520318521624782,10.782700960196044,9.9405789111648,12.387178663570984,11.175929915408476,6.3790715992969105,8.394550154006327,10.551431518289077,9.276951856045192,11.425533838251251,11.422191995329296,9.621945078044657,10.043922570656965,9.250062687389944,11.257948428235393,3.0977961777698257,8.56746711092416,12.7957120441692,16.98105883206114,12.957587998442548,13.605554671904061,13.305546839765949,11.477332072255853,13.847781008605523,10.033447780437953,15.765832261694507,12.545143310090547,9.206176776943035,11.498853543583552,13.516222067847197,13.0624121464769,11.172221278527433,7.295125144515141
TCGA.06.0747,15.163861406948717,10.292133402892764,9.087777865991274,10.97088219110441,10.785260777244465,10.846984269622084,2.5717496102387725,3.8189732338295572,10.492626634319311,10.26203986213359,11.373545446970667,12.396541875952133,9.347981831211602,8.040202033192235,11.138518458175378,9.800427873815714,10.179204484815283,10.079269563541873,10.045597502628409,11.299377353367017,9.480352581174365,12.03716333963307,4.6440696928419385,4.9283229430934865,10.512930044766797,18.421506578322603,13.434698106485403,15.049383379697696,14.510140393794487,17.45131742294667,11.851224993448128,9.658593710589136,13.648559062100313,8.502274901816186,13.72881867999889,11.305597981045784,13.473834757007467,12.132392471386577,13.319349482231761,7.191412625355734
TCGA.06.0749,9.113648934729111,9.505521398175338,9.444488383468618,10.115973491975502,10.135073847408421,9.994127396928862,6.684946341988297,6.594429116209429,10.028320228258487,9.403876103177263,11.332276884245811,7.87913046024988,7.9768338785871,7.2021992632965075,11.347158701918623,8.759483106782318,10.474284436301192,11.649302934092685,9.755805759110473,10.864611847153357,9.002854949303064,10.913082979601171,2.6295431382900394,8.089582363500881,10.902832498412096,19.96910781815085,12.39610898362796,13.53568336149907,13.426772727726187,13.82500301881618,9.664712154330962,6.9990698381705325,14.841955581483429,9.383132932585358,5.160569311245943,11.725436771833706,11.635698261601412,13.481179444038505,11.852484019708731,7.6653558162898845
TCGA.06.0750,12.33550982990874,10.08782042087801,9.740622864025426,10.049255289281628,10.841058097028146,10.30646880017968,4.738238211080135,6.473978435821328,11.244255063945642,12.55577808120379,11.87981602238981,9.869912573465687,6.811905109561303,6.995839495769163,10.666561864612392,8.831477949976064,11.897255857003822,10.940138407355983,9.730465721630546,10.883761850303802,9.279436007872825,11.187670457936452,3.512555596399994,8.597495419257212,10.825526163206604,18.700603691835084,12.355096647558621,13.964795862344575,13.988235842597259,19.828352026244104,13.396133179355978,8.249895165009157,14.272754200395957,9.09165355926855,10.151071606411875,11.582836293884556,13.825720567051956,13.944118583993726,13.814945977654121,8.298208319537556
TCGA.06.0878,14.240201934944928,8.824926291454856,10.11251678729156,10.985935979443315,11.159753608564136,11.426295893931966,4.697000899034778,5.311688381188733,11.471691978004632,9.906484930880856,11.358029543404093,11.812080173081908,9.51748554597497,9.151317481348856,11.39142845309785,9.61820689803882,11.983116490782013,11.035587484519956,10.396242777709919,10.950057027608377,9.997554222413726,11.403897453621909,3.1666190478679828,7.471732921039555,10.718290722716695,17.406639617280135,13.013119795439202,14.303238943854986,14.329249717248656,18.307962993230642,14.570006685946623,10.028629788093433,13.745789705582919,7.288253346461809,11.826046078193883,13.71916385293261,13.401862284217799,12.49320991891713,13.068461528669381,8.524710949985918
TCGA.06.0882,9.777442236901187,9.21138654842382,10.275543021659875,9.61000181851804,10.788629762034224,11.503445042819765,5.157807715668501,6.007359230822696,11.337015932024359,9.560645989252276,11.117502590853388,9.729667473200971,8.071194715119635,8.476719070893376,11.458920180722354,9.218189285733644,11.393729692234732,11.560826084706926,10.38541798643922,10.975422618296237,9.863609415764104,11.610175903466509,0.5246655092174434,7.806681722016485,10.89876582561785,18.15100584175896,12.415202293823933,13.979307457965868,13.836188195695366,15.972413601103442,11.177199753195865,6.9642761689064345,14.342487008113203,8.444041267500785,5.567782713500854,10.751407565648039,13.90701161348583,12.667285103109023,13.631609742472262,8.163821732609684
TCGA.06.1804,12.018915297262007,11.116314132234335,10.235000360434123,11.141868929133357,12.292269083921589,8.643499439320772,9.238352428738656,8.459396370543777,10.321162248884328,10.675850766954566,11.517090422575688,9.138115873151719,8.375832695491765,8.069369742291247,11.758915159221017,9.753777335404322,11.425342277849841,12.196684923900953,10.883244683613789,11.739609669813117,9.911842703452152,12.407460013389995,2.697929465679332,4.741909165335512,11.101908194826164,16.697359113729984,13.115132888952465,14.021361182134084,12.188022690082175,10.43595647990554,11.968951884471458,9.457426437143965,15.4128692867497,8.913969755594891,4.170365757592712,7.761650954461562,10.249267790303808,11.167811195321155,12.609310555839171,7.572102942685177
TCGA.06.2557,14.51989188966056,10.413800534410063,9.337982642139268,10.650135450437737,10.268660592326562,11.299843637411628,9.714027207649874,9.578747988577211,11.224719405295483,10.35491712135345,11.251509275979119,12.647746037356804,5.4765275051683115,8.260189888709107,11.913032251740649,9.428589854922361,11.291262117005024,11.18718013973459,10.564493923277304,11.22871980238427,10.313140054202966,11.606182174608216,4.9063182130455845,7.4265113338276345,11.163342803402626,18.202304326903892,12.526243174722362,13.984802580401512,12.655103553318959,11.817156632322574,10.014362546608098,10.0783870113598,16.14351257518685,10.64115880554917,13.241854614851242,7.964024855532208,11.234202268911394,12.076915981088272,10.69166579995086,7.880037734162857
TCGA.06.2558,10.690006791743519,12.45842991457274,9.83626563834212,10.861552991838577,10.559459213771781,10.736875930137357,10.499317433141009,8.970134945593609,10.60039632428352,10.216617222255746,15.329755113769927,9.55170826162069,6.921330400423676,8.706225584525567,12.074349286873744,9.108564182616405,11.76708720304688,10.798312212868725,10.4275932885258,10.795035214941018,10.36432816895113,11.717103000619113,3.013605182266584,7.815367283571064,11.893889449606053,17.112762968123423,12.709835537433076,13.220139350200084,11.885825386598675,13.148523929762797,13.151569957515502,9.944490259825255,15.291968422653927,12.150046930162896,7.184374526785235,10.27600095648965,11.443642132071854,11.941164352776974,10.967237212323194,7.228769638030594
TCGA.06.2559,11.227709071848029,16.854984124805803,10.388532902838831,11.40399137052921,11.214732257758756,10.54617428276062,11.389110735165435,10.799052650402428,10.835132910285202,10.687356873161184,15.638090191999913,11.475378589717403,7.528690861329805,9.22167725668192,12.470991829782681,9.185734754648799,11.858364509809393,11.177961007637949,10.732099317993587,11.180246094061323,10.518060220913044,11.521681012482485,4.7405444453257815,5.638592303069075,12.05848318391731,16.65204193680367,12.298564043396382,14.100634113872227,13.529904769515607,14.299057565215847,14.882580531858977,10.793945695363886,14.963534302747833,9.882393612724883,12.942314581458193,12.514590019436428,12.094064024222343,12.699713657853223,12.051724092302425,7.553078603415009
TCGA.06.2561,10.760346295116058,9.329941609288216,9.862953755007076,11.18581334742806,9.905948328326913,11.356091581588478,4.594667973004823,6.800717448921352,11.873029739604755,9.705401192075369,11.480772432314092,10.660466786845397,7.790153626079505,8.625220070160099,12.555195011154007,9.449337483654519,10.934100909116067,10.76785223507373,10.904724702630647,10.441241936756361,10.149380430251037,11.17037915346938,0.7020368959126836,7.5768433225093474,11.629789500261449,18.99164735316944,12.639772208926045,13.588047328502357,13.962065448692046,16.452570142361903,11.55125808207194,8.877619112809327,12.279052633027904,7.395639522252991,9.306462990003102,11.715185582280137,13.448151752724364,12.911000268433137,12.992647927397114,9.11306336680346
TCGA.06.2562,8.777796779092712,9.587141803033632,10.07889385119957,9.70915758288377,11.154783116945396,11.140544334267638,4.820960104324188,10.937111374435032,11.157896873810136,10.075903873075097,11.138539640381087,11.402093798061465,9.720689227300188,8.321032444317286,10.541506998873798,9.237746299766897,10.997136637058317,11.002500288151465,10.269961306826582,10.735878626912779,9.914566915227768,11.616445232500634,3.654366795797098,7.866479011720487,10.689685295393012,16.723493328553182,12.303022591952717,15.01923645667003,14.423485619048556,17.579155585019713,14.356134949651894,8.73449489329484,12.220546259474999,7.467150662651879,12.309401062294853,14.092318535257162,13.89057249854096,12.554845329313203,13.344787616656737,8.51187913107615
TCGA.06.2563,15.011363113293939,6.711523815325965,10.7998343867934,10.855652927453054,11.197574618949634,11.200181614617648,2.7302486635246748,4.825103798051363,11.151322492296014,10.487144941499396,11.759541487075841,11.493521199512234,4.311139780275856,8.361924479204458,10.598051104004433,9.429585628792767,12.157139643598448,10.79754075587703,10.524606747480965,11.17977973914373,9.134816205925954,11.959653129968107,4.776246144449166,5.026552213140702,11.240421132044425,16.11296666165673,12.754814530673043,14.647178736644454,12.219576822835847,14.416603233526105,11.944184586760812,9.423648967856739,14.3176013544906,8.14815012754845,11.820303118216724,10.012222818764585,12.644500727580855,12.471022857006346,11.093601636570241,8.213839114121694
TCGA.06.2564,14.159646276453586,10.079211019136677,9.834556692646132,11.246568711622585,11.14088184230707,11.383137955921889,5.158090578034017,6.309490905774433,11.579795436121238,10.148593137060463,10.977881493493928,12.615252661803169,8.326223629966186,8.891723564361072,12.255301882691855,9.688319032241916,12.139443402029102,11.42362239317596,10.649589773402631,10.975876835945444,10.269487307832932,12.226565666664422,7.950361677831002,6.879213186101677,10.86419767688078,17.929828778878196,12.916440535556307,14.364741030040582,13.765374497868914,15.357771783758261,12.938665616136799,9.678491690832507,14.082401191497317,9.101694193249362,8.952402297781065,11.221166213402652,11.944699654251963,12.337112966781916,12.149387575675679,8.776676476973424
TCGA.06.2565,15.769876069170751,11.585334256746732,10.102158785768353,11.429931519229358,11.14337020288834,11.298023606405485,3.1006749526771906,4.653054283011131,11.390947607851404,10.787847070053518,11.261761154183219,12.896133508709285,5.054766010120711,8.877477093543641,11.385455250883615,9.420905517800762,10.659100929974406,10.56869937555618,10.998885425783472,11.915093075016854,9.040112695730986,12.51966047773026,4.231301834951443,5.292432074128043,11.957198302685388,16.082810448659394,12.85002135978783,14.744491177755659,12.330044164543255,14.57389892125759,13.134562192206696,9.433379714652173,15.540849795955209,10.042920342425212,13.072969399299389,8.532932498421816,12.01273022322947,12.51106936105748,12.260364512551208,8.145871533528787
TCGA.06.2567,12.159846209200571,10.856686108418637,9.92878364686766,10.944993911673457,11.340050697193035,10.346935620990553,9.617538725873628,8.698127125949592,10.62835768161743,9.853231725755666,11.799965444229166,7.785732969464814,8.826585984163717,8.217226353225037,11.147242582099096,9.858525634058166,11.363745523662255,11.823842685764221,9.943804143834752,11.49297180310084,9.996979014274931,12.648407378848233,4.057562910642705,5.811971879360032,9.347959913757673,18.170897695717287,13.228868282285557,13.298505621342748,13.625971574539603,13.814827346810956,12.086759355929424,10.42170867518919,15.6603415840048,8.337738739950822,4.7005562388042,9.386033400546888,11.538621433177829,12.502495301695792,12.211206989443513,8.245788461865066
TCGA.06.2569,10.683306958276503,11.836361234969441,10.18828432703437,9.571475831829606,11.249678980262487,9.442365472918876,8.104285808112232,4.5908894041163855,10.208567127631449,11.274354972090153,13.367164046184838,10.915398026828443,7.1313939895268215,8.654979298987659,9.792581600770333,6.575422767670539,10.81351987945124,11.303742854107165,10.417658033235934,11.457655539599065,9.86592716345769,10.858589659146944,0.5300707422250839,8.932284448550886,3.826528149596328,12.831644420506645,6.376705390227252,13.046235436841807,9.791813582884993,8.78106458662729,10.3504029870449,10.68292595750437,8.70641693099478,2.8293827897450274,14.547197661595254,8.229804195431303,11.83938206646843,13.525391423204674,9.844608640073641,7.396806829958387
TCGA.06.2570,9.503185524239935,12.675739576132404,10.214457311737394,11.12753926523132,11.143425626814754,10.889349038393433,11.062184394993478,9.422807163490498,10.733442133528893,10.966320074231668,15.099540821243885,9.26318655705293,4.865829756554043,8.311443171464653,12.497030084915089,8.973687322645045,10.811942186441666,11.867754989876099,9.879350286095722,11.481310396236541,10.529523867532875,11.998012248705857,-1.0,6.630864104301927,13.495451535387003,18.000326278855887,13.129645030011336,12.307931308783042,11.83762876094701,10.366576630755139,13.293414370983667,10.747369355780934,16.029830189020174,12.507297538198111,4.5137244382033375,10.09010725771867,10.625799510859371,11.28466906722943,10.103545372061143,7.3929819399295065
TCGA.06.5408,13.356645307013842,13.882412308594107,9.95579634889756,10.841269331639978,10.697085370485981,10.681647615219381,3.0791903479933125,4.379918951487904,10.875934379205837,9.268504806709785,11.965167869740098,12.1409760774216,8.2993106063871,8.850754738184346,11.962934601972862,9.677035123934703,12.235723769452006,10.998122923632975,10.321694990638859,10.933767803145722,10.284877065531216,12.355969037748967,4.251968986638594,7.688971301592088,12.103668957435287,17.598627795342995,13.505054821194012,14.51423131028873,13.940312862949833,18.188781445232955,13.816484181595168,10.11999624133412,14.261801981155083,8.971200082674658,12.187625583984305,10.601469034916757,12.5256355888309,11.553268719081945,12.775130029458516,8.161428707427024
TCGA.06.5410,8.246581952686396,9.269980586033908,10.279783392336512,9.838188346810707,10.117920186499525,11.925759777507942,3.938285791884053,6.424589585257763,11.26007171595724,8.55793960715238,11.270860553600084,9.003974049257277,10.01115707610875,8.615503476092144,11.124881951926517,9.407477672787897,12.64486768279831,11.204883001646621,9.81789677449155,10.535780231540656,9.656323674426488,9.899723970358256,1.0243906064116162,7.5401691194409475,9.889648605921494,18.23809579536797,11.51526479620094,12.788807978436793,14.571681194205599,17.788725506262693,11.326502406547489,8.046420665540511,13.160293821246258,4.616757605943627,9.416142625507034,13.691230569094785,15.949472911244655,13.540998685469024,13.594047423077617,8.645289876715553
TCGA.06.5411,8.200751999181122,10.764690662116754,9.848264099739895,10.114047860009835,9.491157429397186,10.53296307373827,4.789932653907724,8.8206815838528,10.728066928310172,12.371461530774067,11.517393419251455,9.937671892422243,7.110207664133958,8.184953176932856,11.41091540913462,9.167632903230192,11.637967052430605,11.126554130508792,10.021860561068799,10.705968832989072,9.780397705457263,10.26903946010294,1.486456955768731,7.535919973398932,11.368837523122881,17.285660485335665,11.536302250782544,11.771066461797997,11.420397921987881,13.6078372256381,10.723360003183636,8.686858355214584,13.629487756829178,10.237475167553514,8.762221564223333,11.47835014571874,12.53651622651469,12.285197562448232,11.206024416342881,7.026072996842215
TCGA.06.5412,8.543159839255694,8.347652370123871,10.265643876657808,9.159309282456665,10.327045983916515,11.242181849084643,5.127063682413392,5.712438957245518,10.704099552157121,8.482528464200987,11.606718425822825,10.073259918260383,10.034420291394117,8.636466205381032,11.004981648839946,9.1923561930146,11.136794041340998,10.815624898980264,10.019028968649847,10.044590700487898,9.800676685438422,9.853696769574663,0.641453545671941,7.288200735718225,9.804956542282861,17.380221118788775,11.669793781939214,13.901336145133618,13.577569892259957,17.99123914962099,12.375931442855025,8.42362985094211,12.026776237806864,5.127063682413392,14.161428298012618,12.526841752963424,15.77748705002172,13.481375893107767,11.783682630727323,8.666881899274813
TCGA.06.5413,14.637481962766776,11.135209449965618,10.081822801006286,10.311704045949218,10.753840584067966,11.509925549318679,4.271627364387132,5.102926827186257,10.692423972304578,8.706376522392203,12.143838974948318,10.765192513229241,5.989347946809007,8.712860209036073,11.583634535150708,9.217991856989649,12.850157334777593,12.038089063839585,10.278215030270665,9.909082277314148,10.385088766380209,11.055261689831235,2.242846364036158,8.479934224108009,11.976611770943622,18.032045805516002,12.45803699705145,13.02422159440911,12.66779570615817,14.973926956969047,11.060672764628931,9.64323082629314,14.8123729597677,11.115837369370228,12.741686470867498,10.219664301169704,12.840845179620585,11.667176444146655,13.089127113018352,8.176448943092971
TCGA.06.5414,15.526225269177441,9.79317409446255,10.16590365044803,10.903406340634914,10.821018481524103,11.026539833544806,4.213059491756058,5.224086592878515,10.668016447325213,9.539020740137175,11.347313032909119,11.045943978808893,5.340409161477972,9.029744399115454,11.887319597405705,9.374816491665756,11.939550749455048,11.2188025354154,10.265824462319515,11.267139910858829,9.286941890105048,11.312575555905287,2.7606467714521536,7.254713078602618,10.944193812811934,17.526457492837253,12.692520982459541,14.209842263608131,14.930934969366085,17.065246214173534,11.95944187374006,9.134160860448828,13.411270492313331,8.817831077599346,8.285377711334487,12.079380478004927,12.732822638676735,13.150554171136825,12.596817257239564,8.187819697856732
TCGA.06.5415,15.327379731350085,11.011641341733586,10.125702368037956,10.941652296105309,10.825978843966631,10.955817413149424,3.827676780065907,4.561717157082982,11.074547782476596,9.993009407321045,12.033519636842803,11.110559259740475,6.132056506763803,8.481882157261301,12.523156312570643,8.792537841244384,11.80521840174003,10.965321393841311,10.242121813305118,10.587268030349843,9.623931590340138,11.972024096842675,4.434207866806273,7.94212621564545,12.074571463647152,18.740244887695876,13.039950294969683,14.580691611378795,13.222558529010113,12.96628609295177,10.816877736429879,9.371995481855361,15.250560878209578,11.001920647173124,9.434618637435502,9.713457144257768,11.727821393475104,12.27362463321822,13.124261502398609,7.747028158239863
TCGA.06.5416,8.056870694936025,12.985781752315821,10.869547037784058,10.380825643145004,7.948151687358367,10.341625673233182,9.099418299523611,10.095818692310294,10.507989034221634,9.62666235020231,12.130728562078078,11.72830536290606,6.5708332723668095,9.029192516797528,10.789874390488185,8.380837220695282,11.42420828806239,10.917544014012448,8.595997011141353,10.44310983148514,9.293367265213604,11.700170965148777,-1.0,8.22441319371822,12.566181481706408,17.144023060720908,12.790630450501688,13.573014023525015,12.964396718794115,12.228879462744471,12.221025490642326,11.36312507207959,14.941227344965828,9.681328028296548,8.188040838948044,10.19078768093146,12.934931237432206,13.526341878985658,10.663773691855583,7.039466341588607
TCGA.06.5417,11.551904516311028,13.378835155662555,10.551227603598289,11.479508369197095,9.933099294329377,10.691020944034513,6.112748082799244,7.1469138121293705,10.707579747461862,9.83099887635408,12.317825746536508,10.580290983013741,11.555567902135097,9.14795254085025,13.177991830541329,9.573553276728177,11.636491446032716,11.2421354526053,10.956478674261325,9.93591287618262,10.23902002263476,11.437440408211696,-1.0,4.766467953031591,11.531587955835175,17.396384657742523,13.246735492649806,13.766884082979166,11.16389687515923,11.1026143717147,11.946564525742199,9.869770410289341,16.541865040643724,10.684343802653292,6.612178491923722,9.476406194055514,9.863872959153603,10.22758381631957,9.021213195086963,5.647265574527892
TCGA.06.5418,10.50150094803075,10.021859450912695,9.889368281335395,10.644784625898971,10.911837761173171,11.07007061702782,4.347063226617675,5.076871166456261,11.188311715327059,9.911097126577225,11.526713524566444,11.477092510423772,9.601204368366295,8.425977864723146,11.71440540750609,9.064739801227987,11.777562605279032,10.69833760957271,9.991367648031519,11.175057528319382,9.701783988629764,10.9288325657968,4.4489273738892585,7.562926206467839,10.32576135564316,18.260681718685777,12.145334857229894,14.282614731773926,14.824240226357054,17.5580380468291,15.163513265235057,8.734096852710246,14.948913162980173,9.105604227549197,9.320175734544481,14.219196228836674,13.025768302528787,13.056181280546824,12.81887498050926,7.76406212785406
TCGA.06.5856,14.305447295027154,13.3390801932055,9.654251318226173,10.339081585435785,11.0017850052746,10.744431491437288,10.483341886957597,9.56538944601774,16.42218120330188,9.42596339288382,17.311806585448593,11.527049950089587,7.840069145540197,9.228267475701532,11.743006149328071,9.419893412167538,11.534794365689946,11.22010590712499,10.3032572196976,10.569033417575803,10.045821899296449,11.304345274767437,3.901137212503593,7.6422365771661696,11.344155349278934,17.728106908030355,12.859616353029477,14.315039494524632,12.862323351263491,16.025577383896614,12.89542019379464,10.1062904710821,14.523301577316658,8.569086598818025,12.264388380851466,10.812813940768152,12.572216420999984,12.19143517333529,14.105676825809148,8.20025421262347
TCGA.06.5858,10.90913794575715,11.397563726183012,9.849499244479219,10.991881270451941,10.890917218589388,9.843070096956717,10.420592192554226,9.528300944487972,10.403216479676361,9.244836409822721,11.569063047366889,9.870725040075763,7.988221132325824,8.328114343746861,11.88830082306982,9.857318260358156,11.696772836177097,11.293774697921389,11.60285889787454,10.959555873355866,9.797984394051145,11.746229700894084,-1.0,6.318447003436711,9.279109090637466,17.60032598774491,12.574237421525524,14.70446092080104,14.151733814259169,13.427551178203263,13.890714640358645,11.834580709601633,14.887331731651676,7.432860051592312,8.046586551326921,11.915110147148566,11.951759050487,12.205882483616879,13.056191324982136,8.208726961295312
TCGA.06.5859,12.677718848951208,11.270237909571401,10.020896762846371,11.190573565337015,10.40020007857798,10.823525832240856,5.103157697683253,6.823465327235493,11.545566154466446,8.627076745838478,12.50342956346305,11.019310987966007,8.365706970373889,9.72899816024584,12.536706861847618,8.953187234511201,10.958571927071228,11.83534173729283,10.458482283529218,10.378628447343779,9.971157250814866,10.84535792852814,2.023432794652275,7.474773476312134,10.771506719012097,19.12478319483176,12.80420490899946,12.565738223737439,13.172066821055566,13.300044796418232,9.620457199888968,10.022134049750111,14.032576150541914,9.37723764846152,3.8395766986154802,8.28142331446893,11.4950024959549,12.15038682433852,13.6406438142772,7.400606237390891
TCGA.08.0386,13.172007234376512,11.03143551840761,8.680616214236569,10.803618240786806,11.373245104706223,8.687027434844058,11.07632553184338,9.975863154190446,9.90750451204547,9.760988671161769,11.335993324330904,10.288849236859257,9.02735894008856,8.304717739063785,11.612432674920976,9.3283962336553,11.75006834976673,12.197458699036318,10.527253449203867,11.204471802717112,10.31960608057799,12.79257889633997,4.653725017333869,5.211421106855802,10.514692950994482,17.958119712243462,13.142529478482997,13.599359257472436,13.333742472014185,14.465473586997302,13.758593003703924,10.32115255059753,15.862323310092783,8.321298581853258,8.945498265630592,12.000478553016649,11.616216985754448,11.962995783475181,12.161508792949629,7.683976405412
TCGA.12.0616,10.62770221947123,12.389370334646545,9.991415836690766,9.967159959638417,10.771232022856863,11.153039207516438,12.503417711580076,9.535552806254719,16.708438776848578,10.43780355907936,18.808065692322575,11.134644119926085,14.754727600863786,7.848373811490354,11.071196391422927,8.472482491319203,12.096131601387036,11.786703106267044,10.124584425333493,10.753612892613303,10.526792443220264,11.604887039541206,4.383047587205783,7.063116762615752,12.191867156646088,18.446423589936167,12.934516427870872,13.694714065726158,13.60402526779018,13.459470682560438,10.792785008204703,10.231296914211775,14.814155091319758,9.411609070992684,8.803625182374159,10.665910304603338,12.476604180074046,12.314460323912623,12.1069955532314,6.8247513083805265
TCGA.12.0618,12.039641253093755,9.14869417756621,9.50528994621653,10.80667205657073,9.93327637383226,10.188147439602288,10.976868668177614,10.218427254412186,10.350156644219114,10.26107237834146,15.819697959787883,9.98898412851339,8.617945651840598,10.32916699761174,12.326762313530285,9.015106129245657,10.615484808494948,10.718957573795443,10.43692293455888,11.24031194392327,10.423369751704797,12.660482697574958,4.657908627848418,6.5782005767286105,11.702342923727455,17.185569801949935,13.602381483589744,12.832241901588118,12.652495883698842,10.640194133660405,14.850659040766136,10.255983950332654,15.052318066439218,11.019256840640844,6.6017291965998,11.568257840829894,10.311885199952165,10.526853756220452,9.476147943610714,5.911727528975349
TCGA.12.0619,14.696163216860842,9.603078647404908,9.207051668652001,10.009262902844437,10.713797697459523,10.545736753493381,11.234262215949922,10.470301663690957,10.682516150913528,10.037705627963641,10.944275892780455,9.662400459706385,10.066825692045505,9.437041471456231,11.725093926700485,9.892992630589802,11.250554538686588,10.707123207992437,10.692091328984949,11.189049457950688,10.545736753493381,11.826389194160338,3.516506891043268,5.662763780696272,9.653442716317434,18.9501840355892,12.435774344764518,14.112316206148941,13.671381353034354,16.179171432447298,13.384769506511791,10.418848874759787,12.572196971592792,8.658414302846762,13.617439857761005,12.781768630921556,13.815876445895254,12.737757182662248,12.502483168643183,8.410312693473335
TCGA.12.0821,10.17052737617583,9.556354879900779,8.793726847452618,10.76099557151336,11.870032329673837,11.254484446047176,3.2462256485198715,5.689131395544612,10.825227530770904,12.365476158922107,11.963061298651349,10.863829761156596,5.920836352663495,8.946797227731428,12.7522997279096,9.241060053796856,10.86309705619033,11.429489492714094,10.463737900856495,10.566329513329784,10.22115231397714,10.65535218642378,3.8770374506986984,7.524032323405924,10.539982792864855,18.975440679860757,12.902659197187754,13.367605054852836,13.058151530278106,13.979373085160134,13.648915978934703,9.662552492458682,15.20886411945086,9.87370555807481,9.675130156459256,10.475770308373928,12.144356258470015,11.902307689153199,11.596826060532822,8.33605705625481
TCGA.12.1597,12.697560821196276,13.47080335237844,9.507831499793433,10.0617618893501,10.286142566082008,10.222251526269106,10.590663954176788,9.319150714867341,11.099264889221384,13.510751758116221,17.574313554513065,8.80113051860882,6.4548519980365215,7.472867078906262,12.112159150994257,8.619607420904613,11.174204654035295,11.761172309029437,9.996417135667752,10.797178952817966,9.488950160292402,11.170400561574796,3.3170000977794323,8.59711323269375,11.42645315250128,17.93266744510045,12.7707319382905,12.747373048498643,12.376561225764515,11.309490792088022,13.420485139075984,9.47668039529634,16.12958263689097,11.662614662829998,8.38298406103812,10.926098259356637,10.90234119492488,12.83168028109994,10.435194457701305,6.1460401210732725
TCGA.12.3650,14.496903141424417,11.344687324564035,9.130394236936409,9.86948820109371,10.689285967225132,10.837725134431597,5.082804759582117,5.64839353657823,10.8104725866315,9.581032948349922,12.512273708541827,10.92353607423604,5.378369427552441,8.153534805395825,11.753090779518113,8.816479711605064,12.678067986654598,11.810615653940546,9.895658282290464,11.07263735860936,9.501469200992478,11.899946570098686,4.139412192123182,6.8157995517513426,12.558668045383968,16.611079783730005,12.479124461627164,14.057497445685668,11.24589860261746,11.999835926376095,11.994094258875014,9.982466153302854,15.745651663555165,11.956050370528507,10.615623384356537,10.809096375698516,12.11262918199374,13.689277765031546,10.563522820222202,6.292984153975929
TCGA.12.3652,13.401036475547514,10.999723832721415,9.562784478013661,9.744542074211768,10.299368423418283,9.74562256418342,2.920178947327143,3.0377511954720493,10.961037664374718,9.446671441298658,12.25218997427092,10.362705920510571,3.6679829292987995,8.306952102150664,11.426489109886232,8.378347750147341,11.506745431365,11.34400273359477,9.447999397968031,10.115189083142777,8.57350594035598,9.82953723379832,3.806952972450633,8.794236168141728,11.785478215743963,15.909696846277555,12.615677197306509,13.395045509808446,12.465245384754102,15.493789422171087,14.2400065564517,8.07564065811267,15.050620758782035,9.360435171603225,11.943777043975956,11.685994663591131,14.031252155622882,14.185265299690332,9.967431911093131,7.437787021109642
TCGA.12.3653,17.16994391262238,6.60030692669436,10.071351072308484,10.525551639765494,9.942252333273993,10.597539088615354,4.378830645535647,3.413093059642935,11.299045877833663,9.890284647913695,11.957834777917581,12.423539015876802,1.7658317412406188,8.563425101926567,11.63068271607103,9.29408331381679,12.215569400338776,11.585439704006498,10.292674900270182,11.022050662703496,9.393875850705824,11.418519817911932,2.9544941263637576,7.573591902057146,11.808916808067048,16.858197233787347,12.935079760080118,14.586978270189835,10.290170483266392,12.537027153101464,10.471313784174374,10.212942439122415,15.472893323297503,6.204404857949842,9.229323305050668,9.084601134956767,12.991921755877513,11.757870869240097,10.697943709240418,8.31014150004371
TCGA.12.5295,12.920194730946655,8.898265198024362,10.144478149604737,9.515675004795018,10.618657587973736,10.730595635155309,5.002333474450687,5.869190356547875,10.884959892401376,7.424430023803665,12.620085334213556,10.869650208258081,3.1490804810391335,8.922935185443148,10.43020779546365,9.22723325961738,12.348252285111663,11.81429113385472,9.433420194597888,9.402182395257334,8.903667383268614,9.692243927185604,1.6209147914598871,6.9406824100450475,12.355538386831466,17.262047709011405,12.544505550928324,13.97543511298538,13.449565939770169,16.60040276375109,8.647512751355087,8.249956773803856,15.832177965068254,7.681343842398479,7.5337470994814915,11.635172223132283,12.86139360121838,13.130205113142784,13.255280222595392,7.424430023803665
TCGA.12.5299,15.604272770443261,11.34332703488795,9.942876306651918,10.440580184497794,11.029213088485632,11.433197436495103,5.853344491595709,5.300936384727056,10.658960132902525,8.426079792696857,12.014647083356778,12.07023128965192,10.055013939072555,8.480649256333177,12.00401992198395,8.938587204137093,12.494880504008409,11.373747325794325,9.87877928216256,10.642069026831845,9.727589345278856,12.367085056122509,2.2561652772630563,7.092901931617732,11.398187987037067,18.36144607638637,12.930268219117426,13.998167572108267,14.362800448399861,16.610394137641762,13.847325359365692,8.858428969439023,14.486826664463914,10.210483355070552,8.553079755706634,12.904665608799274,13.206364289685244,13.673901128251856,14.353721817343645,7.904443152719903
TCGA.14.0781,8.37144691001184,9.768155205867561,10.364461577758162,9.394003016903284,10.917050458401285,10.651795456346443,3.6886951152446597,5.58782701144939,11.298120091028967,9.351932818615182,11.292427875211404,10.348640638403609,9.878059651662467,8.165229611915462,10.662426363374365,9.032194535936412,11.109325165506492,10.899932979511503,10.359025725572604,10.361746211845347,9.785457372495955,11.226196193852415,2.5737622955763233,7.443150764729322,9.54526066665659,19.550850168060947,12.052364707491247,14.482207294768715,15.296323639845374,18.796545762191755,13.867228982091442,8.550047582138776,12.044597393883846,6.117158918699673,11.791316349927326,14.316919818443646,15.23159528996913,14.004945670241113,13.5381153643721,8.157734970666704
TCGA.14.0787,13.228283005550143,10.531791010795866,9.452838995765829,10.43956475542733,11.702547468942633,10.195357934187166,3.761540595022473,4.811275780809814,10.80987252943747,10.643783512181457,11.951498589582418,12.154360930087497,5.530395411983694,8.040013486300557,11.241625648221667,9.038642217632221,12.286809431608566,11.38161557077515,9.793265963677204,10.608677956627032,9.770671160051496,12.104593282843918,2.813770932015825,5.7210882487980985,12.17895410788048,18.065487800081254,13.280963590136798,14.032260263638326,14.30398868415633,16.033336725914797,12.355145084688091,9.349102277084903,14.023422493542135,8.950394049516188,8.094654120538207,11.724061149321104,13.54687565458239,12.314821011636647,12.319129907780855,8.236784858896394
TCGA.14.0789,13.97444026875997,12.131791478512262,10.442455985703472,9.463774064600212,10.732225522442045,11.110804177533396,5.19012492438581,6.048715725308547,10.661964567413104,9.30714478548319,11.041152134558676,11.865009151588934,9.494422211000236,9.025224293894382,11.323817745352457,9.10683195672279,11.668197236161024,10.689818933383634,10.542393683040114,11.732281411879566,9.064904402198286,11.1494323846207,2.473449247700189,5.562141661048669,9.884996359189818,18.015109275465843,12.394787585961051,13.922347706240473,15.044988830962136,19.065461531384067,14.57285907523262,7.980442940224016,13.07635893852117,6.843480169166636,13.973611679082016,13.492456710361154,15.455870097212246,12.899198444365895,12.948570096311212,8.37842708786453
TCGA.14.0790,14.64129359926911,11.862521673882368,8.219705316155313,10.585278243558598,11.07559894569642,11.3900488161974,3.1195387851078755,5.055911443564823,10.731453704564364,10.053404625667648,12.105911290534866,11.322440611422703,2.7319000655139734,7.6376015524719465,11.76587089127761,9.317509167082825,11.933854903365777,11.61266488419793,10.532400832247852,10.726812488571795,9.08342480971498,11.6511412736587,3.676572075453325,4.686836649976077,11.279112341599637,17.25315932775369,12.851676104624238,13.996640531213892,12.013899636056967,9.965520824492975,10.49672258102257,9.326740015156467,15.8942392172505,11.159790624308599,12.027644795375453,8.134662984941254,11.51139257737163,12.602450663010629,11.62144321433086,7.9949615036651345
TCGA.14.0817,12.520320314316859,12.00270575474008,9.781156902251103,9.652909131180913,9.057689618397871,11.504093833784372,6.555366776358007,5.036393435049856,10.018100146634211,10.065434311307774,12.567200387181385,10.495303720140834,5.987186687231673,7.870939217053514,11.76675825569047,8.708600075273633,12.067980612529276,11.678427780000437,9.459666242430385,10.179155707031327,9.110437633537826,10.571996800399742,2.3322209866435344,9.100040979155157,11.410137125655295,17.13474831657676,12.560716291717673,12.726424797397078,13.08305820834758,16.394276591292716,11.455406391674114,8.752882700694713,14.085700737817408,9.783015075744542,12.606816608995643,10.477628863238285,13.09843521777239,14.34814003795551,13.56768001953226,8.666945436257404
TCGA.14.1034,10.36295275921535,9.211573446131629,10.258075198547173,8.820135234048815,10.676694241616868,9.636685154467589,11.0409978104777,11.211527514856954,10.226442660066853,7.709722111282646,11.416566224047921,7.896725950134441,9.678729526934204,9.157078584288891,11.741242264091257,9.643233893346027,11.405052302678904,11.74200511577129,10.182158188984024,11.20932255453602,9.927915559595684,11.489549809444368,1.208392399790676,5.776714634824004,10.17238137667135,18.67245021232069,13.219539252711572,13.855245687866038,14.462465258968328,16.447065257000308,12.139468823533434,9.916247025071526,14.552734765298414,4.725435791905312,12.900639576936,11.642557134470788,12.53635473375139,12.487454367777437,13.116431072693164,8.516788937777727
TCGA.14.1823,12.36640347284849,7.292037207466924,9.935893875933331,10.243236951214023,10.306991961925142,11.816744367152719,5.30413863824829,4.375393977884365,12.717126569242438,9.950187266523795,12.464268160539552,14.110395349065378,8.305282013218823,7.422424764097681,11.225869333860688,9.324541062795664,11.81404165430832,11.611039510138918,10.700800346824607,9.199419114912443,9.487195499479888,9.044071116244762,0.32215890762937754,7.447442821701925,7.611384872665521,18.34684090639165,12.93054361022746,11.412533540816543,14.938665345092582,18.611502617389892,12.218696874536965,7.831667001701602,12.709552224567506,6.294979080862395,7.681598249900195,10.79822471538061,14.28335860145862,13.462671250243803,14.313544903451277,8.736762137277694
TCGA.14.1825,10.579818813021662,13.066173855465742,8.632344929350417,10.35151360445761,10.108758222387813,10.632501343889178,3.3968992835209604,4.106214296090968,10.632501343889178,10.093382173356988,12.37582175632183,10.508806648851923,5.564460483981075,8.928139627350824,11.98275216681233,9.517554243484538,11.421525705313021,11.629230970807088,10.458257414243738,10.729471538400142,9.864090322992537,11.641365346735723,3.1475020844259287,7.591018858199401,12.761824641291298,18.235538782066815,13.418907389902307,13.581832517205275,12.04402110168301,11.639854153394541,12.73800857158951,10.41473649548959,16.17224492944244,10.207958963890714,6.335704765418455,10.32918325875205,11.598440765569682,12.015752408432796,9.767749961862675,6.504636281027964
TCGA.14.1829,12.588172117726785,12.978145942496935,10.420542298411174,9.724552222158685,9.733234337022331,12.05374180062972,5.491891567684482,5.582534928433411,11.303959476064206,10.088728886956282,12.50226090190497,9.680340357785012,7.001884416275274,7.630827710197834,11.36708161514336,9.159165201859528,12.147428436303532,10.586478318495471,9.81729739929386,8.535664190810163,8.607581098935254,8.566529021558337,1.7731946051456182,8.555381732337853,10.64811603396582,17.111911246608624,12.37310858954595,10.792775411857196,13.995065582900846,15.610275729192292,12.512924589696437,7.762679018933985,13.079907046997318,8.585831988400521,12.721002756534181,10.470355561043343,12.652854023420742,14.36225231413416,14.962645955981145,8.169593844889029
TCGA.14.2554,14.986102490483871,8.122128085615863,10.227216168853586,10.648906600522693,10.42536110980523,11.755147714832056,4.703460663821402,5.288092739233414,11.081701390414159,9.136218563734314,12.27906610177913,10.46477954396148,8.486814512024353,8.016461776456925,11.788762575203684,9.1534225760027,11.712256061288938,11.31637346526568,10.829476980385104,9.864983740687022,9.316131031001976,11.292445073436323,-0.025911272354139817,7.802568062113565,10.511751270360513,19.035206262387323,13.027905081066276,13.448988229511366,14.27871228036401,16.97264814902767,11.901605358750395,7.471290715410417,13.920610412670058,8.620074998787052,6.147620117098522,10.853736997709223,13.587039962081514,12.447434607805228,13.7923407137449,7.7774243184552905
TCGA.15.0742,13.413270913023267,11.135371784230133,9.602405842919143,10.418823581572719,11.03904528814904,9.723211770608563,3.239917342750373,4.071745510598613,10.839680381478606,10.586222523897526,11.994344137103498,11.055906767684796,5.596777152668284,7.774267200476058,12.269057465539078,8.995767150877802,12.54249099834497,11.589441701798624,9.91709724003522,10.972583098061557,9.942012847018999,12.574338336953,5.801241448268459,7.897208351880536,12.929350886124322,17.960524621380376,13.164687819579463,14.862972476953093,13.109998137534234,16.640767805700886,13.540902310457623,10.137361988219054,15.896657919721875,10.959296562791812,5.801241448268459,11.719197390163522,12.803084889802467,11.879532861613066,12.913494722072858,7.192682412829016
TCGA.15.1444,11.514064103314276,11.780853451873991,10.28529667168635,11.529814408326127,10.420946664969753,10.851537071459765,7.595292545879759,8.098277425561202,10.435104217621435,9.598375069324193,11.924417378151905,12.281732816185052,4.896877285486238,8.96267250039668,12.604154139446862,9.666361607152208,10.602098560449521,11.466894062847391,9.701144073810445,10.527417772243137,10.060828307743433,11.465285337581497,-0.07293793444605957,6.268866643254803,12.352438539875346,19.135452033649752,13.068283425295046,14.246330834210292,13.085589254326987,9.522612522875242,9.929648105614397,9.074224167759896,16.043376097135067,11.55639411213816,6.727279265529745,12.165679968882538,9.196725306644057,11.113685069091245,10.283732906128773,7.3017531592957505
TCGA.16.0846,8.184953672677516,14.327087419217234,9.656073889937066,10.6815316655307,10.26075608951436,10.646371768685874,10.52873812865446,10.009650193515084,10.259407733358106,10.687058500633457,15.544305624265522,9.500408109757338,7.2729068677777695,7.4815855337479835,11.599484617985617,9.103471937010374,10.776971433931909,11.638646600867613,10.176107060439788,11.012905648467159,9.4048518311228,11.303948349016423,-1.0,7.340781220192348,12.673882638216737,19.727229665613596,12.96928059989294,13.340863360028763,13.57282185106711,13.000891124291233,9.258647058079,9.754114518194271,15.906689712638233,12.205354327264367,5.384073989699006,8.467938472640842,11.372594611045075,11.621955422969615,12.301514628666315,7.630869199403238
TCGA.16.1045,14.629220865789318,9.721879127155935,10.672669041376983,10.972421764302897,10.096983905517384,10.859879423540606,4.061724363300767,6.197653122217908,10.956678096898058,9.921796911894297,11.133131228349349,9.396648018575227,6.690748117511635,8.931773163597807,12.770929160904464,9.926423059036384,12.193138146359162,10.608483731146377,10.459407641830134,10.592854284340966,9.795996603218509,10.894762297285327,-1.0,6.465166394298994,10.237632547546042,18.688773286917364,12.10549295386598,13.15513371152642,13.918547622528719,17.66795072191491,13.251744385696659,8.538536611676474,14.910695336354683,8.63439251717094,8.540951757622238,10.668256814374582,13.388453446245805,12.701239307923846,12.915456215845037,8.687683612158429
TCGA.19.1390,7.799222034233574,17.070384231168347,10.546474512796914,11.362403860883992,11.423114386542649,11.673755420351018,4.516475374016742,6.045130580185253,10.756573584725638,10.534250640966844,11.451699329961306,11.43885328014436,6.370206137622776,8.714795354486133,11.868191758570646,9.507564147291038,11.100717260230029,11.676449149633322,10.847023823797562,11.568446394352211,9.375876125621035,12.834400809726095,6.952260171586472,5.149974681619381,13.55773889551582,15.34503581030167,12.76396414871745,13.844167693380474,11.00166335291132,9.384687926926391,15.133247777073485,13.173223193659275,14.886869368067636,9.625259711502256,4.955503451293086,9.87018298405044,11.141320382556506,10.349010248762939,8.749320395070951,6.088923890715909
TCGA.19.1787,10.96702050518654,8.240988288321086,10.002687192226084,10.484274304099056,11.073544521225882,9.533798288727736,11.374320838084028,9.23806838975275,10.916540761133815,9.066748480622183,12.295168863129932,9.507577030497375,6.6373856407911,8.142538014031691,11.831953817429858,9.418681615331135,10.604476227693466,12.21419060227969,10.618771637649155,11.536418968752479,10.372484969793227,10.265503470628266,-1.0,6.348103146045379,8.20493103954213,16.818502150770797,12.460165817867429,13.373765892007999,14.371183370553062,14.896748963589838,10.256896842087091,11.886798180660604,11.089599576175749,4.95777997795018,6.994870451370957,10.448261703566871,12.259118892344569,12.410359258828025,14.058142125350702,8.118147372163351
TCGA.19.2619,11.461584371397166,12.279459716939538,10.17210142771895,11.1352310015161,11.292307309323233,10.766345951341352,3.8698319338171885,5.021333140726121,10.440043066071373,10.185025677780112,11.373585085521132,10.836502586429953,7.892550102202167,8.944300933197141,12.421638940054157,9.210129226895342,12.13133623632267,11.526215709475899,10.57577321673599,11.61999524622115,9.802422498034163,12.485924982167152,4.964902239872742,5.449211387829749,11.673249617278145,18.109492089693436,13.025076027608236,15.391982214195318,13.918093237400601,17.318748627256888,14.099859329028671,10.268025063808427,17.296433965250547,9.388771811304364,7.8175151792336655,12.159766062860154,13.03131566876737,12.627475176898253,12.624631921357695,7.932337604697967
TCGA.19.2620,13.805551594030677,10.580736528287629,9.7209395261797,10.964823490578786,10.428139668498707,10.761424907993435,4.367825331224117,5.283977316478651,10.73686189673347,9.869565621351443,10.841367074196903,10.03862013395882,8.05565011317047,8.284732967591449,12.132342599050755,9.33766672072496,10.842086925370282,11.174835386434328,10.19557054126649,10.993618819073259,8.937893714702712,11.672124970238922,1.6992406733579908,6.274692168793608,11.249991427594734,19.17180023502397,12.68149786707761,13.499597005704127,14.11639053126662,17.49864714216861,12.975420540315936,7.709367842107657,14.859293451576201,10.07826571161668,7.824580122582284,12.695109164170374,13.631931771638632,12.244135638142797,13.24106236346529,7.584150004609401
TCGA.19.2624,13.721654547169944,11.415734533673833,8.506104032178339,10.952242477642661,9.752192623956146,10.362195675238096,11.081193804803348,10.589347128059947,17.23752404722414,11.004171017695274,16.567368099560326,11.362147720878571,6.706960092338569,7.740157179960069,12.050481801210623,8.801192614396355,11.873650619991443,11.702757957897902,10.48439837945311,11.376771146575546,10.275529985554796,12.431542524548403,3.5409943643460107,6.966941438974647,11.41607441583614,17.19831527172007,12.744278028027209,14.64118474902601,12.56983719486884,11.835721765154291,13.375895940183197,11.002140967722408,16.251542927242035,10.5545460689962,9.980271842428285,12.015542554509706,12.095380967116267,12.285026786085004,10.628225792654181,6.278973472545742
TCGA.19.2625,9.016200166627668,6.526665115077532,9.440860864306165,10.625724822193199,10.941938485268171,8.204546691583657,10.136641286592422,9.561157132337948,10.914638142233493,10.806985908832033,11.724455572861212,7.143081122075928,8.608283287428833,8.23919418385693,11.259580098128723,8.926428841157511,10.332157085029683,12.307453258684275,9.60735879744744,11.59022324280805,10.125439431010996,11.065340059623866,3.891477515655109,7.9975086375964555,8.824175941690545,19.60625324914802,13.155079115165083,14.564842875865017,14.782637449119084,18.878229579328277,15.029056157229759,9.150994206764505,13.541483113860403,4.355749269356439,10.842428998009106,11.42296117727224,13.116162605672006,13.364826077127475,13.415681645942765,7.6856472639558735
TCGA.19.2629,10.4250865270996,10.047479360380926,10.294936820695257,10.957413479127403,10.893821171567081,11.009609117919181,9.949297674215114,8.76916343679508,10.078760988062404,8.939057869413814,12.65527673101773,8.797781151112082,5.353132707312395,8.770539354964578,12.755506046104898,9.16298716715753,10.603206084942439,10.582599750602668,8.508934473769562,10.372632425822228,9.649251506268026,11.521365810952101,-1.0,8.32080415843469,13.358956518889402,18.99903217011342,13.67188072568088,13.206579966364188,13.685572938561355,12.510683007858866,9.420388499910835,9.910514868297792,16.43003367479317,10.451940621901743,3.6989963012714235,10.940096258774982,9.575612986898326,11.108111321631837,12.538202175291776,8.278884756554234
TCGA.19.4065,8.652658575514861,11.027585707594229,10.266786774898623,10.01318558645487,10.148573944919406,11.661918219402105,5.31956735806683,5.481744547677585,11.17755314928314,10.16000223271532,11.557540094442029,11.571571015533664,9.36623630575608,9.467498362825639,10.91469935129986,9.439143336749204,11.83193600936508,10.827992048747856,10.487664106730858,10.258416928068922,9.948061575653421,10.728484662555259,0.9450832638804905,7.869019426782559,10.013848704036446,17.045297524234595,12.294046025996472,14.337963142906673,14.626710973951747,16.83349442392246,13.920618469606286,9.986406810822235,12.649377647146302,7.385996959643518,14.26376578233028,14.173316284702816,14.879934945020128,14.238775091495063,13.749223264066314,8.71433928979622
TCGA.19.5960,14.265506041833955,9.365249849663359,9.530621896115537,11.61480994601251,12.146778223590696,10.882069219453617,10.386313468837693,10.592296967727462,9.715072597449533,9.578992096349516,16.583293202002395,12.185493871148408,7.342984901423708,9.181175121101916,14.286292487515222,9.644096378503876,10.467509570991531,11.187351640144458,11.154356879128008,11.423613149693987,10.703975965857929,12.897125762618131,6.302033847359134,6.968245153635317,11.986323715271967,17.59049667544378,14.096940557979485,14.788860102726241,12.288385672460194,10.438249700677119,9.085791635917777,10.69682029430014,15.555398470747622,11.332157756514947,9.476865056866645,8.414344444731121,10.577222133946966,10.976687409505285,13.117149030094714,5.864723494911773
TCGA.26.1442,10.450715770208003,12.31082028194653,10.362714795603388,11.45912035024649,9.494911171669964,10.86714813437012,7.258289952195736,9.34010401062143,10.272626402744743,10.22158422137236,11.262206215248854,9.485443532387196,5.425429091643316,8.29980466694237,12.215892688303377,9.91649903708845,10.528615171789168,11.289966127680158,10.050942541241662,11.248900707673378,9.735765516789854,12.107948995502666,-1.0,6.297066661346478,11.99387005304885,18.01578399885665,13.01869995754816,12.616788981976281,12.362160134359968,10.51885140198387,10.284806521789177,5.067647320708492,16.744438282220752,11.523753502271212,4.795351365166559,7.417217926995086,8.275596096014493,9.688872370028776,8.969491859418758,6.816575388368837
TCGA.26.5132,13.81677353148794,12.250427253822682,9.682982999952369,10.53125063723735,12.381044329536046,8.744550651380738,11.427809110822828,10.694393758251472,17.163273266048357,10.074241430828378,11.001151090266028,9.501224556179787,7.527106314837109,8.245731427750385,11.4494473183766,9.470051573968268,11.170090175559386,11.881488622608117,10.11133353807356,11.742874696716578,9.75264256601461,11.726892465914183,3.4789588660059434,6.388236041619189,9.51082942886313,18.264160167594373,13.081492459070455,14.131572508198351,14.880765857029163,14.563927619256177,14.399546381818986,10.458666008426892,14.366665838033665,8.860274424435127,7.511880711972346,12.60752647457058,12.170691229671428,12.922543912288514,13.588317371347705,7.770423396171936
TCGA.26.5133,8.839162207640673,11.260455786121181,9.901782990542403,8.730908907887299,10.671806494642928,10.455905826374682,12.178529164074194,4.705043440255606,10.407173847902492,10.04977124070159,12.389614589274906,10.59294106247596,8.865778112765994,8.803972864736098,10.508520561195136,8.891912173288054,11.266496567324747,11.121039303173118,10.111911334202635,11.575974258739254,9.845471703510341,12.071457770327648,0.0023064673831690087,7.950130680399148,11.992670336688434,18.400422963460727,13.006104309363833,13.826171279683965,12.106015004859627,11.80801964038449,11.724512318337174,10.280237083015969,16.1499419348706,11.56741505838512,8.520389638220964,10.550141977045248,10.353422764168116,11.452037127379294,10.437758417255397,7.802347690801805
TCGA.26.5134,9.367056708763865,16.52746361207513,9.428411681651243,11.087946421055692,10.488819648752543,11.071555745881493,4.762311604901593,5.802914384185479,11.467843534380844,10.515320193985922,11.592744239544016,10.655713977613086,5.3013827869214,8.591507012595097,11.290363577592826,8.978991821543309,11.565691272767564,11.92245339470428,10.915003863305133,11.171069123288358,10.304744087413354,12.53949057827405,4.391753974701485,7.396885587070725,13.57499185720543,17.49744128219563,12.653544420907732,12.944281512268514,12.5781967312796,14.82918294132107,14.168067753338265,11.452101958544045,15.618437924617744,11.492678152060572,10.850820905777617,9.058768078948527,12.507353961351356,12.141769516550118,11.534139390452408,6.971543553950772
TCGA.26.5135,8.608664374629765,17.024240054002536,10.15208427093485,10.512996688757486,10.153688314986843,10.497921276203108,11.115599286451317,9.671876978293366,15.112152588667318,9.7353845826314,15.961036789119847,10.177537764370596,4.187569822056225,8.087563614222564,8.761698486197236,8.504454345808979,10.693657875373908,11.74728744215789,10.072064789875748,11.550378466417362,9.783837544453515,12.87240580217203,3.850409398781069,7.528861953889666,11.796889274731337,18.424270822425473,11.920520117945578,14.49508296850262,13.430832136993502,14.775413311253775,13.345506126496911,10.433354361942785,15.705932905828064,12.534646101871417,8.58987619313252,12.196849152300128,13.365888944485675,13.166801669725887,10.841310536872006,6.704560766799916
TCGA.26.5136,11.600157809969543,11.575272191178962,9.712720263921863,10.576385329358175,11.709478603649709,10.132720647481626,10.875233374756583,9.82253482287196,9.996637450922579,10.551952470670658,10.960695953460455,8.713579663320472,8.210066867954671,8.202699807094454,11.038277107790643,8.934244614288074,11.468155218128931,12.199940402358543,10.46994487345534,10.40723174953756,10.23556935216861,11.548809918052944,3.2554705193233002,6.030263235442153,10.400807833294357,18.620206106119326,13.446878136563237,13.869673436018791,14.508642853528487,16.349562363485273,12.490890001417542,10.050980212788073,14.857312816648804,8.956316037653115,6.644541307216633,10.85187558395394,12.785314220289102,12.91240266259798,14.297074845871785,8.187852351694554
TCGA.26.5139,13.556592209061717,9.753491553902583,10.11938613776087,10.933795681688435,10.685885061973954,11.10130937006779,3.8745215786001665,5.70234448227683,10.783736234559047,9.69522620315401,11.288787421500857,11.181290989989307,8.350258546173256,8.235591609379224,11.960118168627421,8.915138425924455,11.36639631440627,10.80445583306323,10.509797861659889,10.89353437609546,9.1229700576923,11.399155762966863,3.9819074381371573,7.379723186296476,10.295595272608681,18.998548458502416,12.759104909209482,14.849952898495813,14.552775026534292,16.038838463285295,14.295301094546646,9.120034356139614,14.55338720463997,8.352761172897644,7.3195772928043805,12.676843101118775,12.972186085506134,12.77026552774174,13.501279400833692,8.111017745314296
TCGA.27.1830,9.82037013875887,14.320256651011826,10.836543533554272,11.057470038703515,10.926156982266827,10.58341584677113,4.011227255423254,5.38009910128961,10.554229092303954,10.204800367834817,11.35206644029557,10.392026707614155,7.830250886737628,8.956678750221423,11.823964258486738,9.565657528045184,11.096083721963126,11.04649876792711,10.568648934853861,10.8678418060604,9.871038898659474,11.612513399526733,2.7548875021634687,7.069897611419526,11.353790104196655,19.046678074604763,12.664715775954912,14.661272436948934,14.545318967258902,14.22748589646338,13.464231970882858,9.886998481222383,15.199203438758493,9.834471049984222,10.757146872679227,12.986667942190298,12.444885473582914,11.955975239982225,12.759329072166992,8.044621981602402
TCGA.27.1831,11.974158295069524,7.870142749425125,10.128693839117396,10.17164981896588,10.366408664062996,11.891769883652257,5.595882544958572,6.499088472667641,11.733997410109417,10.857722981494646,12.384152905194881,11.31190631040497,7.603139677848599,6.79550592393365,10.816725450511743,9.068548019453113,12.74069168767839,10.382552376345377,10.262654075006134,8.576547835319149,8.965143297151055,9.841337586995127,2.209858822930194,9.255470047227263,9.660437549865263,16.627984680459587,12.275242200992869,12.344182762895,14.002417367204497,16.2380626670407,11.750332196882136,7.3049061591010185,12.978320993266632,8.143313820092603,13.880460593556922,10.83052114887169,13.361638621330588,15.078589567701506,13.9446918130315,8.643575919040856
TCGA.27.1832,9.517697730022663,9.188021793454263,8.974854214963004,10.45546644804353,10.78543620198678,9.880470800658335,4.4413573179279595,10.302901623431149,11.644977043893018,9.595581608446482,11.892804769892294,9.161642846732125,13.516579156000901,8.193270556332143,11.936180289192013,8.924787864776375,10.936031879804055,11.83565987484671,10.181916893817704,10.849340041362987,9.523047708289585,10.491213660404194,3.5032087844162576,8.31896708267281,6.369726452438821,18.507314587183966,12.799001252403368,13.584188323780939,15.324763545014104,18.369028195689136,12.339653316525423,9.818321893734558,11.444962994849467,6.41624187220927,11.820067085375689,12.166647007455202,14.050325878341798,13.499971594345872,14.004044051998234,8.882617068390937
TCGA.27.1834,10.452838686965494,14.172856541918524,10.184794653841603,10.991098754111778,10.602764364669262,10.867776028515088,4.188123943615093,5.254484446047176,10.552026369158112,12.374248149280927,11.37949311741718,9.576259280153188,9.529438753472204,8.717671625497713,11.053351471422511,9.874136224765373,11.013310109988677,10.744145450588332,10.615557086617006,11.11158458377816,10.112993541245146,11.593508167767583,0.6852674065168417,5.833135504538462,10.261679834634958,19.833362424812726,12.946260571454564,14.101010915344522,14.879397167091765,13.503620844853591,10.192328696439663,8.611326218975368,15.27955476694165,9.274579895120116,6.169285665748398,13.103823817583123,11.351013358025407,11.58312508844467,13.516364554192418,8.751446648780453
TCGA.27.1835,9.04701345580793,6.557100636701011,9.495588043656571,11.444065708174081,10.375070392467007,10.932919019826556,10.49575761171021,9.157758966819241,10.319439555114954,10.37215692129289,15.40158493183846,10.366312377655184,4.734541634685579,8.086220634153728,10.720848746563929,9.302511897064404,11.053757036972852,10.513053555861921,10.237766611719705,10.780847055853647,9.73211059881362,11.67555842896717,9.121786031625085,5.273448751348999,12.000806253877283,15.590041647053651,12.819025462498798,15.278010647980722,8.813558999071505,12.12455298924419,12.550222703365336,8.972044961399716,14.86277651145242,3.4875763863506757,14.234953073992083,9.174578695083246,12.734349261290923,11.497848644261465,12.680020085400887,7.615294164473852
TCGA.27.1837,13.921095283806812,11.590780238358407,9.780483830172779,10.672002991294772,10.67511692117097,10.865242160679545,4.90097304437343,5.60521577152361,10.9126232960966,9.855599516596838,11.499804638168461,11.881317767113151,5.33817479197112,7.620144297436868,11.212498148284155,9.125844535535665,12.3302828154629,11.545893194613802,10.18612947134879,11.365542128346835,9.79963261842242,12.481712135885973,4.083315502335668,5.7382003732305895,11.780832500701665,18.399306842967118,12.479042083150722,15.38312814216951,13.43664082388572,14.90996145363501,11.381515967992765,10.502393062617186,16.076479676331886,11.41790798586563,12.091303871601806,9.70936422315069,12.65678444193428,12.91519862387688,10.777178533822953,7.4847294633933155
TCGA.27.2519,8.748154936407664,7.424787752809419,9.63853619319695,10.777316803106126,9.635610752984054,10.301578044455406,10.889218666406176,10.520368617934563,10.58599390311188,8.99183756050183,11.685548717378694,9.318051509296655,9.204188167924158,8.225006385731405,11.917409228022882,8.974962595101198,11.483440799096273,11.047271037688338,10.311388447680566,9.369435292972659,9.74280978678318,10.659364642142148,0.6566336545883843,7.860900119191381,10.474717209154518,18.86840429581921,12.931499392169703,14.176661004903973,14.65660336786819,16.03710149299663,11.85022743729518,9.145071110598543,15.111192558387476,8.968776790899065,5.234068232455743,12.623048797344055,12.777008515136641,11.92141840352849,13.268949926488663,8.250726661834177
TCGA.27.2521,10.905590607724383,12.278109972581701,9.988102095233446,10.700161209501031,10.19094887931463,10.641683478835535,5.404453571972241,6.418382249481918,10.06488083119834,9.95197951860573,12.728402987674341,9.877578164844188,2.7372757402604866,8.441594691891849,12.268050891632724,8.794939560569455,10.648431287910872,11.848501745826036,8.11009853983371,9.949410325940464,9.477582825678732,11.694968313221391,-1.0,5.72597831476634,12.731677453783604,18.340695696348003,13.315700942344538,13.386440117744186,12.43964827646539,9.547201867761942,11.926992820171073,10.096575094281077,16.230806400653382,12.04299562600532,4.14425035619052,9.851670502957381,9.970470617648003,11.89029171685024,9.29434941400762,7.894642568273064
TCGA.27.2523,11.757020578799667,11.962401457818666,9.492381987553868,10.883553768750103,11.005594516124589,11.296767629163204,3.525166845373195,4.887778694908111,10.850130332286003,9.300555049703593,12.149016570204333,11.96823226346312,2.9221217147231187,8.105522516378926,10.705733026948286,9.09074600747691,12.388490551647113,11.471589564531394,10.15273659627338,11.427771458153563,10.934891515809694,12.172438728868741,3.6659270878077557,6.699627973856103,12.743969811404256,17.08623814204195,12.713373110441978,15.0371742296186,12.309089650653382,13.478774156324969,13.429530761924346,11.063480292161357,15.992847768902926,11.718372287039882,14.207569618846756,10.660173409680386,13.073532789409091,12.029235799840867,10.940965709424784,6.5919860288476215
TCGA.27.2524,8.139445448556721,11.822778457346715,8.515006705170743,7.837173136630532,11.392171750456527,10.579382224594003,6.116294050924087,5.38624534329536,10.797020599968317,9.122749323731336,12.809169909149075,11.196945025507162,9.881352758191799,7.497983529242846,10.048951485931084,8.378880486395321,12.135125453573568,11.134517384262464,9.275552798661383,10.781887266374254,8.75189013049525,10.54104287637903,3.8946625743184415,8.783606272517131,10.62167287916288,16.38538610731829,12.3474718043824,14.41904994640848,14.178011974042576,15.556366972429569,13.705113290922718,9.33562616916088,14.389080591651883,9.82054294165052,11.94529944991042,13.406525629227062,14.68580787497554,15.29148395926053,12.720162543163005,8.196519508813132
TCGA.27.2526,14.535425902669612,6.88346686195433,9.623336856700176,9.643744737277908,11.145005429201426,11.21555004747111,11.648380323378424,9.634596898410596,15.58847597101342,8.025761919087175,17.752934420808646,8.37974354364905,7.401214887901936,7.5426844486405376,11.278570200470087,8.514392542866023,12.479713583305585,11.55152736073473,9.281721661251925,9.619220591961888,8.947661481820708,9.972971747146154,0.6991962451482439,9.169376121898866,11.21725319755845,18.63145332786362,13.12194543279029,13.362178562565283,14.50821242619651,15.836964680549302,10.588551433185303,6.721867509781991,14.54827567805836,10.764727148174435,3.917116638672934,11.260843575591911,13.357707206944161,13.550604264118641,13.769422895522895,8.307392548446883
TCGA.27.2528,13.945553278057416,9.103425775922318,10.221274503471129,10.877674475064062,10.554199156281156,10.786924491956816,3.5756874794434257,6.608758983981064,10.851898611784694,9.577326853840011,11.436731006938995,11.091016335622392,6.601706914780888,8.865636160135919,12.212453644796263,9.338368253416363,11.372916467447574,11.092589411265743,10.458379030530358,10.292538711010492,9.409764927563861,11.199525921034393,3.2544882253921887,8.19816850863381,11.97349734081475,17.52899662496031,13.105568446744925,15.234505590461916,13.077960432164307,13.654505804208855,13.12052677628886,10.167358680480193,15.273498034527108,8.910563286373568,10.829432343668229,11.996366677327135,13.2482467011042,13.228207023459822,12.961662718567242,7.7038772794824855
TCGA.28.1747,13.35409573611025,10.390413075667249,8.739842703381436,10.803907983300807,10.876566979589255,10.809417499154849,5.033255595148636,5.6812327885949445,10.422518008258024,9.951100213076673,11.445946035723457,11.123071615022916,5.551977360180863,7.680990970995727,12.024660776688274,9.269330793197556,11.816074775050623,11.818613850919645,10.249187897176368,11.079437982147232,9.734041287672635,11.994229635582991,4.252930296405416,6.324423601127073,11.890739611569312,19.874054610154896,12.861295635681612,14.219627005557754,13.7551297468902,14.749228869366268,9.617737796057146,9.582316261491513,16.283512494826905,11.516214790470686,8.515531908268413,9.657556586271784,11.575387358788042,12.121170499182783,12.146422362371176,8.156547293986504
TCGA.28.1753,13.175573034002475,12.526962147709161,10.287980118903596,10.547616301851614,10.885067306576333,10.820694187028728,4.141514536972374,6.6920072622810824,10.955282721795525,9.55222334923338,11.432348605973315,11.673918977810207,5.47392649956591,7.851370518518988,11.87790897429762,9.38421929450536,12.02874204064969,11.41772732824022,10.508875859876337,11.152256634680509,9.689639349015076,12.359343072593187,4.652584009776328,7.223826031066807,11.963256381106394,17.396541281436466,12.185678331187585,14.437426675133391,12.713257233701635,14.455434217503399,12.825516643065178,11.205610243957256,15.832734297125166,11.109506305198412,11.950810806540279,11.996938317552786,13.117114557465662,13.108035994382687,11.798089934561535,7.6885146915616405
TCGA.28.2499,14.754017155984014,8.377170611657716,9.938573384660023,10.431050727908717,9.893579120549145,10.67080723739752,4.761130994625383,7.963451003676792,10.949241272086983,9.2327686671109,11.741916957860962,9.404031778473804,5.498145534177447,8.230352901963549,10.853809031333558,9.50620342953804,10.42473926305318,11.745508660835057,10.039093418679865,10.546972185882266,9.696356076382562,10.663231637516345,-1.0,8.235169860614857,10.133708516416608,19.37525725668436,12.855864274126175,13.383639890792995,13.362675966669224,15.983250329199194,13.23360141828396,5.813660640995008,14.171936085095727,2.8132578789158407,7.699833381384621,12.739694551712924,12.017937805663184,12.292918979296719,13.735398122663977,8.44514441352144
TCGA.28.2509,9.983733265201165,8.839487889145309,9.052734046276722,9.125713602491706,10.87786883956496,9.249626425115576,12.108141745535836,11.284238229747709,10.474054409514467,8.949791700545656,12.183263371254784,9.750240358432555,10.647644957383,8.578423642411517,11.35272184068828,9.229298066495902,10.60419385411272,11.754641104209986,10.472020302345944,10.966506172892588,9.96722770008906,11.272598819766669,3.7032225437021076,5.933600963147382,8.967226258835993,17.975954973023992,12.828840618117843,12.868911254648392,14.857537503260248,18.08669998127582,13.907616879222394,10.220844800259409,11.55098721452152,6.360422221991689,10.944302031451082,12.582675364946315,13.464175737886709,13.705601978139473,13.885626743704101,7.534261634211744
TCGA.28.2513,14.775196516489485,8.911882390836155,10.051912440130629,10.345198197914874,10.68032391725522,11.230266429673417,4.865122044842169,4.923025542771662,11.04098795070298,8.651450709845923,11.573972514514455,10.269797949021205,9.489816457574985,8.37630644754019,11.626108724620094,8.920240889597698,11.520467577591107,11.31718448936271,10.012447996937812,10.58881683847438,9.446052095608028,10.233787661867016,1.529571107573895,8.125057983829578,9.350376354429114,18.062795898198395,11.96725526377689,13.97772515091804,14.545170067358809,18.996472142053925,12.679600546317944,7.955070388549394,14.201543689911714,9.677087289096285,12.915839483883259,12.831894456359073,14.209291106621652,13.912837422967922,13.006197040270083,8.282651078377883
TCGA.28.2514,16.212479107555854,11.693243525734351,10.468863997006467,11.262468335203458,10.19548245093094,10.915436570778368,3.5871489305759967,5.033462647573974,10.306195240797063,9.525015287892687,11.050996328293612,10.851041572684146,8.594657897032706,9.504114049475271,12.665093485850857,9.40856687953447,10.954815285729039,10.988902139621063,10.831842018714813,11.465792178098923,9.269016309926279,12.227678480903439,3.641418862862569,7.683159553974125,12.664069716609639,17.67197971909724,12.273910468359755,14.7801860731426,12.663660009856274,13.655436918095898,12.318316445859315,10.034956838963115,15.664292495422547,9.275466200056725,13.866673470540643,12.412522876420322,11.97425991485408,12.743273268918982,11.089024561688312,7.329419641389652
TCGA.28.5204,14.198475844197432,11.65249093162882,9.999160907764338,10.588326460926792,11.11862518912635,11.100751749164928,3.1638207264904183,4.3512466880517895,10.958958425421848,8.949189683733746,11.96148073298971,12.368844805842635,3.9479372794468883,9.082327370862773,12.495868339783794,9.07701862873247,12.620953612259221,11.417700696992316,10.266165650094225,10.363678130711856,9.696575511856766,11.6015579891215,3.637645020714771,7.903439632600262,13.369048147991533,17.23964752161442,12.766260614427761,15.30708951407729,12.599013247780661,16.57521195470406,11.389871625031452,10.174688292212432,15.82020587554838,11.860812806683175,12.685277219591061,10.377779794473836,12.031767116582364,12.737841962417201,12.626756014757165,8.353292852376216
TCGA.28.5207,13.090412227526802,10.84177857400362,10.375509751477896,10.783945147737649,10.536287630013438,11.034782046225468,9.822713898416815,9.90465373706266,11.346803572730114,10.251893029110992,14.45484901070166,9.857562739498155,6.110275536329409,8.919955575707698,12.568866762406152,9.988337887092124,11.178520076328263,11.048457243265826,10.586806581204863,10.398780239749625,10.208435565510152,12.348458951429707,2.5607883099844844,8.044582641051568,12.299224391738084,18.65850968153608,13.075896070224207,14.244811835056787,11.374651546279015,11.596166549816608,11.502602903483996,8.970530437886325,15.662577503338177,8.918346278301227,8.96586363070734,8.332518634620781,10.942784398951126,11.379046086538773,12.612938626595454,7.92465397655242
TCGA.28.5208,12.355054900552696,11.719300296991355,9.79744721298765,9.13022535575451,11.652777182664071,11.618906687230366,4.109569509370688,4.9388691513727005,10.379289116509302,8.876052446775677,12.041009347697978,11.18433509872841,5.278512647344066,8.66757391118226,11.333959624285267,9.154677376145592,12.131102402255255,10.850409867623625,10.602789506096887,10.555825068368422,10.020056540796938,11.205263105112579,4.296978592343003,6.508067299648212,11.973715911022964,16.83454206822784,12.942365994673366,15.415257810668603,12.735544262302847,14.560617762230622,9.976141634723334,9.434776033762102,14.15515611409945,10.606782725569763,13.800905126041277,10.490088222394599,12.909335975207593,12.049347193871753,12.676925125923548,8.433821176827887
TCGA.28.5209,16.231475704064426,12.280208746030208,9.217558630294066,10.929068330292305,11.294920168930725,11.385100579474045,2.4323180669495237,5.434384700175483,10.725610975482937,9.127403971619913,13.559026448644532,12.189798588900356,7.2966693908769376,8.9202679885048,11.969973158001071,9.256937519553915,11.875348466059734,11.211241187081912,10.685219566824154,11.60992266107072,9.364143411855775,11.986688489392087,4.984885514458015,5.5891702304348945,11.59608746842229,17.440789028184003,13.323312657038093,15.31616066207724,13.856401755865752,15.546781892615014,13.490469787993991,10.553793807443622,14.829691918949408,10.787973386798482,13.22355818237954,10.877078183885834,12.073302702672827,12.914967698862323,12.76459127439093,7.98777163770011
TCGA.28.5213,9.879414159520989,9.877012442560163,9.690195498827684,9.36312310040225,10.973983724686795,12.048089158476111,6.603332583853611,8.255864665604689,10.653610204866757,8.602822810855907,12.244363418844058,8.142190297128279,8.714652506355169,8.092649331108468,12.5652081339737,8.865548012584764,12.30427165463071,11.152960899639096,9.267497876263779,9.45280235099796,9.317643697816749,8.882305565967087,1.6892096883016303,9.047424964883362,8.293938293828393,19.39721176889418,12.281158993051895,11.592313835203278,14.15397809581114,17.767048747664354,11.863666711900748,7.192555188478419,12.760268712490062,7.824373272492743,9.140913339881052,12.172522455857592,14.938337155880351,13.585438283853067,14.692025058189559,8.535556110981371
TCGA.28.5215,9.961591641661096,13.04190292802362,8.609003609087996,11.102838863678025,8.415029750407717,10.580673977474179,3.7925951025122497,9.293334385106933,10.308531414576057,9.0275552297926,11.540093157689332,9.362961194589886,7.385890003511215,9.069812241814985,11.78046972247626,9.510031460649875,11.505659437819407,11.111293562349042,11.175324178205209,10.957545957577915,10.14302115543026,12.117299982255306,2.8863940663958494,6.836102126992738,12.4946974342514,18.750797653224154,12.831324861677276,14.334779355084722,13.515700331007675,14.203897681003019,11.418412557829747,11.166967201799947,15.6367781167839,11.659048110376709,12.5252838803232,11.11382035331422,11.833895081642611,12.847187511726077,12.436338433358982,7.612438757069159
TCGA.28.5216,8.585106011683521,16.086083014712223,9.812803835094448,10.347797404268018,10.653465377670361,10.649086475697965,3.148657575030613,5.5825590136433085,10.38438671154127,9.582881679043613,11.726918471428469,9.11788850748496,9.614028083253983,9.148348449915648,10.341607995165491,9.795926330913792,11.023343452383422,11.459289135219855,10.40308223870766,10.952004425670443,10.314212525413117,11.519815251889328,2.760476456539948,7.099943177342765,12.111077719950421,18.75427201498963,13.016906355587208,14.135312225839375,13.588793044863772,15.484245137414453,14.335744410805102,10.298321175413792,15.540021649222572,10.006187483370097,9.965509569372577,11.701164524978127,13.283764891869167,13.14059798172608,12.897912069474485,7.3485838775130325
TCGA.28.5218,9.50663446897682,13.053258158244086,9.469097600849897,10.839188510568567,10.99763374541926,10.17005398663899,3.5179559304780974,12.67256089766448,10.666900179754851,9.341630676420559,12.008330641541438,10.986679211193607,5.291529889123515,8.537970813449634,10.492018295490668,8.43696508443982,11.974306885588913,11.093928986703954,11.23136382283202,10.904184057185915,9.59104111864146,11.330363776341649,-1.0,8.305024308265462,5.032175797869303,13.277006608192771,6.64014079808504,14.73405691555577,12.350660419527566,14.700124836612869,9.110560825676224,10.780670662118517,8.985912789516973,5.628686121144752,15.325829096017356,10.386233701266914,14.410829916527657,14.508680663145466,11.535645530123066,8.918342401899903
TCGA.28.5220,12.271914849852767,11.950687694596313,8.718744855327223,10.402846647575167,10.687262380621064,11.454352352561594,4.358354060821468,3.431836874536072,10.438947858930979,12.386821721819173,12.256843635408345,10.619144277750115,2.879921370353714,7.684819438707329,12.289505285160596,8.948147598132245,10.844913641868564,11.556748830431037,10.28018615145338,10.24663159074971,10.028631583650611,10.322671905452134,1.9747128497961182,8.293802223785463,10.578185761077322,19.0275794282954,12.833587464534935,12.19362370311999,10.977235124833367,11.8966973081326,7.712612287160846,8.483199477847505,15.7457916983705,9.64558170276689,4.9449989612086105,8.47626745348459,10.914087816641981,12.852336597490545,11.110794979188222,8.347970319055094
TCGA.32.1970,15.391391523881026,11.759157665137442,10.12231526175508,11.007914412759291,10.932197770299384,8.997952287423791,9.42947034842105,9.509196227025352,10.439669675356217,9.885165254008754,11.266365849446112,11.29166933888317,7.400557568409543,8.658304326474834,12.304153672024821,9.437644100190171,11.191610579029735,11.242944586247383,10.25947176200674,10.415560205418066,9.177057199125535,12.721040278881423,4.363058909879187,7.566285459868861,11.991694803222298,18.478200753076877,12.738203624959763,14.761663886655732,12.617140594935298,13.403147482976703,10.3703740987529,10.153665517565498,16.330367185213227,9.227429668509872,8.449839900114743,8.757953975380508,11.623538694937215,11.523411455120574,11.314041409700728,8.220365267194836
TCGA.32.1980,9.819359553470829,9.120837644177982,10.058492518976488,10.186178633076326,10.072777216832485,10.593815558193777,5.527542688241861,6.840056553083993,11.062813436605108,9.20182325146667,10.821931713319385,9.147522435575679,8.838674492834084,7.81667777787659,11.263889813114222,9.769375545280283,10.906906525278316,11.079887202279599,9.97729409275663,11.054919885703205,9.399505661129947,10.564294609803458,1.0646069752973917,8.071232263846577,10.874656666326821,17.87034211287304,11.307123832987234,13.063723139131161,13.01036127369972,16.752089803110433,12.485758781927602,8.154177612781721,12.272897276890657,8.14879381309743,9.254153951282518,11.931228893535717,13.055295181058971,12.45323400020496,12.350721159050082,7.927723452656793
TCGA.32.1982,13.372837914124716,9.75721047392575,10.275191936843711,10.145594543696733,10.319747188806332,10.890462576951844,5.298944187171641,6.258247545889755,11.059917166024817,10.308256084167885,11.366392270690383,11.203295629384723,6.597300241108628,8.274970718848651,11.474870189866062,8.808398888002019,10.882735889302255,10.606026119990707,9.785663829976762,11.101564529612046,8.972695812767816,11.15064807803147,1.9559822847719375,7.691171910306571,9.804870898483529,17.83723003408418,11.777431305031767,12.917535287243311,12.881803398024104,16.984072898944625,13.85222124573073,8.054277080057291,13.761212718276589,8.134549021093605,15.948435084478072,11.937033374623256,12.85408222358517,13.273944245664556,13.050209569333228,8.546772944359068
TCGA.32.2615,15.629020535569651,9.105141922294742,9.549007000715008,10.729726265444233,10.620753267397326,10.82246503474565,7.2200987104125325,5.201049608205313,11.117145863778308,10.28592024757542,11.40626182968659,13.891749163546606,8.442114952030856,7.9988250777733025,11.765043045682278,9.203839585773702,11.322355880705945,11.746481234504925,10.04705763934519,10.98317753509474,10.024497960310605,12.03158993830453,4.858463471059254,7.164711873185411,10.684622751621271,19.262188328537622,12.29680195077046,13.835180648222076,14.732467759733353,17.475882074593642,14.68645887292084,9.531429809485893,14.585614495440161,7.844697605591464,8.010955466339265,14.126963558833102,13.530463082963449,13.203022732804888,13.752703836764946,8.308933734809957
TCGA.32.2616,10.831371458930432,12.35926056414055,10.984374664580164,10.8099676006632,10.426452733167888,8.894398835988763,12.25025527262501,11.09042197027843,10.891585888574047,8.855965411405437,11.8978090101044,9.9354391208905,5.2902880019847105,8.602376333278853,10.41249988022075,9.564770648957571,11.654430662561278,11.342813165489428,7.928961256842845,11.341586425405858,9.470649520404876,11.608421678817704,-1.0,7.132497673224313,9.596656785681365,16.237331597110977,12.802848223548644,14.968776898876984,14.173476417542568,13.943568348854114,13.098489006627288,11.177106234829049,14.261161696802244,9.271186601597252,2.2972207691673745,12.471256162386714,11.73496714878365,13.399122817107058,13.97756241467466,8.017658614391872
TCGA.32.2632,15.055930434936258,7.052409372793098,9.11868676233577,10.181890439551117,11.436990738023779,9.927329086717318,11.285847039051639,9.831701199367727,11.314617116339635,13.127703125691488,11.735908954484445,7.9287321358846405,9.192765990162426,7.93526171724825,12.030087114188385,9.306680343026095,11.170207626770004,11.993208798435157,10.044449039090237,11.121654729712713,9.19956217565156,11.687417677587927,2.452516366311815,8.945154683122967,9.11868676233577,18.098692984589448,12.662189563397778,13.981440737300142,13.232278164658938,16.910600696140968,9.305420653122058,9.312961666215639,15.01895576982186,5.801259558423365,4.814135088990716,9.84995892697179,13.338850637825697,13.075876337344457,12.062695373080736,8.457075890246726
TCGA.32.2634,9.906202897374481,11.123059907185684,9.889562369703702,10.990733533774678,11.848388366060082,9.1081172038545,10.587083655977874,9.110102455920288,11.159361385119444,10.312766582264535,12.042680516494285,9.505836954654063,6.895451682424478,8.487103227318709,11.569818781171714,9.137614693054678,10.69187653056896,11.688007916004716,10.8620476846195,11.156482385815954,10.734971465931785,12.07365952479779,4.739756311546902,6.1533067907073065,11.195106160981977,17.182642552305722,12.818472433422507,12.62298752843468,12.740513413953574,13.033208783965978,13.268442391254363,10.56987572998988,14.543632880412861,10.066130102125113,6.334046191034773,10.33330766402549,11.163430110555975,12.198339014818714,11.759794413316934,7.797049304232348
TCGA.32.2638,15.62873588974975,10.605883471673975,10.028088532928725,10.885103999500927,10.991434969976691,11.173832264520552,7.67046718172361,9.354443565107236,10.880298293811368,9.810420127741107,11.204434631942224,11.097469045612417,4.9433259396793465,8.519055126752901,11.31651992447652,9.083638081535003,11.216162418624416,11.192853013921622,10.31746948377293,11.716173704369691,9.312247893609282,11.84523606721741,4.121222669841959,6.073046847724082,10.751022954586746,17.30282502519125,12.705407564265565,14.570233127411209,13.888514414066961,16.958697118171454,13.460672412307142,9.208709893708887,14.09335761041467,8.994166723065943,14.351586246976114,11.246355947282629,12.875339441881543,13.199088738861045,12.557937764900382,8.081831187544921
TCGA.32.4213,12.67750020407297,10.846057451673577,9.960442495145596,10.264290816032375,10.88311055045892,10.922108703195327,5.090277592173036,4.900654311723572,12.0859215633769,11.34922128577745,11.972004452999423,10.490110992537533,4.51586380741849,8.57334271263346,11.41424723475399,9.032257637343204,12.013589864838542,11.910961100007787,10.019955108773544,10.51789994504995,9.730386918707616,10.622714245190556,-1.0,7.687161494254075,10.488707399384605,19.097732445916918,12.354101963824176,13.509186290871716,14.612894067820644,18.751664739320685,11.930736044162552,9.168233853320013,14.26558610586058,9.56974284591711,11.008876698382265,11.363075998420257,13.780952309832198,14.536073753970362,11.532034034931133,8.071631292791526
TCGA.32.5222,14.315628741376123,11.844447876296051,10.436837382125328,10.041375923074678,10.299124202240696,11.605775249492583,4.865800069332927,5.6517348357201165,11.077068914730793,9.0023022474832,12.68358242356271,11.460453950871434,4.467207735251792,8.925320622738612,10.940538537248056,8.899732125907368,11.556054830576949,11.13045942853686,9.890595496372471,9.748576119392027,9.752785882397976,10.1766253388145,3.399895678059558,7.236748989679858,11.228937888249344,17.54165524514875,12.856872488634467,14.098358421248209,13.033787913865368,14.379256742861097,12.823639670306523,7.815293624966591,14.657521512483012,6.6944191808686195,13.635661275122292,11.98021760247636,12.233464614657551,12.848734111289817,12.193295940197022,8.095404935175106
TCGA.41.2571,9.655608535358839,10.737234496476916,7.980196712945035,9.851361460236268,11.264760427293346,9.176696763597363,10.195038595591729,9.18839202246999,15.369471237852412,10.303203440531414,17.005287654428027,8.457093132249696,8.039514595156437,7.02278835282236,10.972631415698721,8.703168545882937,10.891780893756811,11.38874125044618,9.478864852403184,11.575956726571944,9.631243094331207,12.016994287269476,5.298709630024305,7.62754045045298,12.02578084443885,17.00279300392557,11.91663633375971,12.704857054433074,12.792957040368044,13.738755014335126,14.670005041777092,9.350717789302736,15.307811416299106,12.301092881342747,4.785822535317122,12.753890274517545,10.831989947339215,11.992395312019172,10.353415596165343,6.066851248923445
TCGA.41.2572,15.413727904114877,8.891917336148667,10.243554604772791,9.942678851785013,10.630395004944633,11.097808684872701,3.5961480031256094,4.032515249822474,11.2698823178083,10.181990540934418,11.742847293462773,10.63538447552786,3.7348504962435083,7.495882202050281,11.671774833362944,8.750464814184971,12.119768341755192,11.859730212511808,9.940888651630017,11.16682369574856,9.336912421088808,10.538685106648273,4.805199575247822,7.790417575018753,10.621481952230612,18.05947534965208,12.671799176350149,14.55057216062554,13.016061245480529,16.208985737168017,13.253798759236856,8.744319890949207,15.83124491141806,2.427981546444925,12.365263439610688,10.62371536024026,13.136208228032011,13.765815024472586,11.02870050373315,8.454274614377466
TCGA.41.3915,8.81938590056682,12.14105095001924,10.86988890627326,11.020684913012364,10.02514233136422,10.492406724498938,11.288760837775772,9.681795174073963,10.613215034132299,9.932869206075694,11.689792861845646,8.107804497791106,8.294944629732424,8.616413205690911,11.363525595316762,9.30435656989188,11.367847440261004,11.356656034961553,10.266464825989635,11.30237212047503,9.699048893362281,11.75173559677695,3.0712649840831987,7.010763057928592,11.156783833325763,18.970267096460756,12.651344663999698,13.32789642204686,14.239380713886272,15.833592200529258,14.227439912449569,10.362716986975926,14.438364483126087,9.440525993719207,10.962339274959602,12.886140227351921,12.843070587825189,12.927107338159368,12.79158855105665,7.943793010981394
TCGA.41.4097,11.63446335506651,9.845527999597433,10.579360443564063,9.448918084698434,10.533034932918163,10.431664742444688,3.5863924643968432,5.840261796415866,11.470946571022358,9.681087984087284,11.655247030830656,10.14236327250987,9.973130220452022,8.905070750860549,11.835409247216381,9.63030062064897,11.185478075119299,11.127270600198935,10.626347413860314,10.902785477983203,9.802606187458556,11.500672808492501,0.3419857472286159,7.4037883553887776,10.817621498906032,18.599260916745184,12.207498402283353,14.162864879250678,14.231241644751112,17.236976049192766,12.841659613561488,8.611530205497026,12.43926948434128,6.680494555560014,13.164412486416555,13.778322032110614,15.024489233775816,12.927447615235117,13.80533336096883,8.749123255568307
TCGA.41.5651,10.657856836151582,11.812816186463806,9.154190020350873,10.513753943152066,10.44855214620917,10.45295005666611,10.810587941280021,9.264098188986289,10.439082856808971,9.974612050553308,15.892625441017177,10.10886875458962,7.565581944618408,8.57985255804051,12.46007413060665,8.841806480038619,11.290855183225704,10.701819502259516,10.800270038999601,10.215509824222856,9.898347589809074,12.786961828559676,5.062285802227173,5.471915778972064,13.219318667307695,17.085348761700413,13.501239773042977,13.862767713345375,12.20261010033068,10.429550899196602,13.134054335475616,11.416800693721914,16.202256731959245,14.27032204090666,5.852770432622756,10.444140891717195,10.321694765181316,10.51074379798804,9.784314701853754,5.790589604628329
TCGA.76.4925,10.718896714692319,10.687626755268257,8.966608405179636,11.122710568885484,9.552737868821152,11.295031904330568,3.038330820332676,5.0477172313809175,10.665478491761926,9.98065171488756,12.020863643832415,11.189633525010075,6.649204433604121,8.521245512716774,11.317982060635444,9.200053578150701,11.775551806395606,11.351500298458406,10.450312651412807,10.300967147916037,10.18304366834455,11.71098176730464,4.242693957549618,5.350196654304447,11.192542921584154,16.91570123849792,13.108392154661981,14.321968148843073,13.000621165552783,15.060488892457903,14.41135293301313,11.34104963479174,15.473846185519188,7.585704696599839,7.436619939544029,11.528346173211883,12.336015117393973,12.025765897929437,13.263716348925463,7.735398968911794
TCGA.76.4926,12.758288892506544,8.417324273689886,8.634421560675015,11.17855642696852,10.58875960199965,11.230363710635396,3.376707126406982,5.123877222343151,10.584342365508409,9.515044564040306,11.29261140822852,11.064252421056997,7.524469627454142,8.255428502170973,12.354871651054587,9.209056326165253,10.90227787627693,11.806719134735669,10.592283697884897,10.367547438140743,10.01260484657183,11.495137497348518,2.8260501312209225,7.464201831290741,9.435858580243192,19.83965344433846,12.922612925575546,13.957186002809328,14.075924691609934,13.641671536037562,11.983683038108687,9.371686486691168,14.791963170969867,8.731897350943658,4.772740803003963,12.116114768976404,12.409328745093761,12.269951813182852,13.396028096290511,8.21713860573399
TCGA.76.4927,13.430391928450756,10.925439761458088,9.9607026856792,10.651529011481909,10.71563987820601,11.250680124886884,5.605636557703655,6.4863378847494655,10.657280751422674,9.051536603518917,11.772186218670338,11.22428385270819,6.052318070685172,7.630015154767452,11.285449787710172,9.154762171896818,12.261193966475615,11.719210954601994,10.076839775348448,10.669427576595291,9.878146271565855,12.20044626701144,3.222696385767793,7.747909650954985,11.26863948272341,18.500761726050182,12.566425179874186,14.51296364483023,13.818972115763978,16.49544999572291,12.583139900480985,10.165272832182932,14.94677941640962,10.460799173881679,9.029531290995592,12.501961549803964,13.093460316387873,12.487101970848771,12.66124553815258,7.594482115974736
TCGA.76.4928,8.335497994487863,12.737101502598973,9.98845378028905,10.280431743353146,10.915001173419105,10.930632753163438,4.240688312904091,4.878823413948169,11.027095842354004,9.240301209527486,12.445321955087367,11.616883243785384,10.970877518876918,8.63329279043722,10.666570563109701,9.147480206619758,11.426741834614567,10.563812504154905,9.960172698813883,10.374870382777198,10.085325858513995,11.590269893471346,2.909081827156258,5.484118791996434,10.933544902937602,16.825008124798725,12.071963598592998,14.311449493801277,13.419003535587263,18.781430179592356,12.943978394752984,9.718949955848558,12.538168193768533,9.193557639055634,15.677693455123173,14.443097823316284,16.619677419681157,13.423556321986515,12.798575888482429,8.400552018333695
TCGA.76.4929,11.770438304501786,9.202570279880689,9.48442254873484,11.022993307667486,10.665490394547271,9.966505451905741,3.1497796305759027,4.963894848675775,10.709931168539708,9.103061418682929,11.87173921039782,10.294235557627774,8.170169938244271,8.316317740108556,9.346457442583556,8.984027040853958,11.32253699782999,11.254926857413585,10.640981372408701,10.440524644114452,10.033367247455214,12.044529809648532,1.718832856952009,6.003413342794362,11.349953039799827,18.922106353556483,13.093929498233555,11.742292844574523,13.045492850733703,15.827425706932368,13.264561749600997,8.987205165971243,13.639134612407615,9.49003455565809,4.937852824300013,9.817352886731314,12.55609299295588,12.084398802215764,13.131397365895399,8.516556922908823
TCGA.76.4931,13.65260103834945,10.82430834727264,8.583303951246789,10.728345714710978,10.678263500324919,10.687761633658946,3.8224344416259766,4.844752206049652,10.701688703840428,10.13898695384695,11.72070948876332,11.372753045617504,7.549388088857879,8.104983944955292,12.049217947114393,9.296308954490076,12.256841748819726,11.80888138243529,10.479096640465308,11.323270078614796,10.27998600432171,12.928044776742533,5.483341786177635,7.87850158870739,12.42392692228453,18.547467050700142,12.970703323844015,14.685832540669168,13.441056135,16.009036782859248,13.638865094912472,10.437109529505143,15.883901784973535,11.58828747841056,8.41648721454119,10.650233393644479,12.011566430619817,12.795377200524802,11.670356836702823,7.670968474723234
TCGA.76.4932,13.145306035678322,11.136179720339095,9.941175432557582,10.334326142181999,10.882310381163052,11.026229202319664,4.452397755599467,4.037417366399396,10.857379539554936,9.447108855521408,11.985389743444884,11.914088526923033,6.539737324403443,9.05620633222062,11.832009258464073,9.327083270827217,12.023989620907324,11.588063167912997,10.145726231931155,10.833584381312749,9.997730620673712,11.706621633255729,2.800682508863644,5.875509778121904,11.949363084788498,18.403237226898632,13.207199893504992,15.275802482572322,13.557430661396928,16.18599298691869,14.297191653051604,9.746861097299977,15.00470884285621,9.441958354381896,11.033438419570004,11.588762412354201,12.775496148615478,13.308661993268377,12.173646845635007,8.484667441285524
TCGA.CS.4938,10.639909533916764,10.976780189301092,10.33712724260931,11.892085005188424,10.179560313644346,10.530813628789785,6.981456542603397,9.424806854387137,10.227300537487894,9.373714977062061,11.047897687281743,9.475001969388234,3.6144036069536813,8.90576996790488,11.80494255091733,10.630016702406973,10.638774916543563,11.365806631889386,8.952945917756365,10.655758244964936,9.287232170728661,11.420269797524217,-1.0,6.92778151697334,11.94308886658651,20.671576487865156,13.399325982385424,14.89034527432074,12.91482191109924,5.9386363063146215,8.710091451093593,7.037820367493118,15.945267985771903,12.055000207798498,-1.0,5.836413982026728,6.2482919377391,11.300833626346389,8.296109540104073,5.928735096335776
TCGA.CS.4941,15.55130433336795,9.351301245937343,9.215187876492408,11.228870326031831,10.356516895539931,11.285011436034445,9.92050024397384,9.703615178598348,15.66095323544599,9.035224144251991,16.435095767093973,10.984688956563522,4.776898830941953,9.354787784751469,11.55579070870539,9.61941191008767,10.93774720991195,11.399268897621715,11.029437010974268,11.691121124572552,9.924091718186459,12.189184344443358,2.8877786949081106,6.168493619015617,11.35529201079586,19.185497944260035,13.077145659271753,15.10431772579249,12.538201059565676,14.091405756884832,9.851585714096299,8.306426761315427,16.100692043780427,9.371418811594689,11.621886440143363,10.036907826170065,11.021555999344088,11.179284305105691,13.054385760578134,7.9516746271134835
TCGA.CS.4942,11.747434396584948,11.968790719983852,10.465561099273327,11.967835168137722,10.334062509039647,10.995049440022113,4.885852529763414,8.829168697235625,10.296449835955647,8.59104018333568,11.412991903025604,10.92616899347673,3.6956264134285624,9.094132594154624,12.789903420632948,9.995158292718264,10.573675018743376,11.158370544532056,9.508840017099372,10.375612593210127,9.573165640799141,12.066103758643376,-1.0,6.709458830042293,13.01633388540594,19.43818569451348,13.090321065927638,13.378000636981396,11.450041952184188,7.205146151464899,8.02437287493447,9.26045572731275,16.443538042929855,14.370939175439167,-0.24127043154213734,6.926086025116155,7.235277104680033,9.596566969715374,6.579779034360145,6.5901798193707215
TCGA.CS.4943,12.661321149721106,15.104388230522595,10.420316490049563,11.910326352105546,11.428782397593038,11.028826319279979,6.932223021230489,7.3903942656403885,10.354648850663315,9.253278092975725,12.133826463095314,11.38248612643605,5.4334836248058185,9.11928016999456,12.699733652222239,9.68393062764955,11.369743189595843,11.822783555029343,9.629142568004895,11.040263826266953,10.559924044555004,13.584306916459584,-1.0,4.946024309232002,14.149272093338244,17.55374707125861,14.071291920729262,12.982112541835217,11.20933151123968,5.700988947463867,8.820539591098703,12.662196663511159,16.531225792756178,12.1803805628168,1.4763816875672349,5.548516772194237,7.1096050278555385,9.15767586265176,7.911792231503735,5.72786601221368
TCGA.CS.4944,10.766541828198099,11.874840374557664,10.447642110598688,11.507100671760881,8.952063851316023,10.522267948839781,6.9724491212304835,10.065738432964107,10.395116582446752,8.325360777954124,11.264272926966827,6.864192336465203,4.943030499084064,8.52225509805963,11.724162345233086,9.596511996604255,10.33779782424712,11.647759930803145,10.332164471350389,10.968870224769235,9.150757921826989,11.826076276945233,0.593305959250491,7.743786915314187,12.229847806495782,21.284626671195156,13.246640393015072,12.33526916657057,14.30625591598216,13.312205469629053,8.574723316751506,2.181038924431668,15.542019145902199,11.724377378969352,2.181038924431668,5.712818605149821,8.40908369424502,12.311274565599934,11.404007022752712,5.566955155597176
TCGA.CS.5390,13.716523627084268,14.869321586936273,10.760610098894734,12.288514900675398,10.895589292736936,10.427355170950253,7.358240639153476,10.675240269350436,10.773306796929175,9.599301426396792,11.480056804587338,11.751262814932442,6.141698448635685,9.449135848881985,14.38628579996117,9.568412761516106,10.542733194023262,10.812791483619346,11.96293286731477,10.72370556403378,10.139579106105584,13.061712214370605,3.4710313442715277,5.689807928369787,13.360382302436552,17.196662477990564,12.968045613104444,13.076362496286773,10.553288593364332,6.635903817961057,9.308340623019488,10.622419220506599,16.347902814735935,12.062104573108847,1.2176650106435511,7.621612353024317,7.10248807143086,9.300007919843495,7.144048409625221,5.044245470393405
TCGA.CS.5393,13.448347704120193,13.660866919604372,10.407883274881454,11.951634416832917,10.26854644475307,10.639717207448912,7.009026866289352,9.146105819041434,10.454674160531253,9.266298143236568,10.91611353641854,9.562622131276552,4.7617639644153575,9.498885098981905,13.423825603516622,9.708899370211933,10.786008677211829,11.376866737505392,10.388907175208685,11.371384341277341,10.317263587881355,12.600260785334624,-1.0,6.284776915519019,13.588294986843696,17.614980626643984,13.17637710084561,13.011350148374751,11.4780760593833,7.5616346849884035,7.838346106148889,7.031448131766238,16.60370405522392,12.778429729256144,1.0799071303079015,7.472677031539439,7.113603619006615,9.761485079703608,7.93665383800317,6.420079800739976
TCGA.CS.5394,13.027114992179117,13.672136232544513,10.924534030651795,12.51725765448694,10.462849561414238,10.824811998096184,5.728625297479925,7.796450450645572,10.936897600741075,9.452034449619608,11.265139851604793,7.160099325112122,1.6674380191387013,10.096952949004075,13.763088730105622,10.032050963063766,11.028937210165097,11.746976488945165,12.137745190789678,9.591823196123002,7.143126031633503,12.862146219162453,-1.0,3.201414303914083,12.276032401445207,13.742775636334834,13.064277518251716,13.242733385341742,7.61384912286807,4.020084329147883,10.269544579296154,9.467116418008167,16.123020443069667,11.639277843768275,3.8958939275422235,6.198378246195282,7.090974073319448,8.561798479115286,7.3933012113918855,4.887851789761064
TCGA.CS.5395,13.465114497052852,12.01925287856165,10.115587842918375,11.956678822812888,10.530342345960726,10.871333589309007,2.305416092810839,5.4289296003009,10.225411352357103,11.49850738590257,10.835533954609266,11.53694585494576,6.777757663739036,9.724165415541718,13.362603825624513,9.742365188895617,11.326766189031131,11.319678160385424,11.73407025629768,11.207599030208327,9.990947346340754,12.230527722293134,3.864899266526703,6.241498913800972,10.63515725543856,18.514187735082814,13.438759812543351,13.865352493307336,12.228636899467654,8.778911613752003,9.926539141799827,9.866578074731411,16.441010350532736,11.193982921642878,2.5978410134914305,5.909564315799875,10.09424544036458,11.562249580428725,8.08101626747393,7.137782199284359
TCGA.CS.5396,11.00445384936909,13.297259436868552,10.311569868359307,12.497716839875235,9.610178672410497,10.528148152740735,9.849649986443055,6.987435703886292,10.75021389045261,8.7927213295527,11.03515216645038,6.564972563289213,6.138404926491467,10.387543163695804,13.68978945547925,9.497135899018538,11.00919003802857,10.994947718943155,11.906451408463264,10.269879045980538,9.605641187150688,11.926942060342203,1.0242487484920437,4.193204013983875,13.14584698864635,17.792232125527907,13.013377096272093,13.354989978253922,13.172169466312813,6.253094865940083,10.26485177496043,9.477403315755776,17.52809833882202,10.776944711852023,6.034209111189004,8.42918995480467,8.12595944725241,9.746774285133482,8.963795746692057,6.223785494999554
TCGA.CS.5397,11.23386122407943,11.235912864734894,10.51259184077225,10.772997403438369,10.399062545737427,11.019897094787282,3.6159812108147813,6.662582932688904,10.811540870846859,8.727536251828946,10.696771271597008,11.544996878577916,8.899811564585239,8.912945606225469,12.70191252650161,9.89447962992152,11.129120253729631,11.438112701007118,11.381274015983442,10.802883292900038,10.282073362305976,12.035975984147262,1.3311892618980938,7.193114300182037,10.92833530644283,18.688715165252663,12.681025835826455,13.344812660856372,13.832348259170447,14.856318056876155,8.544902242987925,9.588064714355014,14.286196363976588,7.541637960125585,12.457076044194093,10.554454743871123,11.568171940805609,11.421241974597972,13.664973776602661,7.729236653466647
TCGA.CS.6186,11.617714658313787,12.796314854952088,9.463293441843993,12.118556929978805,10.955567818315028,10.551644247216013,5.462422109284978,5.929161337889651,10.360495528428624,9.736414954415213,10.786632543157168,5.412961004402022,1.7958084994605361,8.525714590936401,12.044869338056342,9.299431275344407,11.625654421389648,12.254934915564457,10.595258880312327,11.560423788012796,9.311853647194132,13.097511118082075,1.7958084994605361,6.917330304868783,11.142623781527162,16.978707190608407,13.799668039190228,13.663652238776436,9.764622497054923,12.959697789746498,10.149564231076749,7.67656854958073,17.151675417013045,7.774470817811023,0.5759899477218166,6.666083366475146,9.973097493695551,10.47388003937809,9.42949085268153,6.9407881033660335
TCGA.CS.6188,14.290454607246344,8.414480601690755,10.294015172325606,11.702079114984778,9.43839516084926,11.271737942499717,4.585449328149948,5.7555873066703835,10.687659645065613,8.886289190037306,10.760752293406814,11.072456688335583,7.045984578705325,9.118981031709023,11.890874784846538,9.878892060709262,11.983465580934052,11.303256934250841,11.19347022656722,10.971611735486725,9.156951719230255,11.709888145016306,2.27500704749987,7.061691965926318,10.993786148172356,18.966864497629025,12.953298091328563,14.872838054278548,14.301095675770897,15.941111486468388,10.802251227370462,9.593674778240002,15.051656114716492,10.39976080735118,11.167618352920755,11.163074684579831,12.077127479348148,12.509945213500174,13.175075887814236,7.650058689198237
TCGA.CS.6290,10.923024353896185,12.46108835741877,10.372912822755055,11.509266409215343,9.917957840941243,10.961597429224616,7.644476415303373,9.852867477111479,10.17194661350337,9.4969420336792,10.716055222052915,9.064633110371808,5.09269795221686,8.764936925101072,12.590951817587406,9.635528227041402,10.79448263819023,11.27111281670205,9.175263602971636,10.921758537499485,9.645656991514066,11.810819064639835,-1.0,7.4304308065329225,12.388831397735716,20.961452330997396,13.165657956792439,13.498802258357516,13.202014346923871,8.235476729765875,8.375012054645135,5.997010074313842,15.564795901700457,11.85463521181273,1.814550423461808,7.860567442271592,7.448345961701512,11.332207613422637,8.47277855568347,7.6351209694758975
TCGA.CS.6665,7.9477169961742735,17.173521564912168,10.148759881871579,11.61653409513328,10.207421439603348,11.136980093230555,7.403310334394328,8.797115143494189,10.639778335142458,9.764613209108619,12.841284882035175,10.113001097158921,7.195513947534605,8.877286894659386,12.210269524657582,9.442892295848967,11.201728865684478,11.525421510283069,9.848153127442318,11.085706205970922,10.43744592221393,11.633562760547825,-1.0,6.980041299619736,12.600288595787037,18.139336731751385,12.77439427935004,13.221960720632254,12.409009340573695,10.453226796819127,9.188470161542101,8.913228419507591,15.591835117677,10.05718529344097,2.9292986555680054,10.954118210769245,9.354527974835484,10.380996050976353,11.129578803510688,7.5064083529786165
TCGA.CS.6666,11.008012561667586,13.147714644384568,10.29153645041315,11.82011704010447,11.417905929470038,10.441528608745422,6.62846158011922,8.256173299008113,10.28389862827186,9.721543039739196,11.955184988436976,10.445813074947027,3.594667973004823,9.176730667317726,11.976368111208272,9.980896436868377,10.715093796189318,11.803686242688956,9.797937232571003,11.352776067002765,10.116078532923584,12.366377461850318,-1.0,4.638241852120544,12.822984938906846,17.234308407830646,13.253519207934355,14.896753125457906,12.936489429458868,7.6428380092179395,9.003865016647723,9.68141008403051,16.57688933047937,13.417653642858133,2.74504366879086,7.840621216691873,8.890247250382746,10.364865340561938,10.610585188017572,6.162703501236965
TCGA.CS.6667,11.635300666774233,12.741970619839234,10.584031117072712,11.845680489801518,9.618720623784123,10.4254034939198,7.048030152624777,9.907173245978093,10.276306126865551,9.443290861625695,11.099229246773051,9.683574353353185,4.8855743643714264,9.397781146752383,12.921750728631366,9.962027090966922,10.498968844559869,11.824268324510928,9.009629061071772,10.983293843553641,10.312941138274304,12.064985483497242,-0.22701644786189537,6.7627341561838925,13.526488883483301,16.981790042513552,13.509973064448282,12.90544998051657,12.284709171543033,6.394651325908983,9.932508429387427,6.818155217171183,16.626603759714932,12.843427562053337,0.6445023724189358,6.804498909921337,7.559806106608799,10.245471180987026,8.557893286959589,6.171663202924995
TCGA.CS.6668,13.063937119303203,14.474960681878011,10.521551760212647,12.82015087427371,10.820789983520166,10.237792658393642,6.314328555249396,8.843288261715696,10.771003262077707,9.64843883805886,11.37474814701828,10.676814017876321,4.07564386671012,10.202336415856406,14.375783237839922,9.701967957089964,10.40416263069084,10.538843768904233,12.437310771068294,10.315485057420299,10.401620121237887,12.38981135572178,3.5119107486709282,4.316804654293893,13.526883299453141,16.646070602864427,12.914953016138682,12.96008505483573,10.158261405091668,8.053597946688294,8.027450453118746,8.712244280171543,16.82195594634809,13.38018236154671,4.13282357670833,6.251171824952426,5.8940634852269715,9.167042243443152,6.668680794794132,4.266584174470943
TCGA.CS.6669,8.670367681252513,10.989180527974646,11.120702886832031,11.722659583317188,7.396230573763031,9.414344656164934,1.6919807506032767,5.24121477850752,9.942014313681655,8.60441201039871,8.962626812071443,8.105491087773409,8.088704509632931,8.36251328467296,12.600031566827688,10.856021844365497,8.756398534761814,11.295988478225194,11.416917729595635,10.8524746563001,9.640979113699553,9.460746658626705,-0.0661252582846443,7.579048872839417,10.155692572760994,14.544772410723501,10.44146833246676,9.529888473693473,5.580064059119542,7.659201032082181,8.79090721903801,0.8995623601546928,12.957312969492879,7.039881927363111,1.8821343485542175,3.4553337966772224,7.585900698775785,10.658920960678225,6.340996578758457,4.595062000280672
TCGA.CS.6670,11.633333936327654,13.397962889161551,10.712905765634515,11.926117463197611,9.799512499021029,9.914646587594888,7.299975419613728,8.43247132978763,10.358005854346137,9.251883563718295,11.04780391845253,9.03855250917943,4.502846121575706,9.221326832700543,13.11087844712944,9.822448144874377,10.753984366287465,11.895136992459392,11.395050371304533,10.833979454417726,9.662394050479644,12.71096707091464,1.2503552717630475,6.990320706476504,13.06289910333073,17.803503654997236,12.729446598562168,13.776942132117345,11.494796295805234,4.897835777515749,8.243259209474491,8.63560603734307,16.38281114772342,13.098383417374045,-0.19132664509679834,6.584253001226464,7.633328032464051,10.160414641188819,7.347355613616955,5.085173930510347
TCGA.DB.5270,10.685262061867984,11.43447581928685,10.688851306867713,11.594743027453053,9.64819451679427,10.27157391039793,6.494564416652411,7.823675491616021,9.76586438705934,8.66372175454525,10.602272209537109,9.12927116618703,6.829021192800543,8.731251477369822,12.386969497582161,10.436118208092534,10.658436261410456,11.299853251110008,10.518906465569213,11.170530004988422,9.545962000173166,11.665045483390925,-1.0,6.711907832772514,11.86751288833944,18.305039648201227,12.626324071520951,13.539242881033308,11.995417173635333,8.470637726578673,9.003617695650373,8.08509264777115,15.501458325107599,12.460288195022747,7.388571862684759,6.051000068153129,8.931908755945068,10.845689583823686,10.845422305412765,5.902674175123771
TCGA.DB.5273,10.362256506474946,12.477631898630149,10.336597827189642,11.655691664564307,10.530963895846178,11.015500705506104,7.083229327176652,8.683668736893317,9.82668178742536,8.636373033191457,11.36878558835511,9.51561035688226,4.128565613069467,8.492727264929005,11.975052511463458,9.88538568769003,10.783168014449922,12.092513830759419,9.367794978512974,11.05341073522551,9.806125531368629,12.080968016963475,-1.0,7.3665451589795765,12.778272426497564,20.78381232497154,13.492913876079772,14.558850390388145,13.716489684675203,5.513238062333091,8.414282704732452,8.91430320269106,16.583274700654993,12.638709561131169,1.1094942908689989,7.118078311506245,8.396650159006583,11.136760275219839,10.029642817824046,6.944494213016712
TCGA.DB.5274,9.165065765190286,12.27255438265479,10.594769661747403,10.530075523049012,10.226654347734298,9.521566678301886,7.962031864267558,8.874875331023913,10.885604333780156,9.31968499000029,12.353652259278595,9.717469599107298,4.405291257322501,6.651051691178929,12.202825742183396,9.546173703850585,11.56090105815427,11.281353818859026,10.91724772186119,9.061797794656187,6.019430605340572,11.921984121170007,2.177279995969324,8.266652101484167,14.1923402022171,17.7598375269353,12.704225397794108,12.660327660764224,9.943954721885506,6.731279653399498,9.221712052762596,9.646827604169957,17.31775346108001,13.635662748705334,6.836594498871639,7.605501000908748,11.100975677259314,11.39532173198277,7.971972849911511,5.4078285852568335
TCGA.DB.5275,11.085426116921179,8.091445436226559,10.384603105164302,11.804106612965105,10.552468623895804,9.632937597211269,8.163709042890176,9.915270062494164,9.982395559167959,9.74978832588389,11.10740142271235,9.966145057579041,4.2348691517053805,8.944595820961254,12.278621160075359,9.589914758330554,10.942764756035581,11.014008680350807,9.347998877890015,10.54283242060644,9.740825721014154,12.30061155861492,-1.0,5.176234995382556,13.369486618183958,18.77108445712557,13.914943040767907,14.073069691369206,12.219160895459833,7.3018985387584445,9.123329939475152,8.96398065451548,16.79548668109254,13.868510152403578,1.1152330483673596,9.27925026853155,7.958676245436218,9.858915490388798,7.656660823838406,5.61925159345737
TCGA.DB.5276,9.829077182818905,11.181881559254288,10.342849047325531,11.76537777180731,9.485653035610552,10.858036183375813,8.148782629860223,8.680539563433681,10.317984038471067,9.089924459993433,10.534551319803859,9.05323164656024,8.124132170783252,8.973741557580059,11.820561369546425,10.138378558215393,10.24026840948993,11.450420401353348,10.439386374034825,11.052212971001053,9.875850850927968,11.646413803375525,-1.0,6.870425138879765,11.542738851862794,19.047437220078674,12.709166825454611,12.965807746299417,13.276455270962904,8.356774147142445,8.189563170244396,3.8262637334736147,15.775627324191445,11.234001149661038,1.4431292101530981,8.269550306317434,7.871901542384339,9.940811736507694,11.183733873370176,7.143795426568808
TCGA.DB.5277,10.7446893926184,13.948574877843695,9.818457394141376,11.808853033261158,12.435301336960565,10.28859307798173,5.815296187068138,6.519795058488544,9.737130536626987,9.517052617355725,12.042744597071744,8.4326809436005,6.100012585763602,8.605140194807857,11.930209127281477,9.342404960669812,10.46124041077425,10.990491893106995,9.617167691528365,11.050456190779727,9.858282406062546,12.832204155767936,-0.23276896297612443,5.065830774173673,13.194281529978227,16.507393582615723,12.710408195769618,12.711918519968146,10.559136621313543,8.618085919208356,8.586818775865433,10.1186388794981,16.28168281569721,11.413322064293213,1.3818370839060474,5.760303459874852,7.245849295768947,9.760087684001082,8.784652511102927,5.560195246138013
TCGA.DB.5278,9.958084017156683,13.622930636813386,10.334577660732956,11.734164993192385,10.239033631602634,10.135120803000433,2.871449415677,5.0992994128936,10.444862081835266,9.153535818714007,11.018703225778854,9.37372672055125,6.4059123967677385,8.621227710051974,12.637303352185553,9.62654664121647,11.056351315108387,11.441230730179702,11.185593351184702,10.571899464850926,9.778345432717478,13.052680952216477,-1.0,6.527214247427047,13.467486721524784,17.872821324418116,12.620858493719217,13.409373406225649,11.930551962991819,5.525339139448607,8.153232298099514,5.445508217018006,16.479953815208354,13.345989331245184,1.0352719899726917,4.345836327451059,6.713414010947377,10.206861010426975,7.468813810504236,5.979606967742289
TCGA.DB.5279,11.982610325743785,11.370257639788417,10.454827842205361,12.12265372871842,9.387555979843327,10.442671721229122,4.130123657091748,8.470740207640509,9.988511297352748,8.491869126185518,10.48378897835049,7.417254220795895,6.81636802735648,10.142996274920117,13.705849336832536,10.40069716714084,9.600705734707695,10.226906333567484,11.848155710110436,10.74283403363697,8.143657695368724,12.090442745773537,0.8547935979936871,5.1229832540807765,10.921589856543857,20.51912360046655,12.969531790900406,12.706750690397513,12.27268147965059,7.655912052275077,9.244724879976314,4.3310674123520165,14.823713506007945,9.764842902377053,0.8547935979936871,7.890776806378806,6.925217351330583,11.585493222819304,8.04525729220923,5.42712005283161
TCGA.DB.5280,12.519509765791902,12.876867294742881,10.69874746088024,12.091564839584708,10.101307465722432,10.804434455493192,9.20033686198711,9.592075195812537,10.126887572517301,9.545412815297913,11.286709646645276,9.9620712072349,0.9287303596110427,9.30648805334267,12.870803896341155,10.336388394565269,10.89175705107953,10.969052180301674,9.558228213528524,11.395383485386466,10.373115605978647,13.317322202231162,-0.23293850231951113,5.549049947969109,13.133326520013696,18.802880935789872,14.117365938698667,13.371063654341445,10.101307465722432,4.357678674719166,9.237713800047564,6.72002531462665,16.747953429894817,12.108057661582244,1.563841478880328,4.9555452974488645,6.724819412900254,8.759956073155774,7.5401691194409475,5.952074920528581
TCGA.DB.5281,10.744791632167138,12.801314534286789,10.612060509253448,12.08825842462906,11.039286953023089,10.663017125580282,4.7867636211850515,7.118548689349928,10.409477177020912,9.002281147798204,11.050151415564809,8.719334397967431,8.874993638932967,9.498748702920416,12.806432070980504,10.0180673111942,10.57965563812157,10.862699728364586,10.278387311805734,11.422434645951466,9.842171016905143,12.553728205844232,-1.0,6.067804331650682,12.766243819793772,17.95244284102075,13.091101005314384,12.918602544959635,13.380960064141833,10.281464001754356,9.367207451328587,10.069997471338583,16.207351807794918,12.487033692626968,4.974212655731722,9.2394338449819,8.403870139904352,10.076310030882148,9.667125915717854,5.885708573668704
TCGA.DB.A4X9,11.313495346878295,11.071442920903236,10.43942201051977,11.623620720804034,9.838370848056545,10.227914318204,8.166949381973383,9.784775182535014,10.127210875730306,10.11368956140815,10.944540772012141,9.194238523596832,2.864215865104355,8.06384804338205,12.54092469201576,9.789885228477228,10.553482809258874,10.959735385471127,9.419755237412755,11.760279296910749,9.760686187175136,12.357199534918255,0.03083043015327419,5.802056180259573,12.732022576389939,18.33451720488909,13.433603839828391,13.278346929721438,11.132262902564301,6.060680802222027,7.572738116864069,7.6384214326626765,16.239746035486075,13.049120502313007,-1.0,8.172176953019317,5.788505623473597,9.50197567697871,5.893515112801635,5.250154378107697
TCGA.DB.A4XA,10.080488321126692,11.801316797953907,10.034925347579128,11.287841581531733,10.374377899625134,10.13466837490028,6.153383813032636,6.012412238979868,10.322441738127432,9.63897397328547,11.069845061388039,8.705275384157343,4.226662655661173,7.786728994875978,11.69153098075541,9.34522159913508,10.63401698646964,11.260825878903454,10.593860552602937,10.910945027720674,8.942342075384065,12.885723480806028,2.5901947931174396,5.584589756354039,12.97451135181687,19.016570305190523,12.94430596685417,13.192628571916245,11.346226606066063,9.13601805391909,9.687120542700937,7.006814141681014,16.97567026725816,13.523194546390716,1.437600617800145,4.599543941036785,7.630673388996732,10.92125176588943,8.111608316748221,6.560268628077282
TCGA.DB.A4XB,11.81891808820542,12.657366151526519,10.432934986450237,11.999741587922271,10.354868318529318,10.487756543971425,6.798679158422993,7.455960058798279,10.047747490667486,10.077361847579109,11.068780763072496,11.365465797101383,6.980936981892696,8.910769831924634,11.952774948498401,9.783389370240686,10.843084233901834,10.953151723601323,10.414942784085707,10.808615521700837,10.19075139029706,12.77089565931971,-1.0,5.003997934166806,13.51983867538883,17.439491691655107,13.77349413817085,14.818513471088293,9.934696797713677,6.763564281713371,8.397755053736468,10.132764338687084,16.12088148416757,12.598660816893135,0.6514995031169475,3.3416015465082616,5.401272069073523,8.884860099907991,7.451554020297971,6.120333276123966
TCGA.DB.A4XC,11.889400948113593,12.978283771502372,10.906479819889935,11.73347924900399,8.058606564170558,10.518649713656576,6.644624941377411,9.07272376687086,10.334121073509843,10.192602405801507,10.76233145628769,8.715655578010335,5.517574911149589,9.157389634461591,13.071895206690032,9.90541634002051,10.426660497932343,11.164887447647729,10.084826587433637,11.562600286519709,9.941443229184427,11.969871703357928,-1.0,6.4264945610733575,12.91576112825485,18.585939330424683,12.885906509595841,12.978591778617059,11.536493181510327,9.108189880004664,8.224772996189209,9.567265165104159,15.880827128634811,12.534355584124416,3.729356990033318,9.660087551477554,7.641015614006256,9.394725914208875,7.690880784325416,6.338217587520816
TCGA.DB.A4XD,12.33438251698931,13.505292229157302,10.687935155141934,12.040542170569182,9.887891838078824,10.472843222838453,7.666592575399219,9.579014731762822,10.340283080345586,9.902376622003567,11.00122182838197,10.613737537564697,3.692460676082482,9.377071460900778,13.758785221132884,9.780643270361788,10.45772119593294,11.167551871191657,10.177127730260036,11.101922307311346,9.689207940741808,12.651941549659897,-1.0,5.239737899506927,13.654080524277294,18.523979116198994,13.630619836773874,14.233968954801403,11.241476807126983,5.7430652001887195,9.034525526014273,8.542532398889854,16.81270711956499,13.470091482916352,1.5311194121059313,6.761958054971291,6.336388729324677,9.635596787387138,7.323332235653288,5.5207710933835905
TCGA.DB.A4XE,11.441041190953946,13.817183479455016,10.389631661890759,11.540108563520954,10.794786565351666,10.316487567830775,7.561747701106816,9.442317363010732,10.14992808002419,9.66103411653037,11.265644169644418,9.723246248628922,4.0045463353056405,8.458439014552349,12.801616015396236,9.817667861422578,11.236678802999759,11.434642977658742,9.995606057423188,11.272862206933866,9.850201530239847,13.089313537764044,-1.0,6.176055434355483,13.70461568509742,18.483944076621373,13.271242667422054,13.191667511127537,11.05756758115814,7.298079985377672,8.213706452530985,10.449369367023268,16.72939997727545,13.16712837025074,0.5004961488878898,7.016557604607895,7.3475354464891,9.527932614618186,7.9431366067365206,5.872474197051212
TCGA.DB.A4XF,12.22853397058119,12.989773574399448,10.622327058680929,11.87174883457248,9.898920573876213,10.798316587603834,8.513282679937625,10.321635919557831,10.016599248869586,9.45687574477671,10.897107511776907,9.580940270642056,4.318627764654016,9.948951784291989,13.526067197322869,10.054428904881714,10.232268014984855,11.052801281233746,9.057678518376887,11.362233434749204,10.434763630304026,12.59180667346333,-1.0,4.925676674357235,13.446623048337297,18.81909280943525,13.366896049553242,14.406142377858542,13.618229477182702,11.597125573388478,7.788820108829716,8.991973857496115,16.510024513703385,13.100800557810398,3.0164784911275935,8.579199762948974,8.017366318912558,10.02779046578955,12.470765445534866,5.732513427424199
TCGA.DB.A4XG,13.069423048119107,13.686212999088198,10.588027505562975,10.950718746912164,10.718187444107262,10.46937482273353,7.1774006009352265,8.20695280293531,10.384739184479685,9.546325756237263,11.347012052799858,9.695585701455837,5.817523493234799,9.359373795832918,13.739200388389468,9.67218204347023,10.421241816778934,11.211192932883757,11.654996567736637,10.407134643457715,10.06789855689674,12.141235048534671,3.7138827373043997,4.665779317860836,13.221679189819529,16.69771593111174,12.882208322320185,12.441197239636685,9.795565177893511,8.366789484323494,8.669876097808208,9.801990404492889,16.490433787419697,11.671678297545778,0.9579145986329853,7.661402591976127,6.318976569779419,8.872167270100674,6.628617596095463,4.266958904350994
TCGA.DB.A4XH,11.850142602655975,10.87159349254866,10.733626854069165,11.876458892269381,10.138316731678335,10.35687811306755,6.436371750566141,8.390320312985896,10.116245958624114,9.816725290539091,10.688017885356318,10.269904986696849,5.583997375662889,8.721754406341029,12.999907644837009,9.713331177627616,11.272512743488909,11.543470412163234,11.463108056863682,11.209682667681268,9.70667593362056,12.936006640221251,1.4371211843841942,6.48162831586866,13.186489771239195,16.235062597354624,13.185977177002185,12.817460037806766,9.615211387880121,8.227174524313815,9.579229750478362,7.525913826336685,16.400564684416057,10.868794163491627,4.386962655946999,4.783755220476761,7.6814099083272875,10.097470955031202,7.512892920260586,4.69431191527708
TCGA.DB.A64L,11.231938389118811,11.49672412869003,10.478807834717726,11.35185228639636,9.874736729418768,10.146294111177003,8.052467520528552,8.851065941614541,10.783834271224038,9.921051105654811,10.947709545687772,9.586826092612299,5.268786191002796,8.773633100951823,12.908867686128042,10.07980075543811,9.803101563790587,10.835310192099426,11.26908990983237,10.25821880312918,8.603340744692817,11.695336663581731,2.899369008275976,5.687822158643212,12.338201678646353,16.74171477427556,12.394123283724422,12.318282519293055,9.71343927244499,7.7255359967890165,8.882614623098997,3.9401761491169642,16.147946542656754,11.884644813005929,2.8067158727395576,8.876929436980873,8.22796388094223,9.967931724178829,8.514594531320894,5.812187576054376
TCGA.DB.A64O,10.648981446414435,9.371409445334026,8.903049420578785,10.031559234839008,9.762901049775058,10.69101239171508,8.400522132942882,8.32745384134897,10.850280852032835,9.749852336134843,10.577428639201306,9.003217957770596,7.27973314108888,7.700859980574479,12.042145568570229,9.58722282986105,9.680945977202674,11.62799730545508,10.831823734348434,11.173841569185276,9.253005962890676,11.509385928852812,1.3707222751481671,7.332034757583142,11.747255506334731,20.028295151476346,12.661369075826839,12.9803684087767,12.610904598461513,13.93208976589791,8.976581879552718,3.865988078083528,15.256981113913584,8.179598130849836,2.2240711534902187,8.66616718169493,10.580380027697547,10.37248888763908,12.231934370289308,8.08301759103701
TCGA.DB.A64P,10.889401138255655,11.533920318121826,10.434878905392655,11.589161848563997,10.222925644954598,10.382577124715327,6.447470097702634,7.150085401988332,10.528778753877809,9.62780507106001,11.357971336878608,10.100958468412825,4.312999092097297,8.577936325710228,13.005211487035064,9.809444510788305,10.824540266467919,11.48594691273009,11.117413043959415,10.815463914754433,8.362204224647915,12.467482263671357,2.769433237361248,5.954187002646909,12.328005029256827,16.870045101605218,13.350161604093119,12.645904511600103,12.847680343031719,10.99084207455126,9.114828725929124,9.828284237803011,16.220406494665358,11.350310654857537,-0.11841368375660377,8.22270218107757,8.010508524822365,9.61778462130711,7.803037773641864,5.963954942189931
TCGA.DB.A64Q,10.739071827760265,13.124513604317738,10.858649952021107,11.37616349155401,10.086999327536967,10.517164061149499,6.610703014601948,9.020870239923081,10.863423110164558,10.23282825412883,11.100750238238383,9.225539809090467,4.244963148627567,9.170111337517815,12.994040677593832,9.727336623393953,10.464101438035714,11.378610729270797,11.314522974953935,10.153464884722423,8.745528114533553,11.615844599984037,-0.13574450858125972,3.768491361138882,12.718623373447906,17.989436130629343,13.333645503758582,13.78154060261686,10.38575478753605,6.029426381654215,8.684979994024479,7.211288709500356,15.91974372463667,12.139279190703014,-1.0,8.275310216338202,6.065223313644211,10.006431418770042,7.227176931545381,6.416515504347493
TCGA.DB.A64R,11.175543500410837,14.767650070924041,10.352248722035302,11.997247873225234,10.374534073672748,10.38868066485929,3.5414404973679825,5.920710135020891,10.570201339140846,10.349572724405764,11.080626487749857,9.440418436642855,4.000351614064994,8.841826289065462,13.278599150392601,9.718625856266652,10.992801139113052,11.090276599606264,11.297473967888797,10.85732105997211,9.70109814428402,13.312523526900357,3.416083074208358,4.540479900867699,13.711948710330507,15.488936397528956,12.73581754685581,13.022834168581264,9.679098086624098,5.682913144582775,9.0206891489251,7.276629725416685,16.868329025992182,13.165382981471808,1.9603263571232163,5.38135952042432,6.031714985287707,8.438437163773981,6.762117561907277,5.414514427514035
TCGA.DB.A64S,9.834436127808653,12.554189465320173,10.099812633141521,11.213194157388633,10.187578976685913,10.706157709147767,6.676237784412919,8.87355146471933,10.327181088232537,10.314426221569414,11.05650353146123,9.798264738038315,1.5647195944430954,7.843011505696255,12.07700226704035,10.101104802741707,10.782639455636884,11.615024893206048,9.408239927816997,11.375229804558392,9.687361860095532,12.23777766369154,-1.0,7.511022030318445,13.180940326049845,18.993274358910387,13.599162738613202,13.846190352515844,11.766235909059965,7.320051371199332,9.719687426199764,8.560674836602262,16.654198053599345,12.629534942195537,3.1469647102150513,8.717176019247963,8.242506761302177,9.299879974565988,9.297627516397005,6.8584274152925655
TCGA.DB.A64U,10.390040914021052,13.594559827559037,10.08282045697436,11.667339462788656,10.302490991414963,10.250742529050639,6.885817152054478,6.556033892345704,10.776314831891597,10.351600725353677,11.074555007281699,9.630445880706635,6.038021276938022,8.609561435666642,12.25324860090491,9.37525234351796,10.976893220819862,11.404553572814535,10.996799205864178,10.727865501806933,9.651241346455993,12.838312971814945,3.0968015818491685,6.333938889967369,13.189083798665566,17.498353714576535,13.194229780553616,13.577941906153871,11.044477864281985,5.516103421097458,8.999480592651768,6.895145060347952,16.23024976514685,13.090827055015275,-1.0,4.668624070367155,6.285100701085043,9.835145150932426,6.768897554526889,5.969021520098912
TCGA.DB.A64V,8.222856231194763,10.279399210165328,10.266241797065339,10.861757448207968,9.711342782406739,10.133945042114675,8.02429086401776,7.450239644965833,10.78900961513665,9.899788609371036,10.922374784187925,8.903147360157146,6.1468425517925445,7.384677567283868,11.831464688508541,9.347426043446664,10.37902642353197,11.292259390788187,10.305644888644656,10.993433850078183,8.939115185426708,11.782632617085175,0.4471030682972607,7.595762476206335,12.805937675943795,19.739178186683006,12.447242291103894,13.705883055443964,13.05491530832797,10.629524196134424,8.460602922889866,6.602694411675917,15.939926504647557,11.815658238321191,-0.1022174553385833,9.903694494048692,8.75966885027974,12.151643410379846,10.218955610408813,7.050736758357216
TCGA.DB.A64W,11.210902704298766,13.728926279445778,10.79822503945517,11.690486108358806,10.899627232967436,10.73760835193997,7.483880253814105,9.021241238826363,10.668440232444697,10.162578010984108,11.328670439933594,11.083858898993311,7.546901403322996,8.269923799266888,13.712349360901094,10.02792935035231,11.270732566190539,11.16226329333251,11.579526527397228,10.853630187988104,9.71915314438941,12.972505287469723,4.417535255831943,5.637769622419414,14.083420504730032,15.131202303340203,13.12715121329038,12.663375420953582,6.495023539209803,7.69954608026856,9.523260840452714,11.189126140275086,15.569511097064474,12.744404264910147,1.6618863848912448,8.302754517524031,7.1692044758972475,9.430680855771893,7.429174050249979,3.8344584085703195
TCGA.DB.A64X,9.083934535492636,12.302709257739851,10.041778504392298,11.045228755666175,10.134025159291586,9.791388556607252,8.46575004595509,8.911841056027706,10.036938313023667,10.18491934195723,11.358731519302543,8.72328891830531,5.297741678491371,7.2121276696136185,11.709245568033442,10.00259507924852,10.606351168458856,11.711850890403612,7.7129073128144885,11.22802757618446,8.941742809016151,12.766861924013442,-1.0,4.1414246160702275,13.739140683240533,18.228973092399492,13.76529552739502,13.827579822285566,11.950237251518358,7.279243767221462,9.292097733088353,5.8703721180005415,16.923022790012595,12.468337028015299,2.010958822072235,6.334348379485041,7.940249573838589,10.493787815072434,7.0785404562691685,5.455297626256603
TCGA.DB.A75K,11.559359833534481,13.706813348008657,9.49451501627777,11.007927093329334,10.62897002802541,9.529443634001302,8.029752679883696,9.23810780977477,10.163343621145433,9.509366083834578,11.206604644033172,8.652334831876518,5.643732112665816,9.149076415225423,12.542335542235554,9.268749939248597,10.462229862785058,11.225898728391991,10.346426969403318,11.356993621975677,7.985715588946569,12.42697132922028,2.7623913410318464,6.055156600972429,12.986073653063412,19.377943875671715,13.254665016811835,13.447496559579806,12.151331974990155,11.546251420445088,10.609514158070885,8.710311218532556,16.221281395961572,12.015711784935585,0.7471725370354632,9.411233438481332,10.5115910826387,10.956094270520495,8.504125374111984,6.20094763377342
TCGA.DB.A75L,11.473632344808129,12.036174059101882,10.16830795148861,11.529048697007958,10.195559714811248,10.446332333354606,6.489729168975186,8.030234538733076,10.33265031866061,10.136957542764216,11.189841604320044,10.535510913328292,4.266876472128188,8.932012140239522,13.26311378533815,9.616292811610373,10.635143376165622,10.96268811506216,9.519230118304911,10.68144179811188,9.931862821402904,11.868659914530495,-0.15360697914763968,6.641570593998275,13.360238171302896,18.041487201660292,13.473468400674882,13.589236546174268,11.519473399940697,9.355786702531395,10.46110716347253,9.00776426913994,16.320211101234186,11.96394891128318,4.94585112806863,7.9695281215671265,7.304605040259057,9.953502864800194,7.762459777695813,5.905577145410789
TCGA.DB.A75M,10.607183539807496,11.775800995235963,9.884651795169217,11.124932147432549,10.580663803290257,9.970350682102502,5.588534755896121,8.59541712962316,9.812227694650353,9.954260735753106,11.053020078766567,8.930194450985795,2.1716231757617814,8.014700636940026,12.227282755493519,9.438519294672506,9.438519294672506,11.645404992930255,8.615200350642104,11.52834226581869,9.91556123398341,12.831306135254392,-1.0,6.172949484786756,13.043441332349618,20.13120138815605,13.846723184862354,14.605245309968067,12.10464766153863,6.4476188668111885,9.575255217835291,7.769001399950873,16.874317194026933,12.22848740366939,0.475188670225608,4.121960305449784,7.154484985213905,10.107032247062197,8.687060688339892,5.866781897501993
TCGA.DB.A75O,10.644793276474457,14.170042630456301,9.851229327784944,10.942691825707092,8.25218666207235,9.32674900194808,7.453518402295501,9.811289911610752,9.813172245413178,9.176918868336577,11.068586241689143,6.467222410698275,2.7973450708435132,8.27694976300973,12.57824436222276,9.069199741280999,9.7837159389914,11.73401735847203,10.286088491760493,11.492867084765772,9.760490761104824,12.588309710755912,0.7424374453762657,7.043063384705966,12.375659341964594,21.247267384817967,13.344772001946788,13.761357014419687,13.746288514976225,8.309319456487476,8.658279687761517,6.086374044386369,16.407140244632224,9.98999373604326,0.11968817451919586,8.409770230205213,7.505666284877051,11.944656796932973,10.488707399384605,6.086374044386369
TCGA.DB.A75P,8.091734737626872,10.763430580763048,10.06336353041645,10.998840447015475,9.493336906291644,9.440459965421889,6.3332394491516935,7.852762319282996,10.436087280150376,8.861294452997447,10.479793094663234,8.927292933581313,5.119982758304673,8.347180631547868,11.044480050055023,9.384571808343749,10.82667193730051,11.199419912460174,10.466158665643334,11.495134698484517,9.564781888328179,10.688950589449947,0.9180045185978745,7.895484401090479,11.832532301675911,18.857151630711186,12.795031236235339,14.149125505983518,12.387872604847372,14.751597923789111,9.616773960154136,5.119982758304673,14.067604343041763,8.10899795939487,12.040665896155467,8.491555309372163,13.114096709057785,12.516381532917896,11.03877402681396,6.972208994427637
TCGA.DH.5140,10.047355842833568,14.910318378039696,10.047810869548726,11.95092851476753,9.883315946327533,10.669899742272897,9.15606663882823,8.523428657422496,10.629450792932227,9.524353848827023,11.594722363379827,12.207897517411428,7.176917123539221,8.990390772059976,11.969582728916025,9.477905765871965,11.679973610323053,11.139246090343663,11.366765392361717,11.418236391536182,10.613425752681101,12.947645393215709,-1.0,6.159179080651893,13.055914509985163,18.112167258135653,13.65798491675672,12.966692283595723,10.665301093091482,12.236951878136814,8.705786842490317,10.593594766533867,15.260691375506717,10.428711276506174,10.914279280801994,8.504244178100432,11.643760202277166,9.890229311385655,9.13127102001438,6.586359435011167
TCGA.DH.5141,11.079929657312784,13.24573759170218,10.39593411460493,11.505379424864882,10.223304766222482,10.457043868837355,8.28852836789076,8.327900645267746,10.735288867901982,8.824463653718558,11.616869279461541,9.213434531035764,4.725304901574445,8.839940382491442,12.53856149122717,9.746806861297644,10.384207528167389,11.651184874135065,10.29156718447786,9.894931416528665,9.192256315057602,12.265465641875865,1.0032424174886838,6.7757590690157645,12.535914142993937,17.190556000962403,13.293983887063806,13.80714633208071,11.163686780598576,7.4168464960872855,9.904021741217662,4.880734495748422,17.224492715535423,12.467525975513711,1.0032424174886838,9.32677753464043,8.430547891839636,10.39794635591978,8.44929806699488,5.732168782695119
TCGA.DH.5142,11.614673822293792,13.542192151289017,10.38814012452147,11.746191568097997,10.856652031084987,10.996015538689287,5.998003642651488,7.558883679029982,10.082540006642438,9.210872454848378,11.692869323954682,8.580375410700892,3.2010692178466638,9.055471980160808,12.178008300287429,9.447138824703641,10.798256069257262,11.126839832065292,10.438357523526406,10.544724156740145,9.992011825675363,12.889462419736581,-1.0,6.761295912666348,12.70471254887611,19.036357170670072,13.645920437427543,14.708463714721855,12.114115779589621,7.567177304143459,8.882396975515347,9.630450431224052,16.934470662669494,10.71797469770144,0.29242839288671796,5.458847864830773,7.952006173518487,9.287324300099987,11.489000454280367,7.324604515120811
TCGA.DH.5143,11.669017461542714,12.177939991644438,10.497055441077109,11.636016467106279,10.097035410414355,10.63029989249154,7.558921934017466,9.215793850370714,10.130623842441297,8.391790485245716,11.193392727486499,8.791758732068685,5.73384780977606,9.159367818973912,12.916927975854188,9.880650326696625,10.506356380959737,11.214883762252008,9.263967488269682,11.382251309231542,9.725549970386504,12.355910280161421,-1.0,7.192945702011001,12.467929585177156,19.698255107636673,13.186870217970686,12.965753086044492,12.331105127454165,7.80066180324495,8.359308120337246,8.278230598024946,16.116752051770632,13.151560571514178,0.31938671454410283,7.77626391301131,7.682225643486097,10.55915039081154,7.885227192410732,6.390203356864044
TCGA.DH.5144,11.316419175259703,13.17817253602315,10.500379326568547,12.164431594723288,11.192788547816459,10.255008381391717,5.6509512014574925,7.457149372588997,10.649837270742978,9.414422673126314,11.804351120280858,9.396220938995198,2.7049383446028745,9.25072926691154,12.23298188616282,9.50717283941465,11.602907275327812,10.956745605414861,11.842567674237452,10.577790778229287,8.941423274547116,12.901493663116966,3.0187409837370334,4.332357061910037,13.467944889915827,17.36836295900589,13.020864772113221,13.447630385446024,11.4168098754186,7.337890347623106,8.80703865379342,6.60201288834189,16.614257281972904,13.183249830804554,1.2636954895740808,4.112149635406783,6.670928122835047,9.355628816020229,7.286111369605409,5.435485250778778
TCGA.DH.A669,8.77995535352686,12.12830032939216,9.881807297398165,11.587715035687108,11.058476622281594,8.425180648647999,10.733146192432875,9.559440380332402,11.49275805348934,9.947072313692262,12.21300342801142,10.587820637172983,3.5215156420945934,7.833761695409675,12.770792672682171,9.252245334178447,10.756692162962313,11.334092573921495,11.442543434529453,10.53112204452529,8.82083600505128,12.656159920275806,4.591858904987171,4.197598084380388,13.054455869416262,17.69268375908723,13.86206048383277,14.727326055123546,12.868267974974515,8.91576109091496,9.837463314640782,11.112616020863861,15.763151626352112,11.671715002259353,-1.0,8.803207659132864,8.80940222449541,11.27584974351425,10.640887136059051,6.151178943968328
TCGA.DH.A66B,10.240928679730235,12.997289813950573,10.346454893942239,11.51514655128612,8.60862335067798,11.45034456479378,8.182849190014936,9.033194740314995,10.288894212787488,9.973233706756945,11.273360044671259,9.845533644766316,4.103992720583859,9.999355292510714,12.142667078136348,9.767538276311289,10.893426832054583,10.644204648709929,8.757970970933881,11.033311422382042,9.779920891635973,12.783906546494013,-1.0,5.442678148222288,12.681478277228361,19.68957878130088,13.625534898799252,13.74872047961636,14.473045777494558,6.864639315005467,9.277876448149787,7.362271741283986,16.432241772031396,11.520485895433108,1.371280054022654,11.765188451365274,7.745675668388267,9.748062665651803,12.231248185981245,7.141219207532054
TCGA.DH.A66D,11.333999918428162,12.731172993193239,10.27711870771351,11.862740171098176,10.460522244421055,10.388023960485851,7.986333564673651,9.896986388426718,10.095726668639047,10.182103053553226,11.018867740336034,9.011037399921292,2.463465519921787,8.8259697043203,12.02110636010559,9.777772784085526,11.043601170615268,11.065582341343733,9.540540731790935,11.457695959633131,9.975379123394559,13.006956409759747,-1.0,5.950529069522938,13.782029058895038,18.940117270689523,13.554003645344155,14.484651010266184,13.022759524378115,7.828783250638017,9.191318111248615,8.582013987380043,16.66459769910951,12.973991273822529,-1.0,7.898088001951967,7.241733426281993,9.287975964706915,8.859908689450318,6.746410859903117
TCGA.DH.A66F,10.728487383554473,12.756482955863124,10.215934568796909,11.634320677367112,10.333306993075226,10.172814634044508,7.080863352096997,9.398522675502536,10.860674437923834,10.029921873174308,10.976686621996913,9.586093295663533,3.0951480243192004,8.80037707084912,12.886226077623963,9.8328903305452,10.710263943802325,11.487250427762675,10.963411915080087,10.445766217704335,7.705526643442486,12.616594122557709,2.9257905923190943,5.051154549878513,12.682056548956709,19.654845461795688,13.286145006888992,13.880666453102062,12.820163901015277,6.535832126133348,10.163914795607692,4.010565029455743,16.14760910162777,11.663449586698999,-0.0390435398263134,5.791767195832194,7.187758841004921,10.540494624511147,7.9067096462582045,5.621931711925584
TCGA.DH.A66G,9.99147989676915,12.80526514439883,10.481332750279527,12.191219518786783,9.929173472090255,10.778271666638437,6.067335398970087,9.8733918177175,9.943266592630144,9.757811504780088,10.428119668587051,8.309221216414441,6.8112128328332,9.230804155172057,12.08875859626221,9.92659636434833,10.37381457621544,11.018364124763309,10.494008614903885,11.348489769010744,9.8733918177175,12.083273146824363,-1.0,5.866846175284079,12.083273146824363,19.220151103094874,12.923203008600296,13.702662769878724,13.156231542325942,11.792469108454307,10.074779961582681,8.436045625308399,15.598332733906732,10.302553478985711,5.608427824104097,10.20862052940656,8.986687387386961,9.983498572123077,10.487466050051738,6.528086797025258
TCGA.DH.A7UR,10.830309919288345,12.214454852831565,10.703524340448597,11.379382212086705,11.263874089839668,10.01191279205408,4.665705427211164,6.409699809538838,10.814308480033398,10.041409327498625,11.506244495909021,11.532063898545099,4.4739167613098685,8.581959021645707,11.635797280495574,9.418999886936627,10.80860144511857,10.864680631860015,11.140579929051809,10.674881842221428,8.037510165455933,12.864237651972454,3.1998764668365807,6.592032388879851,13.61502131714782,15.564266269469334,12.832952023408415,13.049439024536646,8.311251515590447,7.666093310908356,11.870890875927774,11.12841436900684,16.12213912139733,11.18065207316661,2.019524012593764,5.0904427457735375,9.546384025873971,10.469597660735301,8.602626867636168,5.605355059411324
TCGA.DH.A7US,10.690883315349978,12.533984175084283,10.093963110281067,11.349088617001877,10.563590599464424,9.88141333090536,7.321050489091555,8.417449178844173,10.603054160300541,10.311153179886098,11.134865222939275,9.211677105515014,3.099463536995441,8.268703863123765,11.869992553368348,9.366109510343122,10.911878871433009,11.630446927326911,10.581558856927607,11.012819282568111,9.034274876156784,13.036799966887648,4.0913274776911015,6.831597337281544,13.206661552150475,18.248779630182902,13.023436589323595,13.491432511967503,11.936114904054552,5.202402048540121,8.99829678392218,8.434377610575401,16.240001106111333,13.21207083987552,0.7745867811831579,2.620516033367501,6.784842892697794,10.798445960347006,7.049427112067219,5.959846645690689
TCGA.DH.A7UT,9.549974833226154,12.242986164968883,10.018857797681155,11.155982109391077,10.29377739881229,10.03801043622718,7.402488552100511,9.324563338929831,10.158852136535428,10.365024407395074,10.752327704946111,8.675725618796836,4.819136781517519,8.274121392420449,11.476896945040595,9.303613869843227,10.26019153564771,11.278805557827335,10.429295841186114,11.226547664885542,9.518854351872076,12.650542822657721,-1.0,7.97943948644485,13.006649929665164,19.078334259078265,13.078553348234104,13.65424106802615,11.45865288599581,7.711685555563272,9.099973675393498,6.666722512071869,16.33525868671161,12.300798885839354,2.3565945819961316,8.625963027189776,7.679523027841147,11.160722578334962,10.148609151499317,6.172625521827624
TCGA.DH.A7UU,11.784454006631385,13.994826310501427,9.688877613921479,11.590966479333758,10.87760722728373,8.914278682749684,5.8217765325893795,8.902534902579779,10.48518055372652,10.475524914044822,11.858629207205698,11.13929969015829,4.755432417368079,8.561201247186112,13.13711239394432,9.893894415844843,11.396989484238164,11.952897263816778,8.277823457620812,11.72554485811044,10.09531473144149,13.513816281473323,-0.09757905768464979,5.799434464617089,13.933133697413107,18.009886613487556,14.027164360569433,13.681487281564301,9.149948523961093,6.953318791903944,10.644071856562647,9.681260904290072,16.800725122275562,13.229833945408494,0.4533331974603884,5.5810709972296655,6.586623648925897,10.924492017538826,6.815385857755842,6.631581608532379
TCGA.DH.A7UV,10.955078891199923,12.237844600987346,10.314434039121299,11.33728471345676,9.88686561092324,10.135375696446495,10.110724717552971,10.472928798306503,10.323472867329054,10.77083152318531,10.963396669517765,9.412617688870231,2.879666562080031,8.239979379105277,12.689245032244699,9.592163422688895,10.660909013041131,11.333454706430784,9.076158486850115,11.561214996992911,9.68992618420223,12.883072641833005,-1.0,7.519063778519397,13.437626377113466,18.792579295396273,13.57615076176949,13.551588292359046,11.406567494149291,5.720018472101823,10.32046628769061,6.430404042842844,17.103041060844287,13.677697886551762,3.2118376898526777,4.6375117139529545,6.404676661726359,10.425343379447316,7.302808884497969,6.1880190726489115
TCGA.DU.5847,11.38711688115144,8.161159098634048,9.142749615677458,10.488941225648066,11.187914688787227,10.958671388528968,4.2761244052742375,5.323643881295464,11.245127500149128,9.764785358110577,11.34471461712931,7.916956666728534,7.246023228560327,8.649861515296264,11.644243636615293,9.991878224258476,11.138344765157001,11.76788649001384,11.07263300456775,11.31227677127205,10.259950356760474,11.829753491114037,4.664886692934894,5.386990237773959,10.42655525655395,18.78868574055992,14.037908431783832,13.695578655036234,14.610295920774076,16.39441519127191,9.32092078725751,9.38244311099979,14.33452656584708,7.024896969742169,7.692974605250219,7.3477081712454755,11.5450327032886,11.494394558273367,13.59300915490332,8.277471067581638
TCGA.DU.5849,11.699331000714244,10.145839698321973,10.288423164542559,11.596248795460161,10.3606389480645,9.938645861933354,5.9389373513950225,8.189629386589418,10.32754691819851,9.147184823760178,11.04703547956123,9.653767823388048,7.661880685771809,8.76370469171831,12.53139815376607,9.880230020098507,10.224191407482165,11.374981635478283,11.157803295503964,11.226823025395827,9.922001706811065,12.383907697055346,3.438838417199867,6.840329784700913,12.076740120752651,18.100351410181712,12.9388972254792,12.982827751462308,11.620010372046572,9.407165560872881,8.64920694897615,8.316206849128772,15.950854984693487,11.872181702055892,1.0152120850685036,6.384690516825399,7.831409859953451,10.598606388717503,8.153089889960903,5.459631614768554
TCGA.DU.5851,11.13839615845315,11.793762606528517,10.385007312735073,11.87247785238245,9.556241057262516,10.146048142497168,5.403792615113413,7.55005104628121,10.240003477123762,9.432794088997797,10.480764961283695,9.672340651872469,8.906649224560391,9.409363779269572,12.850734250613531,10.195867006931053,10.277349361447376,11.35772749251814,11.024790614946992,11.379266153093038,10.029800431386578,12.08602539737043,-1.0,7.095948675632308,12.859275011888364,18.32109747008726,12.187809740762928,11.542200677504965,11.316144497497588,7.8300904961750835,8.714942995141538,3.698562994453062,15.59244886135009,10.983076755355242,0.5965535527425057,6.086962054300445,7.966722308504384,10.079230089670792,8.606733506452374,6.2429111319179
TCGA.DU.5852,16.04304434284974,13.386228917767347,9.736537061371521,11.567765984494724,10.551733732027818,10.417109251143128,4.333137456307665,5.99277069630584,10.519323209093525,9.2915957308878,11.161179321041313,12.432830645381005,6.192925981639626,9.146348722756677,11.715869953325464,9.371747681263736,11.659066133497328,11.754488994462923,11.166035821034738,11.3364890420611,10.324972910980465,12.753724841920965,4.201712266378272,4.647890091059215,11.545237688500153,18.473728362887996,12.576213426314434,14.65263235023399,12.10349777083835,13.141124445321541,10.7692780916687,10.558800949150754,16.484910884461435,9.285928336687148,12.588516063986145,8.354387362679896,11.756100300451713,11.569099893822276,10.999918987017582,7.501958167220469
TCGA.DU.5853,12.026202120075284,13.154987346869236,10.989150079646784,12.018866940754434,9.794030608840528,10.846781312230789,7.260998544626233,9.38758268875969,10.329486018922296,9.88966852925289,10.841340889591697,9.400793426898673,3.340191934518835,9.34806108548824,13.150177085862214,9.971079345313399,10.958487321440067,11.315537475030656,11.376153993217086,11.1762737103002,10.004997093036394,12.779004354607741,-1.0,7.096180665438621,13.263950079190414,18.47787716801278,13.307400333048147,13.703914666066227,11.64137103715239,8.47862605052736,7.250090882313789,8.45190302730577,16.557947230342208,12.108279151631688,5.648968687845485,6.973340342991871,8.079233023576743,9.099328609411613,8.308564291431054,7.016890725047845
TCGA.DU.5854,14.703927645190097,10.679090959213477,9.827566594401333,11.590764569073416,10.428664174518778,10.776191192140548,4.340469694311341,6.698403249173405,11.127371855257769,9.627950764926908,10.577429488956101,11.354541308035405,8.812597054259967,8.648802995900246,11.90423227415822,9.73410786382034,11.01079794784087,11.17793609976019,10.909559365709582,11.260696410147503,9.430777017017384,11.965827564864114,2.443527088893489,7.736646813514013,11.555319798233459,19.40879576363271,12.472637689012938,14.074646459817728,13.404691228947334,15.501803110157326,10.106966315232892,9.42201303011689,14.655299430673173,8.342603188867288,13.631292484882293,10.622635370430084,11.792615192219653,12.103115363260349,12.798681770449166,7.871503629079835
TCGA.DU.5855,12.219423208694186,12.233557755774543,10.23560058396378,11.731732558476057,10.338554892377124,10.676827061342415,7.63815639869111,9.257137235171374,10.316856797767104,9.50416292358715,11.170981714075031,9.006279788101846,6.513779697814734,10.304917563882434,13.258230259072675,9.853652953934837,10.318390171949485,10.783091628996809,9.78100079849133,11.443024075164058,10.302595402401849,12.495774597394021,-1.0,5.500193367354017,13.534407554305691,18.827713104375526,13.501966847510705,13.808705990627988,12.851250374514626,7.944542236107126,8.80661502912265,7.798369407432599,16.38061810216314,12.067818042411437,0.8925076026207425,9.587916810762042,7.918492381218145,10.732232307314721,11.66218791634454,6.5611748930234555
TCGA.DU.5870,12.228064294401786,13.281105166407544,10.569543686725025,12.082133536291563,10.495931156015718,10.377163560680152,7.774301468187653,8.792891458320657,10.664347545805521,9.608812383785795,11.167629202949897,9.554064244573492,3.643105793233448,9.096647695389851,13.191078713614294,9.453700085713864,10.516480298597523,12.28255170034978,11.65569922152729,10.360908191717265,9.683404517603261,12.642444385667938,1.212382570122357,6.54189733091496,12.586681908338162,18.612286407661394,12.67471936475144,13.042823240635245,10.528244772932458,8.721400687301928,9.13538942118722,8.503220712566339,16.51775678767434,12.497733952177107,3.0236456966705996,7.802759324879441,6.984281730975901,10.649082073426436,7.779083707145314,6.7314615961965885
TCGA.DU.5871,11.945455468608477,13.559597911612139,10.21269675572289,12.262220781981156,10.22077045042946,10.56727800148485,9.296545278772875,10.520720520035807,10.37640250340067,9.235038188471872,10.93630828969104,9.33817858121164,5.570095531344704,9.72760823382347,13.334783153253854,9.921895966660543,10.189653722803216,11.466376902333426,9.613201402676793,11.58720191712254,10.208404105876133,12.76276145415535,-1.0,6.6551142223638955,12.908364622310067,18.33127275847033,13.444550630116181,13.457771513335107,12.777405536726093,7.8433765234683115,8.722450654768757,4.561460561749319,16.69468641365037,13.024422605635259,-0.1653696776905381,8.23904330105443,7.561655303454041,8.988096981248102,8.436292620942785,6.38451957351728
TCGA.DU.5872,11.109407249287933,10.780062426292673,10.319768071651701,11.584789291778627,10.059038041504085,10.821779800563142,7.150441884164911,10.11923684678127,10.129104730041961,9.052661510506447,11.400233760483117,10.668437484448486,4.651665961858434,9.195259986588185,12.412916586471207,10.180047631834675,11.001247236948087,11.468068034948892,11.061279105676201,11.188557321178228,9.606997160700315,12.371289284974102,-1.0,5.734471183314831,12.519664973785234,19.39064293936594,13.491018584050414,13.904376369689235,13.046543785722447,7.955618525300969,9.329698361664216,7.174897726893395,16.817088756375533,12.446756257515947,2.1099622533988183,7.32605550648159,8.235213908249222,9.962497112960987,11.46824473836523,6.8058212436656556
TCGA.DU.5874,12.298308372158093,13.540144170709791,10.768443804556824,12.31201077990002,10.973265497522405,10.392966489518095,5.609580641747376,7.170151406647952,10.565848277675657,9.442917792432251,11.67318145369012,10.873591296814698,5.70122743649837,9.441710459778104,12.733276712311929,9.483966889640586,11.155907754797159,10.850575281395214,12.188511238494742,10.827417258754773,10.754410448948988,13.749935203826741,3.7343627898722875,4.095409682583805,13.448610681958204,17.848594109100382,13.017691667891519,12.91337926799381,10.234309345389056,7.809748196072988,10.485808080606144,11.084401758849866,16.125357289688587,11.297626714021,1.343578377146895,6.3109526269488,8.166183172254414,9.208883973617272,8.293453255796063,5.111077230770978
TCGA.DU.6392,9.425138467843812,14.535066534071941,10.244773868561303,10.30172355586463,10.142691039076345,10.869770178992932,9.904852251265114,9.13313964303938,10.715127181427292,8.920799143421412,11.819513677156943,8.71287946332112,6.273314465268832,8.982375877763069,11.346840297096325,9.363987532018426,11.762758444138207,12.13668319323823,9.65225666360999,11.590236204076467,10.161136796959045,10.551161644823075,-1.0,7.321586316018519,12.711385009678187,16.68995622697595,12.63681201373361,14.546365093323798,10.833123958569157,12.966962881698258,10.671607406160295,11.038335073347627,15.977840504834749,11.358348181138252,4.175165279773299,10.392599600929907,11.93888892089203,11.431565663175439,9.956377899809311,6.194408202027412
TCGA.DU.6393,13.95899130235998,15.01466527035565,10.680914691628873,12.463877494032708,10.532789934888935,10.369671605540791,6.582503315985201,7.732115178971012,10.564149013534186,9.545299670756533,11.379647439262294,10.47503785188073,3.504785625544845,10.048865412572344,13.9188543601271,9.442979562773916,10.885292331654247,9.80108766448841,11.890707772962475,10.206700237400684,10.020795389881615,12.317624621217597,4.236025675994006,4.4726567258532794,13.512055637315983,17.634464448409236,12.85779738184425,12.968062502111634,11.087758709254043,5.726504285345278,9.482595619944542,11.58092359932501,16.754702890299903,12.933316305945912,5.53077306082742,7.5689532621424815,6.716134897443935,8.846709240212721,7.619109971729139,5.024018199618707
TCGA.DU.6394,11.794622142371706,13.13532167806203,10.36150245643008,10.852062996400575,10.680300970534097,10.609831405376097,8.187259025030922,12.273623263776884,10.446202665532882,9.14215633790208,11.296912709085005,10.350739002007307,4.031862725925122,10.16528778307869,12.788884122995462,9.451900967299597,10.445382510312623,10.512957887519544,11.892149076415265,10.725817317178262,7.802805844421166,11.865522456520107,-0.387789064533391,5.445561186440003,11.94019274343089,19.01417854283397,13.432809210040944,13.555184871430031,13.735543215176563,12.447249266099854,10.771903153333035,8.346843011228072,14.88042455722397,9.433270371389385,4.487737152736867,13.369009366414794,8.71035186150666,8.232331220655613,8.22979314227994,5.847651219455983
TCGA.DU.6395,11.00588766267056,12.158972651383197,10.120738002699252,11.560686776561786,10.909318665828376,10.323625868929591,7.32087454291424,8.235729931441572,10.031049413573937,9.234532695236052,11.620525426340958,9.486583055744596,2.607010665901329,8.633759223432191,12.15095734530882,9.74522573323457,10.948631360778139,11.258546895971639,8.744891006100397,11.478425181680121,9.469613532814064,12.699637559613018,-1.0,7.298626243100274,13.24810015787947,18.56486745097056,13.859808895692971,14.271506404399902,11.805313215799442,7.430168166354811,9.99196861554212,8.663909929476192,17.276724226097603,13.814712310627193,-0.23531414747786664,7.810862072390044,7.128873851834719,9.500573427678766,8.688562946617456,4.720541147546599
TCGA.DU.6396,10.55872835336043,13.782007162057923,10.005949259373745,12.24500550139808,10.727172372980043,11.318047214765272,8.519722340251246,9.557636967770437,10.38833249054186,9.562107499209082,11.206615510009597,10.435736925448731,3.199578124940766,10.678885217047531,12.804236193691173,9.675498754573614,11.01866831791078,10.284332864229635,10.175171019636563,11.566327515253768,10.690307349172882,12.380264020401356,-1.0,5.542493319902294,13.296578243507273,18.4770185537553,13.558578308092038,10.616084074093957,12.844836063936178,7.469606817725129,9.773481620664503,8.00054316259042,17.173893536039287,13.226944434617923,1.3246378152244704,9.742867540771176,7.903223296423332,8.999134123186439,11.154914601875017,7.597064055140996
TCGA.DU.6397,12.62699728817561,13.113062047835191,10.30427225364737,11.94614109239321,10.251332689215195,10.132484306525587,7.869955898069369,5.924598755173522,10.353678252639288,8.8295413563083,11.121718763548422,10.302552907813592,4.663879695083683,9.307845380149244,12.878625155102664,9.469813343279386,10.66700196052257,11.548087805994784,11.52799505168465,9.770236058431477,8.08725490845187,12.541512879317953,1.8122928448732711,5.753922711285831,13.230443256966769,18.59170287485906,13.563021419473527,12.962135462697068,11.405593245328765,6.523420815942786,10.038514100185365,9.026756634011981,16.49120089335138,12.869726212727183,0.32538641465977364,6.653211962276844,7.260791601975835,10.811826859770687,7.583196372913144,6.077202401196297
TCGA.DU.6399,12.647709504598117,12.698291872807738,10.29851329653184,12.285463890445063,9.966143326776827,10.631940681457978,8.215016012182707,9.028285137856583,10.364485325202294,9.149763629124593,11.393414859700199,11.111310843997195,4.519315443565719,9.367228204506162,13.5335165307238,9.933419939840892,11.04175640024057,11.17704000196564,9.443439855082469,10.911144401329516,10.052824914595567,13.131933657998909,-1.0,5.114816755841751,13.621268113831949,18.942602660279302,13.889681408931866,14.892598481898283,11.295346910224675,6.395799729699472,8.500232812232637,10.175264226828405,16.508458984028437,12.770254933728236,2.7785029739179112,7.504884915204718,7.873650812220714,9.318129260706602,7.819083758321622,6.395799729699472
TCGA.DU.6400,11.68466486980657,14.112087554434385,10.306184643742418,12.11589421869634,10.438749132373589,9.296739127558848,6.501241676694861,5.460670492754931,10.492112557729914,9.6896507047199,11.537229322650154,9.47994513404138,6.280176869881543,9.573648134143301,13.409937863164043,9.630075784580132,10.986342453967621,10.444430404965344,11.52186191677095,10.513349801168081,8.459793066828794,13.226661873032421,2.511619840658699,6.535713951462433,13.345815485975645,17.51665500492159,12.94513580419977,13.031841675186762,10.426458289325428,9.126250688088344,8.842830533212897,7.031654341094214,16.900036537264658,12.546977513720474,3.585022611762222,8.390851655962948,8.755949762758584,9.10345016804492,8.423434465751722,4.620375268898574
TCGA.DU.6401,12.548347585430601,14.302462666918267,10.433611311371914,12.349392758270172,9.681786039916416,10.560312961190236,8.175631881077885,9.659168914515577,9.802795345350109,9.456029695170868,10.880236908848374,10.446463953920768,3.4435933913499626,9.6135778782363,13.176576099775959,9.70750253160211,10.876258926646283,11.46017388279027,9.06572335628699,11.893884445439754,9.811795157365413,13.576114543846927,-1.0,5.155101558125702,13.275036185444417,17.05429005816815,14.47381180460503,13.069360594840049,12.128200170749865,6.589682602728225,10.580012600481316,6.208632355559726,17.263365326705213,13.21603174444777,-0.1532860593285233,8.972488755543937,8.437253543904077,8.755104224097966,8.11874956559979,5.365314599008822
TCGA.DU.6402,9.251126131022515,7.630997298894129,9.536199027897494,9.395547844748705,11.550360091292962,10.764701608030945,4.206635410405906,5.122010020125813,11.511733977662749,8.82377260269211,11.595027443244737,11.611094670391065,10.563196462923273,8.661812294582477,10.94171567040881,9.068380877639692,11.235150230257627,11.19780968601233,10.306422545968783,11.114472898702735,9.587027945148723,11.609318244255869,2.917870894186934,7.1880002742172,9.920754788751056,17.70088699588879,12.635987999661896,15.137800355029414,14.23017613115733,18.730251680766465,12.004723320144995,9.718086213618832,11.270799597509072,4.673624260720056,15.660392579024315,13.983946363580415,15.075553204372852,12.988952114357536,13.113550227966899,8.58676249195663
TCGA.DU.6403,14.588869055409083,13.155518990487447,9.718018208777654,11.567696595068766,10.38930017505048,10.758728652517819,6.9359876964368565,8.191782725443812,10.648407378848233,12.75395882322402,13.634641205932795,12.642467400948211,6.824436921833002,9.191413859180418,12.575716216656037,9.469726056775414,11.273293598514563,11.789126861737259,11.25624059733302,11.474658557177712,10.4932661450508,13.0535772955644,4.024027067564363,7.012375362657458,12.750588291834568,18.184548868040594,12.476307279469946,13.969080042015902,11.493366630982795,12.675144626902169,8.45354103681157,12.158839863647128,16.076546613296056,12.236636234968154,2.6908863700288808,9.984706968959262,10.9487296850829,11.76536206512378,10.145543087774373,7.195972538924463
TCGA.DU.6404,12.40188158512179,13.03448510100855,10.831757718733344,11.419133814029108,10.330858967531844,10.561403184302383,6.421920068801842,7.74529784659216,10.380964783999536,9.462149684334479,11.276254765496827,11.110652038500703,5.747961999914452,8.695468430635078,11.513770126212178,9.532624566914604,9.966903237702596,12.615205501363686,11.430281299873142,10.926615487440154,10.25015544424456,13.363259167199402,-0.3660573687643962,7.807021904457381,10.229419688230417,15.327995976629989,13.030467958861815,14.212618230934899,11.277537902781793,12.431159847679048,12.39828759463411,10.649023854368023,15.458263519015585,8.497163648979974,3.039857806923203,10.640073447804266,10.950141035242506,11.399231881451954,8.168283001768836,7.514475787627711
TCGA.DU.6405,14.050511194826784,11.185292226495323,9.691803005128548,11.66244630265079,10.730026306455978,10.989442541570293,3.4308873855032958,4.488020058072,10.873488023300657,9.566949259065291,11.182681746379858,12.91849344339181,4.5735926594061995,8.663088395837908,12.057338606569816,9.652398474928825,11.9707781406086,11.685303548089873,11.380226621625528,11.226479569168333,10.15355013175729,13.125753616451751,3.961993677420255,4.986247086763715,12.03841615262186,19.562189160421255,13.640794983129299,14.853380708733143,14.162832181917574,16.693720875542972,9.599827690920561,10.473526466881241,15.733256676900439,11.94479290386579,1.6971065744769749,8.979525801759976,11.23696825621958,11.558221707124353,12.92321303846428,7.541540393670307
TCGA.DU.6406,15.268685268534801,10.988845703000695,9.66966283733694,11.607607543504642,11.094037228926245,11.277008657542607,3.203498750005363,5.038190326597603,10.99414373579584,9.490310592063572,11.45479880327723,12.91848010094303,4.939250089515775,8.860214820303192,11.90769076885054,9.20178919734751,11.768335535117002,11.312387227253186,11.217554207706517,11.620210568031842,9.691542190725519,12.64910740876449,4.864176237701529,5.695935369418693,12.52847652755149,17.88485637805997,13.128489590261038,15.647444563833881,12.44343154065829,13.390089643419023,10.49976368699228,10.95646400867644,15.758060181287922,10.308429252646865,11.729206057823875,10.142419692466019,12.058529655679001,11.587181660548683,12.071624120362225,7.620796055168964
TCGA.DU.6407,12.923992164339591,12.63896275445401,10.551416329032163,12.197163789225662,10.492872941584608,10.517040015395587,6.5597349951167025,8.672560765076286,10.351325763181611,8.426438370925672,11.551553459154315,11.72889692044811,2.6756578808049363,9.301600677987242,13.716292037608248,9.846126264606688,11.105056451628268,11.181186304563816,9.206052202742148,11.144374391424199,9.722846799257546,13.116402236491924,-0.1639142882975942,6.766367238190536,13.69628976752674,18.81576463208061,13.816432850875175,14.998550311723715,11.851835108723332,7.403660557800895,8.69186527958781,8.946136046854024,17.41048223187667,14.336614360416416,3.128458384146928,6.63004574309953,6.7401139941042265,10.217860909282658,7.723396781619736,5.687631828743355
TCGA.DU.6408,10.994489142818448,13.366331162752646,10.21458140514671,12.004613922834583,10.905199623019373,10.654666009782115,5.781564299405621,8.379708892664505,10.17224297189753,9.548049503539827,11.662199401163097,9.424957139296739,3.6718028686656465,9.03410674301488,12.467045454607682,9.633753230506626,9.877983759154183,11.60864580312043,10.96714151062418,10.559700011564114,10.150849166408236,12.603319948372292,-1.0,5.263725531638549,13.022306566549531,18.89686871152136,13.684366970095018,14.889590131826507,10.94736561272405,7.78725548634429,8.58655534826165,9.44308091844316,16.695481794541756,11.721787338809298,2.6836515448124847,9.875559385346381,7.412298852954317,9.091640337604991,8.567155242975232,5.956927862632857
TCGA.DU.6410,14.383426862865102,11.586868772896123,10.984982252968521,12.451936141501314,10.992261427408808,10.49526573947108,6.1076460272041055,8.18257908600201,11.351939276453113,9.654262597838104,11.732267630542601,6.007374929927647,5.26799265406106,9.784399120682428,14.57046192298731,9.820728805312507,11.28716584086573,10.30999251667033,12.373003746923242,10.0576311392783,10.381124249315024,12.63589556725542,3.2868811477881614,3.2868811477881614,13.830532299761638,16.26027791825051,13.082069368183554,13.778004849196133,6.78957537656232,7.33295492479909,9.98839441459385,10.88886453366791,16.175972564938043,11.668471966989422,-0.26760054046136283,7.955392436859869,8.043023454635803,8.630689768209125,6.78957537656232,4.03336132775946
TCGA.DU.6542,10.949059427702457,11.883317359325389,10.063156275271128,12.00378074256436,10.709697904509422,11.024031224395126,6.671274970641757,8.38949152603404,10.171340702521496,9.611149505708479,11.053560954325883,10.412794754215627,7.257674467350772,9.631788752416107,13.013064874222138,9.858227693541394,10.621416655831672,10.86719463153531,10.347448965621316,10.94818396262921,10.420864685178827,12.573666854019036,-1.0,6.476383307843774,13.313534771204907,18.514206707758923,13.26893789763488,14.53965414346995,13.055149447871852,9.42604057434945,8.694266290156662,9.299990983195393,16.60057319664465,13.426587228103273,1.729965997446928,8.370319058485967,7.250066241402291,9.479073291501233,11.649296915559889,7.215323314446821
TCGA.DU.7006,8.699820544270853,11.220688600738722,10.190331389401633,10.275650797801628,10.745364157442506,11.315557400015805,2.348345745113481,4.896111971123091,10.946135388738917,9.024804186698413,11.272516942450878,11.919899578466875,10.050903644677827,8.920133977954904,11.490388919809932,9.559960934023833,11.496277932310598,10.715630612667555,11.387031447919608,10.545974641510968,10.173577455747955,11.041162061674015,0.9524081223264418,5.273310734921509,11.418989928839554,18.36509807345098,12.572646799365192,15.529320917236646,13.423888012938496,16.792558013086676,11.011581524963121,9.942298231488502,13.746473529577148,9.250288942045716,12.963439768523164,12.085117783486398,13.48211728138624,12.482180308363981,13.754196170408868,8.947231903819482
TCGA.DU.7007,9.844164985844174,12.596247141273874,10.418234124744114,12.13363284440325,9.139328791848811,11.63997512882998,8.571047617102382,9.296884325030883,9.764357269491923,9.4451123331577,11.139218841941714,9.052688949560011,8.945045503917797,9.539530877613542,11.405841043143793,9.634790543794582,10.960627471256684,10.45145263998324,9.861780008739872,11.372626984908145,10.485594776240587,11.161346444290874,-1.0,4.956265790850995,9.812027090513322,18.991957330223485,12.785709310402995,11.086008009264786,14.545638703745698,12.333766576816364,9.82052762477869,6.903157605759649,13.795157676571254,8.052243068202309,3.7132779005727166,11.225363087748482,8.942127095574074,9.920786789740841,13.52442375054993,8.019391127838112
TCGA.DU.7008,10.912692523638054,12.207805693502104,10.374838982757426,11.778297131969511,9.723844021117293,10.29205757473707,7.242870176095379,9.068424680340987,9.997854086623875,9.367689066569582,11.557639408664556,8.407648041680643,4.2136116867827225,8.79521724928964,13.091154026744737,9.810048281725546,11.27876293735821,11.050252855714485,9.855577092790892,11.320540073230534,9.969897022731711,12.515202076835108,-1.0,4.845866357091157,13.799161908084116,17.633824879380622,13.466215191094191,11.726883697991918,10.93794519377752,7.79514158035163,8.961937263182616,10.067049097643183,16.905644572055763,13.944702847455552,2.306816342884621,6.616076812315747,6.954145117073924,8.74771097608175,7.400864070217669,5.2145134100800155
TCGA.DU.7009,13.409386706170856,11.9434719523351,10.512282302293285,12.401026926170355,10.736680380106009,10.60092023889975,5.722020578263896,7.7803822844893045,10.50871614473464,9.175735411176424,11.448617701959087,10.134808891726198,5.391159367094789,9.381470057554681,12.93055078030246,10.065704106372019,11.301116894666375,11.451097134421932,11.86056286432555,10.58914915859974,9.5430178960536,12.59588783502508,2.4080868294979396,5.654773489695108,12.675641144268125,16.82314727224711,13.377322321363739,13.606260889705226,9.689859459060068,7.4568086128469515,8.954175367887505,9.372995832423763,16.098664990732622,11.47276525642725,1.537942090749452,5.306061689428342,6.024660984438821,10.103628244271821,7.200992738738059,4.685962567775134
TCGA.DU.7010,10.252536766696174,14.09312498455966,9.8997979727262,11.72945824003934,10.922678721114618,10.698742079134982,10.449489155519592,10.38266606404268,10.60386414754445,9.959535153409174,16.536875909437175,10.19065633907085,5.93969674069176,8.720545935582411,11.954068650951442,9.711415921064315,10.968750731991706,11.547069289274635,10.790221084291046,11.192950262308507,10.446999411047365,13.13661046456686,-1.0,5.8369491549964145,12.523656115298133,18.13634573138,13.65550333136701,13.314407187352911,12.070955855515365,11.535397718583496,9.396815818759206,10.978049942509658,16.576227050029537,10.852218387426262,1.383883970247947,7.551984279196227,8.822027746447308,10.096099077822064,11.263979279978258,6.0683784590468886
TCGA.DU.7011,11.643541287217058,12.579388518401807,10.842416426133951,11.920087555286536,9.606585839024417,10.971606562711814,6.9623639315069505,8.418902937460254,10.236051514871097,8.947058575255312,10.992278920576098,10.34860523226217,5.722908601648563,8.867914374051084,12.392592785942194,10.34526984215894,11.242267431486813,11.056915254813527,10.499136321133415,11.00422439965861,9.680574900662995,11.855468822948865,-1.0,7.119005421714681,12.404760444518063,18.265985777643415,13.765378693896213,14.166503038034778,11.804310580356313,8.190768424790155,8.668834294090518,8.060555437689372,15.697945834363333,12.664497795768277,2.7862617851173015,7.735740135588938,9.012655263892093,10.205106187073367,9.363655136458515,6.99252599776028
TCGA.DU.7012,12.560573605655032,8.860097777941421,9.85296264301957,11.367313835513187,10.14341051140962,11.542980667493401,3.4323715228674536,5.662476122036561,10.53145447073547,8.520247794461158,10.654865928544178,10.520079214073514,8.899109150876415,9.082629416083515,12.087532587504787,10.018707606587109,10.637224501077496,11.260433556363521,11.722428368409524,10.63451431445076,10.37428062192781,11.278291589473755,1.6585085616363107,5.459664398374671,9.656204240996756,19.83227766774094,12.58167726584917,14.804010720979369,14.46498687648939,14.481649176737418,8.938705105356876,8.931853811562295,14.315602718426396,8.355940388563777,10.444730004497753,10.609277931561163,12.301019380936122,12.092149019860967,13.703965381829487,9.073764813975794
TCGA.DU.7013,15.826834244781086,11.64749588747009,9.87845438163473,12.561603303309065,10.085966197313208,10.822215889090833,10.304030687137885,11.293616313434173,10.44735200130064,9.27218046187704,15.257067827107727,13.217452969152816,6.3430240001506935,9.571309908964848,13.59588218374187,9.775733888011318,11.16662977989483,11.094453159899023,11.691034732361121,11.171184180027282,10.792569318955586,12.422787063242634,4.570377921237966,6.321332860407442,11.887598302283283,19.224024336992393,13.503495417907157,14.923950367496953,12.547484508525637,14.304929681363902,10.276396048482866,10.903658120301984,15.887984807180688,10.607591085053382,9.847298714939164,10.167551494871264,11.16754183594756,10.80473564834492,10.995032404538762,6.8252933687921065
TCGA.DU.7014,11.642905185451509,12.535513076043948,10.264820818247493,11.591927469137259,10.14603133565307,10.499054180290953,7.277146030015598,9.62142920249394,10.375568829356355,9.56470263937261,11.674535948858427,9.946093341873604,5.256712541106962,8.81938685863397,13.134097922118924,9.653655521955386,10.729218126182683,10.643280168970287,9.113494230363322,10.940332392439846,9.9406994389367,12.112754011295252,-1.0,5.420671030203772,13.825389357310739,18.360665050728905,13.271978982162587,13.075420885627183,12.400676729791417,8.677431778528824,8.279098873280093,7.977552406829469,16.98353187985538,14.156600705153261,3.1346645249316025,8.67201687415936,8.496878138261255,10.433681096066994,9.466778616272777,6.06755482681324
TCGA.DU.7015,12.563620770212589,12.888946056564182,10.503909395985058,12.277740045887906,10.164494669195847,11.316338220061134,7.079324771806663,9.208373864961114,10.286152502595867,8.97191337676886,11.184881292153918,9.809211518817909,3.086664895128172,9.374627856921178,13.355217723565803,10.068297030723008,10.948094072014381,10.649848315534447,9.98980120729213,10.90974663229254,9.853292710865942,12.57850935877656,-1.0,6.1311037852390236,12.832954218202067,19.353229960920594,13.453242309780371,15.487047574074817,11.962757366958265,7.240557620482306,7.9579679792186795,9.9745957040665,16.91863869293353,13.020829048578818,0.7523204284596704,6.314049342665837,6.652325867840767,9.279530261441934,9.0063810640066,7.251813754529217
TCGA.DU.7018,12.365688928880882,12.39971835731052,10.566276991554842,12.304049972865458,10.219843597027086,10.379831141957867,7.19331935210365,9.134268693326364,10.749265413292694,8.68418475480723,11.729558973132047,6.638809482002874,3.613331264690521,9.612348443747615,14.132081616830844,9.67935799307497,11.358993923866159,10.580465203923906,12.05942298213132,9.581171388714276,10.2273773194886,12.85629619385548,4.320520781045458,4.441536596978902,13.452600286251775,16.266647660341015,13.14647848061675,13.071569940556161,10.00031879474361,6.642421437714116,9.478339274282062,10.483129729545688,16.416834798285606,12.930819022683435,0.8063653061224552,7.891862669627804,7.672754154102916,9.118797315012321,8.42062471755386,4.881224109219791
TCGA.DU.7019,11.034594646538892,12.267129315696133,10.679299927313744,11.82330943554387,10.128836485258265,10.993507019684833,6.609887904271249,8.303687152583105,10.457224698367849,8.737404873006705,11.185489535000777,9.973231840911474,7.436420059149882,9.258542950584612,12.299927468994133,10.081766623252364,11.147898244270042,11.421175583864828,9.505087444924484,10.793796983168148,9.631526498522046,11.980199533942145,-1.0,6.060136035767252,12.45067796327663,16.006199699093614,13.707800232070122,14.160288266153636,12.33742535764038,11.107561489363041,9.65434584938909,5.932313979985503,16.479260686922494,11.88338174473235,3.0852206792924837,8.566847492540457,8.75640253804737,10.394405564470489,9.075774610986308,6.691119553851247
TCGA.DU.7290,9.663094446084664,7.22747828521001,10.147775020327913,11.28168434230325,9.508191128675106,10.340186926339484,7.525747081101239,8.60368234568623,11.709021716723155,9.201915610031183,10.712567409091386,8.99777789174292,7.089990645769389,8.634440801674481,11.027350991175227,9.874581516695255,9.978288312537535,11.500561228660253,11.39431954343514,10.68740123002462,10.434628957323339,11.058000654989751,-0.2820878303555712,7.601948282824505,8.766341727065448,18.345836572118355,12.521871115935419,13.020557170096067,13.76269589663676,15.19324200280111,8.767409495393968,8.493134121519846,11.667440769039317,4.2870806870934155,4.819055009991062,9.533518185421928,11.361460291227612,11.31912287791041,14.91081992750533,9.100491518004379
TCGA.DU.7292,15.714301960395325,10.084663845370025,10.377326809092258,11.739315117889921,9.814633572132445,10.001988252299082,3.1381755319496834,6.1318837055095985,10.259728083540749,12.380813037575733,10.478003685832663,11.502101770808427,9.45572318780407,8.73228412572733,12.799462453064322,10.386305707862325,11.407567958061108,10.753606291114005,11.417203894554095,11.245647120069892,9.526157451095878,11.891633996857852,0.5441886066469709,6.322420330587125,11.305674639697008,18.438956010864445,12.4253889376347,14.393121623183086,12.953322193463928,12.739883366497336,8.67931752324576,9.671108812633452,15.471228214482753,9.550940670567947,1.4519100313047544,8.820539271998124,10.55138114317717,11.966425239869192,11.105248016767739,6.851489208003079
TCGA.DU.7294,11.703632956252722,13.406980577732142,10.439867236530178,12.377476997586307,10.269702473127149,10.68664942873819,7.304323939291098,7.501364301421825,10.931152422211213,9.218051209574982,11.399172001914016,8.868759599435997,4.699201798749285,9.525534315946064,13.746272882548928,9.869539558023398,11.446729019700856,10.955468070002604,11.932453286376543,10.045970385930246,10.123021678171565,12.641685104312682,3.445223473050009,4.969997720388526,13.37395099741149,17.275931605540954,12.747732434789395,13.46833404937948,11.578764449229139,6.1476913390396595,8.899467198015254,8.520598645714081,16.345460074463755,13.351777131816391,0.22712493444992585,4.857722281786627,6.706284649049693,9.479529286003517,7.88572077389484,5.299647629890913
TCGA.DU.7298,12.318334609379953,13.055724803192206,10.270967337325493,11.17057675949785,10.024701702968539,10.330001125848568,8.096440028051411,9.017704819494458,10.866139271293752,9.510598233613562,12.261733656467394,9.3941458242617,6.449343468288777,9.562144332890282,13.565662299473093,9.674505848065358,11.564487302167654,11.368578976391339,10.284858446944197,10.546840743570934,10.190820637961542,12.601458727759754,-1.0,6.313146064348634,13.361956038235368,17.560871669146596,12.95685566293055,13.206836321884042,11.020918078036038,7.79500387218679,9.824927086784013,10.923574475656133,16.05904843163528,12.033744371489874,3.1627578727615817,9.033042454301533,8.215846500078532,9.372732317358123,9.476756733043798,6.501343599277127
TCGA.DU.7299,11.485533998846465,14.077187677557387,10.426968525932955,11.348578179171623,10.289910064547273,10.68405795989544,6.846639985011999,9.051536603518917,10.257459622057297,9.213849318354184,11.043030497177078,9.957209876809276,4.002594516708452,9.5926808992589,12.74656758146673,9.83566042745049,10.716099219879608,11.11044533335467,10.041357714599854,11.140357143651967,10.514334446223254,12.037724054155051,-1.0,6.350930344183738,13.326540325439089,17.693011971780738,12.863497352654619,12.276456710418406,12.017463165748692,6.978068610170845,8.397947959799552,6.004986703322438,15.591307258647731,12.335045579733443,2.1750774320601605,6.767306528601651,6.433690588193715,9.73772021932611,7.1538144542070805,6.553673831518913
TCGA.DU.7300,10.833876151428917,11.908884869604913,10.796801812546667,11.9101185060041,10.006159426050257,10.452935955802294,7.646624948406239,9.152398174354719,10.51852412359841,8.679006395518796,10.856730999019991,9.192119187389272,7.852754205897609,8.74503425393816,12.515711491152869,10.15218392618904,10.636590093320782,11.020132888006275,11.790681720006027,10.762583021946712,8.802836533575404,12.506715311721488,1.107487016116719,7.641851615712627,12.204050212848793,18.46600865697669,12.523354921324682,12.787341774078723,11.352893669869381,11.481683557414273,8.738342260049711,9.502983920334536,15.6942339751181,12.569091418271224,2.7629228026418207,7.184370559230793,8.783464184747707,11.13985667774816,9.385120159868599,6.1695602740964395
TCGA.DU.7301,11.494501515881087,11.455215777056504,10.775123319871161,12.55885360033374,10.371319809322184,10.705183008584298,5.43224790305125,6.990367228134203,10.539839858354439,8.993981399877761,11.434640006818379,10.642366469449545,4.1294561299633,9.449809574391026,12.286855221819053,10.160060741123832,11.217645988765172,10.744521387888573,9.271758540019096,11.297578398700475,9.989339288914136,12.90706534273281,1.5503589368270707,5.771597750099137,13.122771935635438,18.761057256228575,14.106646964352045,13.797407025780744,13.190897395915773,7.1469138121293705,9.501831016124106,9.551374701957783,16.057954102743626,11.547813884940597,1.8571051626853319,8.515192440730193,7.590419380670688,10.637975155492924,12.091251037526096,5.696361119252301
TCGA.DU.7302,11.778948973556597,15.066148261352398,10.713175895302374,12.21990623039217,9.596539762945921,10.610927661180703,4.759416859140285,6.972522644890432,10.91205131209142,9.200738269441596,10.473124394816889,8.328959399639352,7.045060665338812,9.871542593704818,13.68831240926043,10.223756178026896,10.68178902608967,10.766370551290567,11.999736233202169,9.805489484051883,10.18076810836434,12.512586557248792,2.301821736339363,6.136898858648522,12.545777385421347,16.56889969607665,12.42695526919201,13.163654125471655,10.746186528446016,7.849006564934485,8.917247945669764,8.796375819833555,15.446486718769785,12.04057675864078,2.1984941536390834,8.225975223647685,7.186800625704313,10.225400144988926,7.8868933440374835,5.570912185283116
TCGA.DU.7304,11.53752370308451,12.3569455218898,10.738039382357828,12.176368996940244,9.09221351768712,10.715231537497836,6.163941455792785,8.950363427670395,10.405308916691725,9.20680046323549,10.62762534953327,9.886565083871643,8.098181610025904,9.502253416994394,12.677517403546464,9.946029867066938,10.121533776351685,11.056782993284772,10.520918286106811,11.415878479874662,10.100380999181281,12.601494779273285,-1.0,6.463831679539648,11.749543150406456,19.4451388736865,13.19501210392626,13.338102961691122,12.21099728299552,9.44503637229093,8.149228875398336,9.426680518082401,15.164413853548881,11.190300458576141,0.6392321632492772,8.140244395760893,7.465505185899191,11.04479722525908,10.569580710771557,6.569339182950469
TCGA.DU.7306,11.779063715479108,11.241908451658931,10.487136397729284,12.224674403080439,8.549429291954398,11.001048742613683,7.919561165906253,9.663493528382446,10.105137992719976,8.766653793211955,11.151207489846435,9.978911335758475,4.378046834123867,10.116308608277185,12.514622736442766,10.064277417190063,10.373452898405933,11.746153728280895,9.178648170915613,11.362970068112466,9.033433463791797,12.15927310595384,-1.0,5.538445043474804,11.996401210937691,18.45536430352561,13.334301934979429,13.355232220614399,13.271523022227399,5.917162000622997,9.426794554267149,6.3177870327276,16.492374075647902,12.259331548511144,0.5372463609790731,8.293599474002734,6.779963558617646,10.641732332654566,9.953761400266355,5.782361382995368
TCGA.DU.7309,11.61773894375301,13.042110864150633,10.609635119142881,12.140273318608347,9.854934128771582,10.761831101431437,6.25882793287345,7.659520741314409,9.931062941921018,8.88020338328952,10.793226859000935,9.652786726374224,6.628098449574791,9.230486923771231,12.748751051985877,10.440813534556792,10.557594371110115,11.558594199352967,10.637462354724175,11.445753856654836,10.017412533377271,12.144096253372743,0.8439034688266623,6.375925634373693,12.397008047980192,14.96187545812982,12.805633268008652,10.431036097865087,10.672224040145787,10.573312602486165,8.834896684939103,7.633884524355911,16.283172270191304,11.482126724891542,2.235267529641184,7.308156064781914,7.506116333220907,10.331972638577732,7.918875756474763,6.0491319236948655
TCGA.DU.8158,11.754966689587773,11.84860823174982,9.37813898006324,11.556474585183892,10.01439435055978,10.48354071211499,3.5525861065443802,4.863898815400387,11.116838292027746,8.881153737508571,10.88021073142388,9.010983710181481,7.572912399781011,8.925476702848494,12.626195351016701,9.605173908439808,10.924959288874438,10.909394503000303,11.53777716674572,10.896294330185851,10.066423716956958,11.989120375938485,-0.3817613444045452,6.531528062077054,12.148641847093353,19.920230494142245,12.766654020942587,14.236433070404875,13.561762209291606,14.292640645683118,10.251587857240846,8.438261658285265,15.063260618709943,8.095850068667183,6.64768866364999,10.771607405824916,11.530881987126488,11.361280869721849,13.842878547330939,8.759996006918726
TCGA.DU.8161,12.795633357521028,11.057939278623204,9.180911414800821,9.649006064742665,9.780432484056515,11.410958802575937,6.825194133524602,8.072883441078204,10.781263475997951,9.081249605347711,10.644197797547196,9.966941871436088,7.860094983710635,9.163503512409896,12.472361702758384,9.757914651567903,10.841757585165288,11.990101800522606,11.408712020225112,10.814133406258351,9.98256369587783,12.663510984600824,0.1444379983683916,6.954041561409916,10.863013478473384,17.604300518146317,12.388930389165242,12.87765294768074,12.476888061977247,15.882781722044337,9.126482502684912,9.247079918456736,15.434727803645469,7.548770286404231,7.818144989027272,9.952030788820199,10.67203040319186,10.781759596117613,12.846155085904957,8.452772087482284
TCGA.DU.8162,13.694427898024184,11.122022836912963,10.624806145834551,11.86320936338457,8.849716908324536,10.32573111663973,5.568743545344344,7.187673736061571,10.266021897087423,8.81442256702323,9.625262816999182,9.285867551680358,8.908717153122563,9.102948604049825,12.52376658469955,10.40228409940961,9.992696639725336,10.949357065534478,11.73637520823182,11.441110202095688,9.927619464290595,11.069671357497812,0.23351997877391634,7.284648306231172,11.256792726128609,17.54589339365285,11.404716837632195,12.253154771919991,10.87759250443238,12.88079899652554,9.744273801717952,9.037668568988964,13.606892803321912,8.551492177587615,6.42025163598721,9.327431609801671,10.03976337700319,10.592654646791667,9.625262816999182,6.289268265925434
TCGA.DU.8163,12.238411487013753,12.492631190384188,10.33110000363402,11.824695349086872,10.23948396827069,10.851003534460467,6.242126101657938,8.439664273724404,10.3058432174059,9.489273777972748,10.997305181912804,10.398685341758783,5.5987879940440735,8.978738197475765,12.752581794399113,9.723017005525259,10.974754644287207,11.029361844815547,10.585441722734592,11.286434682573741,10.358604611968726,12.57137756039122,-1.0,6.773878995908086,13.06922799224432,19.234292729134452,13.163764225479314,13.251222444679248,11.93768046145597,8.012318928884557,7.9257401609976945,9.538204261212167,15.991114239108642,13.320442171185555,0.781905211416113,7.710256796486081,6.317586269424583,10.017595010369291,9.250226873619694,6.882237081440307
TCGA.DU.8164,12.214421459868367,14.33776715366798,10.647270252211774,12.306423542842412,10.592038744574602,10.643753844965177,7.276129059121702,8.408962307178983,10.600873977808709,9.11322463008367,11.331838206131419,10.220376030023173,4.769380339266017,9.445317842102911,12.895331215292314,9.871452188002706,11.378223261342484,11.641136943784938,12.125833205261134,10.75712494918821,8.353457831729909,12.97899049921101,2.227494650859301,5.062121711907798,13.170820600075553,16.322714454008935,12.982027201411267,12.62187469854418,9.772339649706726,7.294185117873074,9.042500706378412,8.702489593164444,16.130703717991793,12.498047625118819,0.9217409860795005,6.8008339096693184,6.437534039352441,9.061450852610644,7.2042835546769375,6.093141808310716
TCGA.DU.8165,9.641906693887185,8.058024203332549,10.159263359905639,11.211733920350467,9.975140057164205,9.933657463733601,9.913021926382418,9.381091470570652,10.907018103176009,9.306934107948821,11.303510788287133,8.648900041213873,8.61338836343642,8.93881564737433,11.836161157358681,9.87488670129631,10.5316053533119,11.338019424540086,12.13418393607873,10.855337338720672,11.1041569670383,12.597400045066319,2.3232259364830092,6.707069183368709,6.356786469421233,17.455051656833255,13.286159016174645,12.799991055483419,12.508835338660157,14.100667890348387,11.26947334026389,11.370495125459511,13.188776077942657,5.083570805923531,3.5559756278420616,7.842218326062776,11.200041620141862,10.745120330304427,13.914285934117208,8.511711150984311
TCGA.DU.8166,12.824805396324264,13.325810675334383,10.60876295669895,12.23986672745973,9.730031232996037,10.823278860325118,7.194282114880806,9.484417110681752,10.274438958328425,9.41100754578868,10.846087469563944,10.13728922971009,4.114050463598423,9.762541498779457,13.259764592120087,9.988424807862602,11.424438684664475,11.025881971497956,10.238136478205178,10.704589123143727,10.810081629651531,12.849209424606991,-1.0,5.372603915204483,12.486330492770156,16.95028009377004,13.135966159131764,13.69764529244641,10.972435047915203,6.236102234284067,8.257609416091606,8.361468351511132,16.164689080400578,12.89938069698189,3.020573316536278,8.784287379198004,7.43813646241371,9.068863171508667,7.252479052593287,5.9028598509373245
TCGA.DU.8167,10.450325643698337,12.837310702476909,10.045031442113782,11.504494419209786,10.75772459913707,10.631852580928369,7.7935402357118315,8.7052307957511,10.129604882369188,9.858732151390614,11.073442295570581,9.560446907707663,6.633743605452862,8.249863885691056,12.114819162878169,9.570764978858982,10.938983281705339,11.035836875715336,10.508876255924148,11.139983009191178,9.933212037460093,12.330781395072178,-1.0,6.5844574690711495,13.490683124865528,18.533906081434893,13.327087412197972,13.151622705072878,12.847156067854655,8.47107037488419,8.160201202056328,8.05331827448284,16.371841889086063,12.62247911796057,1.369829380153929,6.669633431842182,7.6895829185715545,10.0575018541081,8.99887104401016,6.460179003352801
TCGA.DU.8168,13.172131328833224,14.380579016550518,10.775892702023729,12.323373897386562,10.239417136831978,10.849795553203524,6.5338156109130665,5.248652475350812,10.601356952238133,9.35011707514287,11.225196047200852,9.249771465561896,7.24776804886323,9.75159627634048,13.969777758843811,10.066274764012919,11.435238742049942,10.470135891289111,12.322647628643859,10.516832657963654,8.45368095139215,12.947661865315347,2.375706740723043,3.2343173698161567,13.100653256436107,15.43493340966198,12.983024509621924,11.616829177214337,9.473740446931002,7.837077238892042,9.647881638867158,11.419268887614063,15.773097718335755,12.745110033353308,1.9194926396146388,7.831147604168563,7.085372602373428,9.124449371302493,8.465213748269326,5.257519847964218
TCGA.DU.A5TP,9.582894283166079,13.155335440761498,9.96709726085507,10.988762215347679,10.504700826765303,10.821138418522619,8.607600701249956,9.251944851035265,10.238664592114617,10.369324266135857,11.68617023652325,10.075355064356017,7.640945503689591,8.866779116187168,11.027579764127895,9.249027860542931,9.850052096454052,10.543708819118859,9.138830848180794,11.764180133687514,10.744157899297539,11.36860369282126,-1.0,6.86125443504703,12.00941985417544,17.802957042130558,12.79723708414157,12.768072416439223,14.580015857933505,11.324714931263445,11.591660905960218,6.930863863464803,15.057095342606706,9.881157868116883,3.6797953467081372,13.648587170229332,10.451557111049317,9.7803753942163,10.067649606093042,7.278560037370556
TCGA.DU.A5TR,8.156954751991293,12.09312325099222,10.23818628824823,10.566074117757848,10.548026280675732,10.697575415888346,9.21071444137349,8.468251357957362,9.896072301757297,10.270918179260349,11.248116261606757,7.933114642079884,5.100712793031481,7.9199662983356545,10.933804310652,9.16686454654143,10.33113416209126,10.70286277972444,9.586450826974058,11.644381415488384,9.213411443293673,11.742402328168101,-1.0,7.401002358906791,12.639889868423719,19.13710659498191,12.781557578695734,13.889577626817283,12.691820645470594,11.15439080556246,8.926716731834471,4.467188167757595,16.022772205150805,12.65534404619644,4.927588355203143,7.298049733520185,9.505144823176419,10.606131268966509,12.019146489191021,7.77049343507587
TCGA.DU.A5TS,7.514100951060326,12.35214083477725,10.05430720207044,10.962787293158199,7.423210895826919,9.855254556301945,8.583821418811047,8.708806967801346,10.375762987401039,10.175287309339183,11.210893574752797,9.592182861783744,6.153535818714006,7.148460312045544,11.19914675725531,9.62314057005497,10.202113903737075,11.631223128425942,9.071706634660611,11.325127609193993,9.191294913628456,12.045992255027896,0.16362753858990547,7.407489569523569,13.09631850705324,17.93119390355906,13.16989611907475,14.14345649491389,10.35746909125532,7.161015958725486,9.47010426015766,8.835619060525314,17.293207926953116,11.230385688018426,0.7991702171996199,4.977412736929823,7.123016373896684,9.763548513778982,7.581035585433357,5.435765256933633
TCGA.DU.A5TT,10.913988373843088,8.68831011416074,10.790681720006027,10.558356039282748,10.185555381096103,10.44267762991745,9.651625783920643,10.14265134856789,10.636768339159723,9.795302818607235,11.792763213018219,10.155820939695117,8.320555078085016,7.819968288023323,11.912689866858571,9.321375707454868,9.698877571482246,11.614055192343388,11.188453347162431,11.062999094800535,9.571993578101088,11.5765970086608,3.122126014374743,7.106991040021982,10.777251862584276,19.506357936924037,13.077887868952677,14.57432278375782,12.435105181532018,11.140677251060952,10.464892853878643,8.308812265714637,15.815023970867129,8.550679458043685,6.666350421740364,9.08021847833226,11.598264188492815,11.43433507224327,13.04087805073592,7.232463140079232
TCGA.DU.A5TU,8.123912390323925,13.342482619033413,10.357982659578402,10.550210002980315,10.694243825349691,10.364480838387962,8.649920418883836,9.39254046508233,9.523573129059582,9.77909717160216,10.732066408029617,9.275258994125497,5.529964584338795,7.576944575296013,11.605885739716673,9.079257294751674,10.847234813295268,11.154159634277905,8.69333884714513,11.189096110454695,9.608145391118697,11.625535252667396,-1.0,6.661342017370827,13.26625702597728,18.648951444013807,13.122021574658676,12.741320539523022,13.54693514360346,10.72378678015113,8.385420682885735,7.1395452132578985,16.132017454719154,12.3832825989053,2.4798255243400282,8.316234006891518,11.330939056020089,11.503831947930047,10.307326285131243,6.782754518621716
TCGA.DU.A5TW,11.071227704410434,12.710627764309415,10.199715649573285,11.148600063962578,8.934282658001852,10.59080147347602,8.108680740275728,10.393843145950935,10.271676731705254,10.22125589169407,11.640985799468378,10.674776820852994,2.8346909928561352,8.43239657964717,12.75067426774093,9.576302746640335,10.832151313917308,10.556047404007966,9.18067227278731,11.207256152718532,9.56792034023407,12.462558379153576,-1.0,5.015377137584025,13.635662057255017,17.942706046150704,13.494525078991272,14.562919029772779,11.527773236395573,5.316920475851787,8.61922811309596,8.336962169728313,17.06393173859635,13.341576515994513,-1.0,8.61435207027209,5.9841655021353235,8.986790616729435,8.506200453668633,6.109586224060722
TCGA.DU.A5TY,15.268442139043074,10.680801847012598,9.676615090405162,10.906318213045584,10.545265976682698,11.158823867720827,10.340677534046456,9.154789254862743,14.755794010206468,9.719975876654955,14.213308971789854,12.4464340224117,6.959692501637273,8.009246384342283,11.877357340194058,9.187675220493137,10.827476486756618,11.42166749715727,10.851618896334308,10.81840538458214,10.301651887900197,11.694187748878765,3.5716525423986063,6.364899802884028,11.231329078742982,18.406063192879145,13.356190382375415,13.247638337412141,12.879443816813746,14.41366862323887,10.685030733501238,7.60734659021723,14.208276073026004,10.118215391082805,12.321614697343223,8.440661570655207,11.691132861297069,12.188082979301223,12.61699876581965,8.467691131148722
TCGA.DU.A6S2,11.353207488004996,12.68886944218039,10.140482153121077,11.604981989550883,9.540969962467264,9.482906754261945,6.0432941916728,8.478522105780913,10.201761144969288,9.371920144526515,10.339010635670117,9.110072432318207,5.667088827878356,9.373857849687345,12.736817830112571,9.731336343261681,10.036065337662718,11.041523567520793,11.20798646910942,11.326528303853946,9.633641357992976,12.62940395773401,2.843682413875369,6.752238795475733,12.538611661257887,17.257419866314354,12.575174981805693,12.723013036550595,10.565709501252579,5.728949028804754,10.121579102674989,3.5940827035977083,16.375213933728833,11.279498689503665,2.5466599064408344,11.286715883407684,7.5643789307663845,10.3270592366036,7.712601970486843,4.922711645629257
TCGA.DU.A6S3,11.38915624173491,13.09529166858015,9.9822962936924,11.474895228901547,10.656078986187374,9.166349151939082,7.286841421391594,7.277563589921988,9.884849570939611,9.69492945386654,11.459336989903948,7.456766730794676,4.908308548685997,8.296061805069199,12.804868156507656,9.456769605092024,10.893985852239902,11.389460442637336,11.07122850901786,11.29433987844973,8.438152684418363,13.144507624999513,3.2492936301607407,6.305215424845024,13.323864472318489,16.16699817616613,13.366808918759123,12.657756439795767,8.469047117123008,7.332356166719961,9.734457973299799,8.74459303193776,16.685294723606003,13.258315424828897,2.0012618062010357,5.045814256188498,7.272902203524524,10.065511862361406,7.201110397225928,4.808771159327176
TCGA.DU.A6S6,11.640402123565966,11.510944617115504,9.892869719652953,11.150609050059318,10.153354043377968,9.143035190400536,6.602839880406531,7.367826204673978,9.801408150127166,9.411952626598785,10.593632298831894,9.155199233921786,5.732182352942256,8.20407809844905,12.580023815981969,9.394614030312887,10.40430624570343,11.500871051770405,10.854203125675895,11.49106741513034,9.565673520000727,12.955913160824878,3.7973762006440492,5.926376652968513,12.454001032121418,17.339217118713137,13.178950576533197,13.459219989058282,9.604338615704396,6.90898699076232,9.226104834696365,8.024768456711103,16.29222921438137,10.224925619862425,2.402449326718855,4.398076692067445,6.117539213217312,10.129507776476105,6.731891921787703,4.296303217982562
TCGA.DU.A6S7,11.57937553002673,11.65921700138388,10.048875899632858,11.583422193526076,11.030737338341542,10.155038166538155,5.8251775936497046,8.1692555959659,10.264445532530615,10.140419905383594,11.192478503266571,10.679086735546122,2.2501430059321343,8.260206358010526,13.134064831054276,9.182873516754249,10.424059815255202,11.819412486694132,9.512143511883771,11.622321979084393,10.174833202285317,12.527598251859622,-1.0,6.938802124071589,13.562530218899575,18.1140636045299,14.008801792357819,14.6097199993664,10.197502008837846,5.652779019721167,9.230684571207911,9.834883257395253,17.718788145890205,13.459102658449806,-1.0,9.047817002841088,6.398630836712155,10.155038166538155,6.543939697525983,6.073376819145028
TCGA.DU.A6S8,10.35549601942604,11.659544110136936,10.092397875694804,11.549087983146809,10.846500759464481,10.192043958941284,6.187221408109982,5.789849210184277,10.617169344863335,9.568472806029806,11.566091580109648,9.510660139823138,4.241924058745118,8.210008891209137,12.34053581574018,9.070874170136275,11.20600218683814,10.667057062894196,11.36150618489323,10.625204176781542,10.238352309305922,11.576281297037523,4.0258704164554535,4.101540827808936,13.597191896993348,17.5779192715991,13.18960920389767,13.016922804023155,9.559276509473717,7.5829179861429035,9.325818347134819,8.115066545771484,16.051954411960903,13.816816132153557,1.1727435167601872,6.213040044416635,8.38676999941979,10.49884043268586,7.996188734915927,5.456842281850514
TCGA.DU.A76K,10.54523537135482,11.327040480646275,9.609243574836038,11.043434872829973,9.803414821304424,9.837974611339442,3.942373747737207,4.666580504185267,9.788723062830378,9.285155737405207,10.29946023897158,8.699275729026553,7.984984601946608,7.369831124628189,12.403116439378316,9.294100319960288,10.886205039539295,11.940318222573037,10.486331146484138,11.647022763917953,8.572677870698216,12.582050951599863,3.712606784943892,7.282640886074657,10.431652521120965,18.445817738849954,13.111130093803224,13.818888687658383,10.966727715084211,9.525640800313965,9.965222678456515,7.7559938119885645,16.56295720622116,10.078273184722942,3.101549231816922,8.03741626814997,10.191107714926934,11.1196268385511,9.527538192235495,6.508338322795747
TCGA.DU.A76L,8.061357690537285,11.901235772307418,10.19454917509497,10.294819680065224,10.121487412524838,10.930523208581997,4.387059190034435,8.413176434451286,11.859860443077551,9.460939102859616,11.110591426329538,12.635795807049938,7.514118314062901,9.23238111160143,11.144008820194804,9.3186521656833,11.710584072811697,11.065983810656121,10.94304955213794,10.911669039586213,10.335506033652242,11.64990053021275,2.9422517467058906,6.738476026270761,11.084947536071175,15.932932674490035,12.073558478783786,14.051715996158583,12.339621168405658,14.819890150127925,14.366142439964493,10.503913668174985,12.443093431954495,6.728218490016214,12.505419150017795,12.99864549931143,13.906907718117974,12.505888300476174,11.479409187071331,7.443777364708213
TCGA.DU.A76O,9.922825500687008,13.119864987112184,9.921511608064014,10.754723937360236,10.432708082604366,9.898042338686384,7.707300456687487,9.105789370032502,9.869933542119613,9.902211841012301,11.448929541358511,8.439063735475617,2.6967060792516886,7.675174449674268,12.31876108978199,9.022695156686684,11.10540995952074,11.913915694018515,10.000123412773613,11.548052057068462,9.947297809975794,13.51370502282847,-1.0,6.264928577573018,13.436450082015506,19.3198856133709,13.331114717068651,12.110961616710648,11.124272554187844,5.595909391262922,9.029064109698439,9.055511296034632,16.882958210466242,12.813438670787393,0.5063988315274542,5.42097749826837,8.060601910295395,10.037879243445815,8.977306830656506,6.332400030380487
TCGA.DU.A76R,11.390781810149532,11.048292662452377,10.03668808204313,11.996803441891323,9.65682293497835,9.97732328957407,7.1312622728296775,9.007705973052298,10.47976015910518,9.55165578155277,10.504682754249933,8.547575914465051,8.201095690439693,8.980534336407601,12.699579675419653,9.782994442515276,9.946379821287318,10.255466034404705,11.438343331297528,10.65988371808387,9.52454857100414,11.859317550470745,2.146915848087275,5.035791041548132,11.334133981961669,18.006722689524814,12.726313264207247,13.126470483703876,11.428094694486113,8.333894178833804,9.36846804733104,7.653257829372955,14.98370318704155,9.930333001098463,4.332292606804736,5.520422248526446,9.505612499868162,10.551175106042525,9.64034508977002,5.914222464725678
TCGA.DU.A7T6,6.689215280478838,10.084432919411599,10.684794985756563,11.67785337979,11.26892335471904,10.17614521766259,5.9195998967182915,8.046902445518384,11.066257741762392,9.684201414444527,11.763014750544954,7.4068827108886275,5.451461706805527,8.64002941981386,12.534537605310208,9.462642956621872,10.46062606080602,10.92229910590431,11.43130281160756,10.573582056483259,7.794965545406464,11.926482509996518,3.1753329741913965,6.481707419089845,13.731053646202636,17.822913786249305,13.69235475785964,13.461157209409121,11.84827216015959,8.983148385243103,9.934649919939694,11.176200394214657,15.60593550268475,10.5846824817564,7.475281910240073,8.861555007856243,10.328196043624303,11.04511658383197,9.119148899251426,5.392039161901999
TCGA.DU.A7T8,11.083807785616248,12.855597725819585,10.166461133494929,11.300495735843928,9.451883251125087,9.857734876479062,7.035375375306607,8.324332235439229,9.991805255376457,10.168267580369491,11.288918372354669,9.384323568132661,6.803973510307857,8.387730440443717,12.889585811407981,9.619714702167505,10.812999198908711,10.816171278842628,9.352897751597865,11.757769927373936,9.988230223060457,12.654791074114351,-1.0,5.963908716631983,13.143243179034554,18.58604990831916,13.191342372722238,13.19450376049396,12.170503841830675,7.753389260449889,8.379956195839576,9.078122514085456,16.959064977183754,12.023441804814466,7.948922591474233,6.068212910169431,11.843225281612451,9.290405280730269,9.228549843271551,6.303388062544936
TCGA.DU.A7TA,11.434682848871606,10.408229948255142,10.053062584928066,11.655482602704529,8.64275210570242,10.325591267056863,6.754353071692127,8.777084647838015,10.564239250649647,10.399295230336058,11.530230939981507,10.865368453282422,5.7715687000045435,9.279332228963753,12.975424015557172,9.884707956477666,10.490722742887552,10.263417336065874,9.506303811936803,11.043775308209213,9.857732388647294,11.896538461452423,-1.0,6.66664298937749,12.74867902718588,17.35088150383322,13.67217200829416,15.466642467277817,12.634933719402664,4.03738222200308,10.20478154231041,9.01431093344,16.71753960444394,15.003073901473968,1.0648828515848543,9.718820701405077,8.042086148074215,8.696335035253092,10.057380004075704,6.107604183880266
TCGA.DU.A7TB,6.820882264382958,12.021558358921043,10.042136640258155,11.256912287868982,9.368819193418323,10.294633843357254,9.435094943205604,8.519486472095446,10.523689264356781,10.43871202401588,11.290604966755236,10.030219224390317,4.44775770413963,7.965019453592275,12.005812136472086,9.208853986559163,11.254139834469918,11.978164090407606,10.82497178357798,11.79280021584502,9.658629232461214,11.954055378957742,1.9078905175706302,9.661207318838759,13.13769984128359,16.302588864442463,12.287126584157855,12.597378185167848,9.699336119962785,8.854037737639183,8.529398146829966,6.44685998391766,17.038613962514695,10.415230820141202,3.8311982853311046,6.767134349058306,10.197183636090275,11.255420122199284,7.475315961612689,5.75455350631966
TCGA.DU.A7TC,10.701891912708296,11.581835011633665,10.408843881282749,10.597426979544302,9.713480514755815,9.544179717774945,6.4400901095622585,7.633336025381296,9.942079138681647,9.022454372134161,11.42609274290631,7.641826333223452,7.168515681900345,7.906608641402439,12.714419940115977,9.476176707908719,10.681155994810553,12.193794839635999,10.27151776990577,11.00861461969335,9.583641115972497,11.566678420598452,1.0443941193584534,7.419565014844016,13.139978454163122,17.849690667166726,13.006504142533743,13.521393405491516,9.829524549078345,6.9938226537604695,8.52845411076479,7.799382655212536,16.251398037048084,10.327412297270401,2.0056155674069096,6.038576651452323,7.252221676358238,10.701604328237067,6.7694253027706095,5.124121311829188
TCGA.DU.A7TD,16.873883930231678,12.110651222960943,9.95461160716323,11.662170110243538,10.90467872215707,11.273334166005654,4.00577723101752,5.150539368225226,10.869438307550883,14.741363615536432,11.103445578160878,12.251478386690778,4.287095466684876,8.730043804090988,11.829523359880127,9.57172268973445,11.941276100572585,11.277611650378985,11.52328324004981,11.49135848775429,10.420117917922786,12.247892187151837,4.409547078209886,6.990674687222774,11.627893510268535,18.036170727160517,13.100787633205325,15.066271084566194,12.638188240642704,14.71954300287474,11.206017820811278,10.956133049551099,15.350345960460738,12.18498632948178,7.375784920839475,8.700362379290738,11.389951514276646,11.679197954662145,10.129058351224886,8.161262916583091
TCGA.DU.A7TG,9.690486763113647,10.700390211350069,10.73234196339404,11.398941594750186,8.646025453446757,9.907518031493892,4.548072822388215,6.211171878213373,10.305688432122329,8.980884158924974,9.599223679179104,8.338705634460052,8.571499723150412,8.43728267801679,12.609400020614984,10.401826800804844,9.546565379880194,11.06082695702869,11.168270150614163,11.580663991701723,9.591089566651615,10.826291305566887,1.0944387762190784,7.118472899311813,10.686313349871671,17.418247400912406,11.459396370543777,10.885688824333966,10.812801669583731,10.0170675595776,8.686672099643319,6.427612876739562,13.8802532216596,9.728137182797829,3.2050170881601674,7.764533263955606,8.847253764813326,10.730491705271405,8.561126766788515,5.6468509995388825
TCGA.DU.A7TI,12.052842673318155,12.903674499897699,10.23565993447756,11.775933760418992,9.974836437549316,10.264155792095746,7.818329723703571,9.684862208463478,10.031995155931778,9.939293144483452,10.754755833534894,9.573348961830566,6.291671698420584,9.006549654383935,13.086394861667612,9.903510883863024,10.011360195323634,10.879217015887336,10.281494023830382,11.540594441039289,10.251790326281604,12.359627766028174,-1.0,6.291671698420584,13.441350392205187,18.61600026088159,13.519021096787267,13.365190429738234,12.278140761638031,7.746701741753969,10.170367134744648,8.573467691432738,16.142398252025693,13.228841262485464,1.1694119519913546,8.718308191999165,7.0168528490073365,9.570862485824591,7.961882582662377,6.1389025053379
TCGA.DU.A7TJ,16.571564056504638,9.63666902441872,9.812968564788603,11.688511457016483,11.088030260421073,11.255309112488177,3.7882680828668374,5.542843058529012,10.440440862332006,9.779238704996576,11.029607690563754,12.210580335468508,5.522598792492642,8.538089579625325,11.101314163753601,9.637598835663283,12.401858818558521,11.371456493842917,11.141692254770193,11.662295683080687,10.080809934456552,13.060233195452234,4.955563895350724,5.290899866341356,12.294307681115386,17.857145806909212,13.277911541683164,15.773110252054913,12.854002058256714,15.499006282370317,10.46385333562404,10.939432145949633,15.951137539359555,10.89041180746887,11.508999570023784,9.281826195527838,11.756989524650702,11.596031684772555,12.657840561566381,7.5736229530423715
TCGA.E1.5302,12.011886313048302,13.616112270588786,11.002887289162304,12.088481484372325,8.456003607602012,10.686053817855978,8.383547056063145,10.108650687071751,9.97100804803129,8.269375446602096,10.989079598884102,9.791729922347654,7.869658612702643,9.407597485430236,12.948570370063498,9.74517227625153,10.884068763536456,11.427834351700438,9.095451617348857,11.206338279930364,9.656405913255638,12.594288769398588,-1.0,6.76537163834702,12.985409632837952,19.349282197376166,13.219416371607416,14.224484680553662,12.264662565127606,9.819459510206162,7.687406479267325,10.072966486112787,16.477102855127193,12.646504439320337,1.6944345038735311,9.938615724767,8.359708277133848,10.621647698400077,9.923595198628414,6.7961473606558656
TCGA.E1.5303,11.761086603182552,12.557921997998108,10.607005763342976,11.686950467562983,9.8645297499766,10.715004536232142,7.989133897057164,9.888253593033012,9.928138886933066,8.483516729590832,10.985960520523811,9.47175323973218,3.9960452067291534,9.419795890810654,12.631470454211486,9.819739384154943,10.851752788671037,11.332751898475594,9.625224271828616,10.5505122802913,9.706704075771842,11.510459577800603,-1.0,7.276706019892431,12.718409706608853,20.84043044756484,13.356325687611905,13.606321693136337,13.708343401100215,8.370152508016929,8.421864962208101,8.610177011044742,15.995505124179862,11.91392391928528,0.962734090595803,8.166949381973383,7.397346914661484,11.147345879793868,8.948758516848953,7.100044133941948
TCGA.E1.5304,11.885053422523661,14.58215723316101,10.144012199045278,12.384569380113772,11.278758814602991,10.735924308367604,5.14313623815617,5.199487825099689,10.467068718756952,9.363909366827345,12.288693972640115,10.916184164504058,0.9317586878449081,9.533798288727736,11.553311827685501,8.877378929508696,11.86328390729814,11.76926052617422,9.88844433047966,11.150186084121275,10.123678998536139,13.162903844505715,-1.0,6.780567325226597,13.477034347169559,15.540785467397246,14.157762668821709,16.15416625161198,8.376506583831135,5.7451378139388085,8.510614649895999,11.74224799601145,17.443521114076667,11.365591446244576,-1.0,6.341347135099655,6.051034882380171,8.93348825040736,6.1401099048933565,5.1286975761880775
TCGA.E1.5305,12.757913339367116,13.14343084063612,10.666135130051352,12.211462965256368,10.54644904583598,10.97791783150588,6.623610845026884,9.739455924671804,10.829572512589314,8.700207689151156,12.241131726300752,10.640862559508138,6.727731258563112,9.951644032436748,13.557916040504596,10.173932302132366,11.129015449491634,11.24760506591764,10.132688520751094,10.280493105797584,9.810223610867698,12.317961632260293,-1.0,7.044744913909879,12.546610787161775,18.19958815258268,13.55921372641927,11.783388224255267,11.694916224911179,9.318827705368465,9.281072962215331,9.957324814793042,16.479332807955814,10.914763173372663,1.9901561666273915,8.046755145953,8.589134267650635,10.788735295878945,8.517456018819576,5.906207558290911
TCGA.E1.5307,13.28014217947814,14.339531908387585,10.679443943707163,12.270683692090023,9.689562651991215,10.473010917559396,7.2735942138320615,9.204999487724004,10.454207772642446,9.05433135350057,11.047554338281339,7.966147221078888,5.7316285831960165,9.809812654655763,13.958609361848431,9.938773166138294,10.489726760938956,10.81884912326015,9.914217082033996,11.116624609608689,10.126719570735547,12.507795209944222,-1.0,5.304408822953106,12.889340139396722,17.663163103207847,13.214004301446955,12.54265756060162,11.724651380081369,7.2068649166101375,7.210455105944557,6.94767784416799,16.632204017629977,12.101072456776752,-0.20406685268503652,6.34835813959092,6.138251318109655,9.988235336573515,6.3932737499574275,5.9535097034197415
TCGA.E1.5311,12.764406827126297,13.788531020955277,10.767479018653752,12.38009379671906,10.413616294339832,10.403127732879657,7.570457618061036,7.670052846300106,10.483109268060218,8.844321936079922,10.901828535566478,7.713145902490259,7.572799497162644,10.316355984204437,13.444139001820766,10.042916649941471,10.539565675175403,10.933832852240725,11.701919238912755,10.491797190813664,9.751966094440895,12.934808365848511,1.7131679030093698,5.840765337323874,12.774434845034188,14.557054983823837,13.258514640644064,13.597194376647723,10.403127732879657,7.949535516631393,9.343220810604764,8.819887521348893,16.920780238433203,12.541893822945772,3.2872949763519115,7.81951235993024,7.058179017349376,9.341848576192163,7.623375269414794,5.013569452978944
TCGA.E1.5318,11.743312909679137,14.74932356945034,10.637191709342192,12.430922892887182,10.600275608349246,10.701805816622802,3.463217001529926,9.546999765067364,10.611415213025413,8.836065192326833,12.720655842285588,7.066001980136604,1.8107721200764564,10.41043990318051,13.463017770147054,9.680586503743559,11.028330244063085,10.758021873084642,11.76904889681948,10.002735426141443,10.141760513530896,13.251675457284303,2.2130050385450475,5.0039080124494335,13.650107237790198,13.187644541930368,13.632700779638492,14.049399559850379,8.238781606119709,2.0909550251161946,11.290744160421587,7.020763310103588,17.541331215009013,12.848627086998063,1.8107721200764564,9.077104374321255,9.295713842388542,9.406180340119615,8.215243703712865,5.413316510209996
TCGA.E1.5319,10.915715908941069,14.229051787137813,10.569262747681966,12.112377340533923,9.732508000586176,10.733786135360669,8.098000490752415,9.824840552400312,10.809669668446753,8.743529778379314,11.021544479001179,9.68684155118751,5.455277896554034,9.95487663081145,12.752317250212698,9.783363176060869,10.693068811551807,11.4475324482902,11.339663364405526,9.88429005174554,8.783524099038814,12.358294273766736,1.5408208309061675,7.429512193541105,12.710053040024412,18.663787712496692,12.648668447049525,13.930492624053116,11.77483420169116,10.740913566270718,8.358478902270729,4.973781156403552,16.630133722189903,12.667849403663396,-0.14944057937722838,7.192619295173683,9.16287164358118,11.587405686185065,9.790577550191461,5.9898701630625695
TCGA.E1.5322,11.251092925069598,12.802642676185734,10.478336746029232,12.152381156100125,10.697435891541165,10.809551426874668,6.980761088184514,9.039674149440174,10.518712750433968,9.218405094101133,11.869574720272244,10.564616622658884,5.785545320783286,9.598576056911535,12.9177266487022,10.00569022681165,11.714703500640654,10.792009287274565,9.614631634674899,10.41036887914368,10.050050784787675,12.326813283959494,-1.0,5.218358834868591,13.39859026384911,18.097550289353606,13.73169722214478,11.672122715556778,12.91837356190821,8.762575049591302,8.480145134866547,9.918702415506612,17.005063682174598,12.125273553277681,0.45164632788394504,8.007388386167351,6.920039567493837,8.50102506729648,8.075480219141033,6.704936961714307
TCGA.E1.A7YD,14.241052528722438,13.419966272431767,8.05039394839521,11.293175434863349,8.220831502197214,10.677689959514622,10.345946627055016,10.376495514110905,10.385729230939738,11.134445059732313,15.407223871200522,11.680829619559423,4.576540277308238,8.808605788764321,12.849952380651484,8.983962933908405,11.492580472059368,11.906430249854774,11.318012066935859,10.695777420455764,10.643253738824765,11.713040020299388,4.755149300841728,8.126579038089888,11.782389151715098,17.66685051867677,13.813903294155049,13.908103311520359,10.788468836605363,11.777228187337816,9.95349122452216,11.043412110482606,15.748664641708801,10.761094583767363,5.944767103457232,9.253996118637893,10.840293351562343,12.17731893204229,10.383790138913714,7.216726460484519
TCGA.E1.A7YE,10.801207086858614,12.079720169253234,10.328364703324207,11.799632132784598,11.074847915900166,10.755428494847656,8.793594531164565,11.500068351838094,10.340619902687582,10.446469433542571,11.33566725410237,10.716405280685638,2.925448811444424,9.036287649654358,12.3654706362723,9.456953958773239,10.256754049203971,10.728525221917897,11.170630897699366,10.40793711293347,9.76470061295127,10.814251673525888,-1.0,6.172255475132686,11.94930230740965,18.65925623422168,13.201608317302549,13.203829753924282,13.931610081411119,11.835222462040234,11.535462749539574,9.889181165163876,16.86163183493015,10.9851657464637,1.623305028247536,9.035400945536272,7.989029415618143,10.172960982135278,7.180138907953678,7.408227824935204
TCGA.E1.A7YH,11.331580275675893,13.735339286067527,10.375979158372619,11.346787121240252,9.25184357174867,10.157819965768018,8.764899781053423,10.537150827236836,9.9472281042597,10.227995277815346,10.226615576776291,9.345500610032891,6.5149507037711825,9.59757381831261,12.874561652871677,9.559355483401378,10.706073335428549,11.111897514653982,10.682448292069683,11.440421551342748,9.761531785848003,11.719327894455777,-1.0,6.685338900243531,13.259924501167465,18.23646838456866,13.18866740678155,12.896347334136822,12.712500906166598,6.875767778487568,8.747045954546548,7.202093450983569,16.60445033957167,10.136916669145538,-0.18082233445723186,7.341193221104265,6.842525090660863,9.966092122938637,7.805276975957142,6.300883319543433
TCGA.E1.A7YI,7.095697662826879,16.323036594559703,10.816194963695535,11.58881866513299,10.506490671238282,11.908156643522533,3.912180385748023,4.370066609291279,10.840082839711561,10.368183510490306,11.68732612001845,11.612026449180078,5.398500871272644,9.181694687743786,11.450207110535676,8.943673766874614,11.795734038328666,11.556226445541142,9.918985294842427,11.939235027320974,10.31859534227753,12.738258185348267,-1.0,5.026237918336154,13.259350411182863,15.782673824498929,13.782026324368994,15.217731475448808,10.6918789726308,11.065020231230454,11.056978570813257,11.361213855110911,15.655006784609645,10.169102606241605,1.4934423911464134,9.929300727070839,11.461589691577872,9.986401690823998,8.7566270378658,7.183776294760321
TCGA.E1.A7YJ,15.815045837740533,9.843047948797512,9.174818349984355,10.999059123722718,10.45451809777138,11.142435328828084,4.140230589291132,5.832297628281479,10.850545200471645,10.252080312797906,10.866569652321896,10.901926935055492,6.1420008301817495,9.033474486109753,11.759136562997757,8.97827315186041,10.45059824848341,11.310275924162921,10.43547264505673,11.856411560717577,9.714848060500726,12.224824686306917,4.583699589956307,7.1073112466274875,10.599340484422605,18.457919089786255,12.969930973012803,14.941398670172712,12.848267171312905,14.416912624644535,11.293596255522475,8.903774317276124,15.864285841672618,4.762981251468314,12.048028926149609,11.058430689995939,12.088951410353745,12.029753749479461,12.626615059382098,7.696057820150535
TCGA.E1.A7YK,8.837965941459593,12.158434705074665,10.291969889867357,11.026350460898716,10.152263797568137,10.655979740179916,8.977941007240204,8.535036203845113,10.43347903455543,10.167218287362948,10.452547355872078,9.468131996955549,5.940683584457822,8.674385791733965,11.449761557358089,9.33837159641608,10.831004974654308,11.163051028345114,10.20469010055457,11.210869289879291,9.942877039544662,11.495425401474334,-1.0,8.125935690973845,12.331457059545398,19.894495765014046,12.568017160567406,12.289418828375155,13.058604906994743,12.360911894290103,9.331063380389665,8.169611381559612,14.463259041649051,11.655573386228141,1.0945738979800548,8.380773597121841,9.879787540369241,12.030977951133314,12.004662934978832,6.963442911484923
TCGA.E1.A7YL,12.033769110464194,12.256377396126533,10.285408923679391,10.940176369396717,10.124620739141024,9.873370284014458,10.313523065891841,10.839841598646341,10.301290407638126,10.1535855970934,13.719001921858851,10.063851817468722,7.624637563938022,10.125612230977964,11.899267488165293,8.67926825409529,11.045555117222124,11.560549699881742,10.167130707256911,11.10431988419347,9.01509190826661,11.298369236733446,5.207670340929621,7.387349615256297,10.118657825201112,19.1260575129072,14.259461213364695,13.457873719963995,13.80483056470266,15.042022427392036,14.83909482881013,9.60635264914991,14.865205954889971,10.352577466290583,5.390351270372329,10.361020965080193,12.04118728993217,13.058857114016451,12.505793172835766,8.14035791061425
TCGA.E1.A7YM,11.294602198195204,10.976199931199066,10.358031137317461,11.010350957515104,10.390163581022357,9.62611657506636,8.488449132435232,8.656390538526475,11.097266171929306,10.189933621514482,10.741448109893943,8.981480517811876,7.413335129528469,8.110540207386034,12.545176210477551,9.528443756924364,10.141045328320894,11.709117940416467,10.437058954564229,11.027817621882457,9.826496689160246,11.875925704159382,2.979988729558726,7.366726112314174,11.91399663608108,18.1206071070165,12.744243102781624,13.301137234210582,12.319053226700422,10.591980607617531,9.280157842472597,8.081971754650013,15.038623083040354,9.267527839254045,3.7343302702514034,10.304520624456474,10.174026088898842,10.799627276397393,11.707843673711222,6.7202127871811195
TCGA.E1.A7YN,11.55254062277819,9.133877889194451,10.530196404332257,10.867286153969193,10.287178945440697,10.941755644666122,5.383061415660665,7.608161658393273,11.416438761681265,12.754081939550362,10.153599782983735,9.438247101183972,7.9789203423838035,8.636519858230796,12.069606146020574,9.36556438175333,11.254468206561404,11.705739116929776,10.415251316480191,10.955000984698952,9.777921349496653,10.06456534680432,-1.0,6.850478160728358,9.438247101183972,19.51233186893514,11.962987688729534,12.471813381385253,13.984201050139143,15.647848964834555,10.272505686872519,6.101593352055695,13.185418761034631,7.83350745673905,0.07011450266132788,11.057917894402546,12.272388926936573,12.191273844190098,12.22546208569813,9.077769330622562
TCGA.E1.A7YO,12.797006612514059,13.807130228155497,10.895023317552598,12.158315281492184,10.317409561037023,10.26356932954416,6.741967123868465,8.721154912581639,10.592283137184637,9.871929410682009,10.429139415382787,10.358247453497702,6.528239986037901,9.677911635897422,13.089644179218986,9.868683987677208,10.177007850203774,11.293844287348218,11.456810922483578,10.579238331700683,8.466785752311258,12.849772081361175,2.4732933761574625,5.661359121046475,12.692457297804651,17.79130511500723,12.539833922632084,12.793893464999005,10.848336250632,8.297544525429068,9.293496249165347,10.010894642326281,16.27285374541389,11.944231668292883,4.864656646564181,7.566599798963392,8.096930159316585,9.834492066089684,7.400350920414753,5.509607174895423
TCGA.E1.A7YQ,14.693974993299598,8.463467563481098,10.164859171171408,10.947589456067865,9.992449662579947,10.96908111257152,8.0819919866664,9.731444455177025,11.518194606715321,10.69277841678764,10.923572841573973,11.108998285984873,7.95634479081621,9.32692198677662,12.411432257296381,9.073733221335786,10.380694604767571,10.729761607605065,10.446526192928985,11.469827534467116,10.295218723124075,11.205863733284046,3.7514422969637025,6.922263272562015,11.171282399564266,18.83994422634013,12.022176296422568,15.545227798366906,13.842147902045319,14.19679927727606,12.277880980144152,10.064603203185698,14.081683392620896,7.925895602472271,8.679166543169876,10.825655026748429,12.258375055535002,12.32770754304028,12.060598532976213,8.099637635425402
TCGA.E1.A7YS,13.394327730393147,10.935692001243106,10.898797184638163,12.37924494951973,10.561019622857124,10.254636438771765,5.515873266607683,7.799364521481378,10.392243031897808,9.929188269757748,10.380441367242765,10.485171897662966,3.470393694746171,10.037862500412377,14.592337892041046,10.51282330923646,10.690281592055522,9.302688954624545,11.9754100070594,10.862210296914647,10.818270198893105,11.730136937203458,0.6734659700548262,2.894196907163819,12.778572539556325,17.156237550619508,13.558813896929092,13.39113625612118,10.897969607123464,5.106080260225132,8.878274735403709,10.119646419661484,16.18077954745649,10.800076261217953,-0.20922796213800007,9.032025608980037,5.62658807121011,10.405114332554147,7.161894734639885,4.909869088642583
TCGA.E1.A7YU,9.680367963386889,12.238498368150406,10.602305897452386,11.270685911021744,10.47412764071613,9.847599547148915,9.213825751327146,9.607613276179531,10.231018445009157,10.031185503020048,11.132711780575478,9.216133977265807,5.6558326468276,8.556658937758694,12.10011251882255,9.449840519000427,10.740609288620139,11.914303688600322,9.3260071785927,10.651744072459328,9.282616331593921,12.168007241015307,-1.0,6.7730231269289005,13.294080297503514,18.37318842919786,13.217806788431155,13.487544105314987,12.179585597790407,7.766575286109615,8.572959755631597,7.328308710041372,16.848625473358346,11.172181954555251,1.2639958820712391,6.887509430252994,6.977338317117423,9.526239237172385,7.904636427857994,5.822653677982884
TCGA.E1.A7YV,10.85735574362775,12.886939742478843,10.043635822117745,11.662026941204411,10.336893569698747,10.80648179519759,10.314484342354927,10.864439135887466,10.255806730492095,10.772500569782794,14.120358996098393,9.082203074861056,7.697606342247917,8.932356504189398,13.488065336863464,9.018078581069283,10.37382762363008,12.350944345855194,9.813075220040666,11.464737280146093,10.714542527695004,12.930469320239695,-1.0,5.429502150822982,13.362157339280758,17.011812550036268,13.286770872583455,10.895316028372733,8.787488296298807,10.611336732548068,10.411275709967343,11.896156143646673,16.573664181245068,10.498820392224157,5.978090353042576,8.9952004179211,9.08340885294958,9.608870400710481,8.426229525672138,6.06853754006917
TCGA.E1.A7YW,11.222114200721219,13.196121229995661,10.40485566205055,11.631268426528573,9.869408771611237,10.257250520820602,8.072798783800135,10.492114661280302,10.45671037287906,10.797465451895292,10.899875897647235,9.003351778282465,5.108340449154827,9.2947151642196,12.905133213541527,9.786283188591344,10.567424138004323,11.547171833775666,9.233272621328238,11.506062118564328,9.922278736022214,12.408485228161659,-0.05979565534796113,6.287965348372161,13.248381487562629,19.079201712470304,13.406588990803277,13.65939497130332,13.721504355615288,3.926075347876042,8.325089990544202,8.539759808842566,16.46440086573163,12.678126476239436,6.12659091098238,7.863917394453272,6.173257382142505,9.346538331903625,8.65768858960309,6.08813947625504
TCGA.E1.A7YY,8.706391373548627,10.715100404639653,10.726426968791824,11.335829572835767,8.250139215187026,9.576061963633446,4.900475597460066,6.5419066209438785,9.69633833925241,8.706456993107379,8.991211449019064,7.826831914068948,9.768138329866984,8.40262839043486,12.774185131764126,10.636309041801502,9.407245879308606,11.121655765672006,11.0675622883866,11.425378158020811,9.816536350455602,10.379711708088063,1.8282659876392942,7.7394160934010285,10.26544920320101,16.836061110613358,10.764565109858628,10.861202549656403,8.439547925976152,13.801174644894108,9.2908438970652,7.710811942786841,12.809871665490169,8.94283555722956,4.499558913673456,7.045256199911751,10.41157041057081,11.645731060639884,7.971957910028966,5.6894669060207494
TCGA.E1.A7Z2,12.805797508783028,10.125435814647085,9.842585272986906,10.800990388996686,10.229271745818467,10.140829259632063,4.181038924431668,4.827544683280493,10.261931886816791,9.432313681805852,10.584128013503175,8.582066692281822,7.285135850573793,8.390792770793167,12.535149232506738,9.299617868756243,9.434881302516446,13.158184595391036,10.256620204892185,11.259467112963407,9.637939845726418,12.616280128290212,3.31250544606275,7.29647484441967,11.345221765493106,18.591364224653557,12.776345719609633,12.704573194382007,13.342224139800711,9.815255993575926,9.071142681696854,8.724584792408574,16.13925760359827,8.916841750559826,2.734048402827413,6.749076984230704,10.261931886816791,10.855988296209802,9.123011975214919,6.760039932781316
TCGA.E1.A7Z3,9.804297873578312,12.533691358555009,10.591285306234669,11.384225339559112,9.663800371253828,9.895256112332476,6.313351074701224,8.75126787873254,9.919152045450572,9.4569422577364,10.402883837515969,8.902770633074386,9.595001559902368,8.526656899972743,12.195177415041856,9.694413260573135,10.50114771043519,11.46380823544034,9.972941313685567,11.12419260454032,9.439492241948173,12.030632516667588,-1.0,6.483270835337101,12.430941678265135,18.4220978831426,12.600318194626999,12.111608544947961,11.533677562890672,13.184202346582621,10.541638347280916,6.1411773046865585,15.936642123088149,12.447724881267403,2.692471835240773,9.283698185390785,9.830578269039114,11.327877915494604,9.019284088329352,6.002664270004239
TCGA.E1.A7Z4,10.948787858966105,12.143097676258765,10.338145592195616,11.37837154108201,7.657667155512747,10.601087156648491,9.718033625773261,10.13339501516906,9.956203488195074,10.164259453692498,10.719398147943929,8.524234926080208,1.3750672420676104,8.351886233013374,12.419624343594009,9.262057485194015,10.149973665796843,10.911048801338675,8.36660416799559,11.539261531604017,10.056055642975108,12.287373306372182,-0.12217723817152545,7.3147889566740245,13.12243741150966,20.12302292716981,13.759751343264591,13.69403272179576,12.335157712528574,6.7951019581228245,8.091140734370853,4.422098414644339,16.282046437319448,13.343191407362815,3.3407758803153396,6.789651011996109,7.268519543907447,10.240149130339487,7.3373792769235395,6.197006294982695
TCGA.E1.A7Z6,10.946300785559165,11.606545588701861,10.490732468626035,12.152808168042506,8.544967909158641,10.333956326933883,5.667588457613864,10.310101386278241,10.219095052493408,9.880570591120122,10.408743593688417,7.036305510070572,3.5005981241514696,9.34550948071849,12.605134405986856,10.117079288337028,9.745588952917075,11.078355119456265,9.473206502937359,11.395186218719,9.694908217852953,12.373473806635475,-1.0,6.619652168247301,11.686452553273792,19.762990593707897,13.560275698535744,14.162751273086538,13.279140932335359,5.640635387302568,7.683556107495676,2.242846364036158,15.20543894928835,10.32816136663156,-1.0,8.683451891155697,7.892177884765868,9.608880747432794,10.177510357642207,5.956941797721101
TCGA.EZ.7264,12.572376246818774,13.195602435777458,10.341286305446832,12.42925684095512,10.650294167158401,10.57453241253521,5.066093497003706,7.129809504556746,10.605937626005394,9.419016957800268,11.381798049889337,11.158543231833567,4.063537456128743,9.562520440642517,13.457766499625794,9.823437780695075,10.480519405347172,10.562843708085374,12.049620898711522,10.54134582181367,9.713840991097838,12.076493158754712,1.1230039540548198,4.6340472177217364,13.15570033517469,16.85664515765537,12.518947884782996,13.03090395119983,10.70739140253009,5.526219084574436,8.194884869462836,8.244951259907092,16.181023343632603,13.584830235872289,0.42115596066222344,6.21044731298487,6.061339867542056,8.602403059016599,6.97805945517945,5.203827597942124
TCGA.F6.A8O3,11.976321708803928,11.263715967533559,10.57440251132958,12.0732563360963,10.995821339238,10.30038596731272,7.814563240524995,6.865308904565447,10.524769119915334,9.40142546557349,11.358228109468802,7.805886361474178,4.9163619886202685,9.011670899806221,12.536056519604626,9.562565849353579,11.31775504359946,11.251242730543051,11.549428666215237,10.779103329086285,9.696278518303572,12.586069949822532,3.6914224968947713,4.738113882990671,12.950850493142658,14.72088602181841,13.252857448885301,13.88755074462412,8.817284286677008,5.864815096876181,9.46508372523767,8.459480390741826,16.900500017026626,13.162883205793602,3.0106724381024823,5.431509304561408,6.197594153025935,8.728247405704757,7.187336235637988,4.014239229920439
TCGA.F6.A8O4,11.401397038315677,10.49437920653073,10.803843179651254,11.726289738736028,9.66867476792966,10.225156694646632,7.461850202963295,7.580313598057271,9.928651461252812,9.436416311127992,11.067956957330212,10.339492290395794,6.169902960099705,8.719805311201307,12.907642329374191,9.952724796584159,10.374131486286311,10.971574807214976,9.683136389071537,11.3386659728816,9.66634740343977,11.874285836358473,-0.27229732716276167,6.828477992695685,13.060300926341057,17.332962322765308,13.509855671285134,12.839297575975962,9.98296392215949,6.697837747673968,8.446301313405165,8.236407948449074,16.748814286890244,13.944348688167121,-0.27229732716276167,4.133793654725978,7.1747419643069374,9.842114589668551,7.191024658547969,4.212468175457595
TCGA.FG.5962,11.630126261962394,11.394174287552365,10.528151767566143,12.173535857689947,9.743164693107007,9.622850756047152,7.121328365506201,7.947486159310275,10.364091198364848,9.296351862842881,10.410594341890823,8.244873267471318,8.341227475061343,8.927331161050098,13.301730942491915,10.25250589939966,10.281129659663804,11.060519028599005,11.856348333815955,10.986603916939282,9.530499197239566,12.3673259042707,1.444773065522451,6.2308024743416475,12.04200400897777,18.617814957203834,12.582423905470545,13.224115360360491,11.122843392098584,9.00960638883475,8.831055740023265,8.076942762342417,15.346095677474938,10.946320307274878,2.4801099852146025,8.45130921175975,7.861480878584796,10.428983181916294,7.5457305765680225,4.780525332247544
TCGA.FG.5963,6.5190653515622765,13.52017799710397,10.131249537863019,10.685818237245735,10.389748449296599,10.281055801812123,6.666498133205784,6.232902464699821,10.61201211513342,9.560454932639095,11.51244048732162,11.609910290884812,6.514750342935338,7.942139707825371,11.457828804305702,9.07243652313804,11.213758814011634,11.788866509189795,10.593191933085398,11.315244285551756,9.401507810791227,11.688409783697812,0.8893177775729695,7.742531087085888,12.998900706260528,19.012649594650114,11.704136176294076,12.93276071684411,12.660320128006626,12.663781717959775,9.587332546436599,10.956850563996179,14.92524909119736,12.792000418086522,3.9425051219263447,10.021034924115876,10.910726067121612,12.645629118925152,10.459990964376505,7.686810743296183
TCGA.FG.5964,9.937849735409563,12.738673844959541,10.29229954352226,11.542297715595465,10.743714137422213,9.32960710520243,6.826829372372186,6.941817620911902,10.343669087234874,9.394247667721064,11.494775549188727,8.455460386008474,7.172273479600945,7.929218160583139,12.83365007623686,9.360493114204088,10.968210659564297,11.533356259349311,10.856665490949934,10.676718391567405,9.375691538541743,12.689236491235201,3.9299803153543116,7.176363667039208,13.110294445345916,18.598805108492876,12.569744934190059,13.913801152305453,10.788492246539134,11.987366027614923,9.287684910374363,8.465523143715428,16.26907303560264,13.411250111499204,1.7512494648288037,8.945821287322639,9.34876178722036,11.411340280184689,9.201003034238829,6.071432328443892
TCGA.FG.5965,11.885399606679504,12.557652354906493,10.687318376947486,12.427554766008743,10.10122800631339,10.512357569514997,3.236308921376569,5.383147840500767,10.064801899217391,9.604949197766151,11.205739742864903,8.988467698208593,5.926291250041418,9.870297823839362,12.734665911153225,9.799828479015094,10.468225795979937,11.677508770801788,9.943809124293969,11.583284157059467,9.93295023556713,12.573439548477179,-1.0,5.796525077597126,13.26543863956867,18.925201420563944,13.670890623769305,14.441830684904884,12.641233512466258,10.731070866135239,8.325675583138777,9.502177620762096,16.705629666107722,12.831699893221758,1.7090258967482341,9.023865218975402,8.085327983267735,10.227680556415766,8.357155208919929,6.269057465539078
TCGA.FG.6688,14.221355874301723,9.913527333278187,9.225706086937803,10.99713861341023,9.898974973617499,9.256555695754134,8.985888318761047,10.364333750698949,10.984557665747452,11.917975848554798,10.97345866697724,9.038567872490741,8.74981681247194,8.17063665563133,12.295436772177846,9.668023540987573,10.290447097859296,11.471837152901383,10.825233892063498,10.948843986875842,9.377766674321503,10.473404801671975,1.2318010227771576,6.888021111944068,10.8485631659258,19.959134568811944,12.634068007013981,13.308621283788636,14.13235248849923,17.53175733321795,9.491062002066675,8.187201609336574,15.288423647607262,8.102407233446144,0.9846987103393302,12.158053708047634,11.064189288733411,12.30368963522756,12.843197560072158,7.987310632400392
TCGA.FG.6689,11.136337971781273,13.147770775972125,10.496108874920026,11.69098245819782,9.512520832549837,10.345068319788806,6.198169982306181,9.432167085046764,9.787505926938957,9.144408935823998,10.214964303235558,8.429794616359802,5.915114517880658,8.85962423380816,12.771016595756643,9.92634210690725,10.611271252032104,11.53692517161436,10.188929637520948,11.21485930166605,9.819185490868623,11.663612938039115,-1.0,6.6890405146947876,12.434921427692947,19.0630650552306,13.183680860384014,13.419221713389963,12.421826181258364,7.2624820184012995,7.797924104874399,1.6397415322407756,16.024832677872826,12.025115228709241,0.8543946777531007,6.742890102925622,6.970602909083039,10.463401759417184,8.161422660679344,6.125700689318963
TCGA.FG.6690,12.628762775130495,12.832871406917096,10.938545377760615,12.069583557930171,9.143115059541103,10.620641023635931,7.49302040544332,9.819656369594394,10.071883042577388,9.53557943824831,10.768704229998432,9.503998811275187,2.331217930883954,9.628627984410649,13.851203936585991,9.940728651825758,10.222271695235474,11.186446764095471,9.688926381210736,11.155249144712794,10.090539605916344,12.162760264054741,-1.0,4.972798325248647,13.369363993566756,18.76531902077269,13.146318075603741,12.473124318694708,12.075242435825084,6.062575073914007,7.283882890115467,8.363263082797722,16.28925124776317,12.747627109957744,-1.0,7.4358044201290046,7.321532201121358,9.85410523570659,6.722028777902843,5.902857439716274
TCGA.FG.6691,12.578371393972594,12.986353636621645,11.329560297590776,12.208604710251144,9.863194183061038,10.976709674336824,6.845186425779307,10.72845762234667,10.550975097851731,9.169998887577547,11.265763820401743,10.364732844412819,2.83824587344286,9.516713901397397,13.975079782716017,9.900134560087354,10.738543495814215,11.01015315226453,9.987801617838207,11.00622977874848,10.033334482322706,11.807458088775887,-1.0,6.383163396422172,12.990038424010036,18.124092680439492,13.044078204917016,12.553809931447342,11.868433360369723,8.446373692249708,8.336607422202187,9.529071495100322,16.593951378748947,13.028688297936403,0.6324543576894219,6.913810929927627,7.152608334835871,9.863194183061038,7.954229468722489,7.268514865448308
TCGA.FG.6692,13.832336598101511,10.35274980914366,10.377000836239052,10.845879604414817,11.134261440534448,10.416716050501304,7.813236070116676,9.689980155946955,10.62193537388833,10.078139196728763,11.718455045495542,12.351292686891341,5.406927766590206,8.006857891003353,11.91331542207219,9.376051570034146,11.585218706620703,11.43841403112638,10.439031103919287,11.36549860472181,8.263951296512813,11.476669764387744,4.3528079509034825,5.285061850653748,10.541386577594057,18.57166500579721,12.560935105318748,15.35201381892236,13.46587049675056,15.546118594772876,12.158924856777718,9.930992447346423,16.200332324978696,9.48799715444825,10.45889419662008,9.39679463078198,13.118494312996678,12.722168655710432,12.277713809852678,7.667210202716527
TCGA.FG.7634,12.237999163198385,12.84046213233495,10.577240170106098,12.530635647882939,11.01048852388964,10.875465007289302,3.6514995031169475,7.735858577373091,10.651630088753212,9.029761788673865,11.295552112167048,9.516340236960549,5.515665150117408,9.794385160014015,13.050385139010201,9.82924799446209,11.016173278584155,11.104999402871417,11.91919786496319,10.848575136672608,10.128450264324588,12.411314272347932,3.719150576894711,5.244342902212901,12.618519601505028,17.512868772002882,12.929295085917751,14.05663917982045,13.03579315462459,8.80593342499111,10.868265659598762,10.558893242871953,15.98081980731892,12.841419520610502,5.221196549944547,10.281049772432807,9.661513401289733,10.510487468271586,9.761670233256412,7.0512274333999745
TCGA.FG.7636,10.13469019119539,12.979019072040423,10.68939954806799,11.89962183330445,10.444740459335835,10.413504067703444,7.400456809861837,9.106054865308334,10.423842223538069,9.587593582077817,11.852317029799305,9.87649346420993,3.8652358960311624,9.040968847197705,12.957914798088579,9.373330868779435,10.553950145096593,11.315478151286447,8.91662383242901,10.895941248827514,9.63246817197273,12.19571057045288,-1.0,6.946258304808024,13.598220261878947,18.399722251953555,13.765054102914883,15.158761380948162,11.72542667427878,5.794751156503074,7.710557814230682,8.154548780839722,17.34136235514365,12.617154625522872,1.3963239206263467,6.731472457727338,6.885111856700263,9.6160974025791,7.075039454938526,5.0773968326188195
TCGA.FG.7637,14.042514497287764,13.444247226764173,10.668848916439375,12.320966381600826,10.298211527745291,10.401307592801823,6.007549851254901,8.325274419383195,10.605895413573045,9.103805774092978,11.53810728697983,11.013328326936302,3.56664469895789,10.029184094746629,13.821586110518963,10.405840298750576,11.478750511475171,10.748927430482885,11.939383878987917,10.534905322606752,10.055866310524785,11.75213335997607,-1.0,5.678466338113951,13.129546043288913,17.59236910721965,13.723739177141095,13.662751966637902,11.627982764550243,6.863794768282449,7.867283682553583,9.335281590147575,16.53143195091299,12.569050582985655,-0.22667877786833776,9.109374664479436,8.015027493841357,9.445056242549704,8.72047206126109,5.553308275354842
TCGA.FG.7638,10.535704913034015,12.519185610528249,10.5528944169732,11.966746349607416,10.048545316262096,10.353101382094549,7.057421028069109,8.514257999707697,10.619229397188104,8.883598518362259,11.072810973682717,9.120084915042085,6.772763232625713,8.689656993994882,12.47069161137785,9.96086656570094,10.616043904052557,12.087957423178997,11.21566057979286,10.39086852590626,9.305523028314703,12.148051115074392,1.9888482586689642,6.373192294994966,12.6263257143959,18.462769074775863,12.939755757358201,13.433900311751662,11.49095629289135,6.60294674604624,9.27049600482844,8.531267990038726,16.40094150744789,12.465944323042107,0.8487981812441889,7.22987339584552,7.135138763751758,10.473275007372967,7.1127115992106225,5.7152948683402895
TCGA.FG.7641,12.297807581210135,13.35369904974704,10.369318594594578,12.253587280157413,9.450223352062409,9.716700474800268,6.892733443188323,7.680557144252974,10.557640700900949,9.516421990482316,10.436616816625829,9.446745455483827,7.5857069496496985,9.476045238233375,13.547664784500187,10.250668401602384,10.180682590022917,11.252863966737785,11.607518684130843,10.633027448466317,9.891895469788892,12.415247275343617,2.2360333320058343,6.460876868384274,12.684456392492317,16.981241157035583,12.579387151209936,12.392716443447876,10.807231337697107,6.64210802735409,8.798239784770715,7.145346290149965,15.659692330566228,10.758265445424202,2.359549281904314,6.541349113297103,5.903874617183419,9.823141900872452,6.323501577475356,4.984644031387114
TCGA.FG.7643,10.84708945783856,11.346533234902275,10.519149801784074,11.551684376698278,8.268339880181232,10.115872213819836,5.127026526949942,7.426273981210647,10.399549025286284,8.545336742982977,9.977962179807864,9.346450350700897,8.682792030524372,9.016540612289585,12.45508978289722,10.355111104518512,9.410881657777889,11.386833790112219,11.23277550115943,11.022805063695268,9.234542993644375,10.428305102161827,-1.0,7.0962481463782225,11.102997469610544,17.410045074218278,11.447653215831624,13.271318867920899,9.964936163541747,13.286423896052838,9.370357859367765,6.023244261428637,13.946576423071264,8.034985441895207,2.9544941263637576,9.935323752065322,9.611441495192233,10.99051720771565,11.486273367081292,6.204404857949842
TCGA.FG.8181,8.003243542063451,10.115819556770546,10.740977381399354,11.463999658901864,6.792714823274187,9.51925705332171,1.8648101455673392,6.216092011593283,9.699759132713924,8.37162332942825,8.93632905142804,7.624095775567286,8.846860587292346,8.472382164920049,12.906078231066475,10.65115917154454,8.329968061395938,10.74163939163985,11.47080364464993,11.396238388583013,9.65336783279365,9.346363250673706,0.36232961017156884,7.482355417880143,9.337631490196621,16.960418899709918,10.597311229892878,9.945396135935868,9.059325260818895,8.274318976491275,9.43335112761448,4.120119657055663,12.47625631315205,7.252694759067761,4.413932512831542,8.895266565626152,9.105319004021322,10.861608663906537,9.055070354589978,5.4626347776937205
TCGA.FG.8182,13.453138874023793,12.409945657105784,10.585987426872313,11.903256065303639,8.922753859257535,10.625294693625275,6.554114526087261,8.73843954580412,10.42285351122998,9.807061844860764,11.009798391820755,9.66886672891866,4.110739070254247,9.598612715516895,13.680805483401006,9.664004007738388,11.447211729890697,10.908335797586775,10.58180380743597,11.505967721670114,10.793360916150945,12.549096095583444,-1.0,5.743315687016408,13.603902665088794,18.4578945677494,13.468486270162861,12.32907071669127,10.493423376419855,5.146594131096997,8.652671480732225,9.04841521427202,16.321594137144363,13.289734183300284,-1.0,5.95717170724639,5.524696847831627,9.706598755701553,7.02905085412129,6.580160562679042
TCGA.FG.8185,10.66228482219654,12.98263260630205,10.257535051367146,11.797849509737905,10.738129677982023,10.766536279410039,8.29460053264113,9.278865944347126,10.063708530036088,9.890876646335022,11.583708426654468,9.579037366820993,3.381117217633927,8.506168313887892,12.650201951098609,9.65845161435402,10.280378730595633,11.419276894699417,9.079289566780423,11.247642090234297,10.169533341739143,12.985523271087821,-1.0,6.992553188537227,13.649774749343589,16.513833846788586,14.106916480086182,14.537490336515376,12.34739999256206,4.860679791377459,9.391619951606549,8.19453871031875,17.367032296100653,13.862715126952839,-0.320846479161911,4.408671106356595,7.42480034728467,8.837211620114836,7.107070575093879,5.746879735207759
TCGA.FG.8186,12.019372048974828,11.620766690250301,10.34271851314446,11.930624696524161,9.813215864611474,10.31137913761857,6.073246125205947,9.43516559399412,10.26971369216446,9.449453663668692,11.109464907576584,9.87644634486741,5.467657714384337,8.588575980305182,12.81430926120744,9.596653804328234,10.446802824202233,11.725915110448,11.226508108348227,10.696334600515778,9.202740939958161,12.532235127399149,0.6168281666049326,5.374886462799536,12.039707696087612,18.741683662745242,12.950448055389977,13.710709289536592,12.24480508008104,9.320134206053385,9.156459822116464,8.454740980661974,16.06545575901733,11.143038380147466,1.70310069960416,7.825512807165805,7.494491615509893,9.951148599741215,7.76510770908397,6.4984854459901715
TCGA.FG.8187,11.099155460161029,11.342643686737382,10.059569838967384,11.80234235882074,9.653046040211892,10.274070361005261,4.336747546742171,8.061596389432761,10.608335226187394,9.6672510135991,10.805420236938705,9.401713653275205,5.256852154504361,8.501219778325368,12.655078054652948,9.63642125145714,10.097608426542815,11.695143015082849,11.10608759063344,10.893912840062292,9.492686613010322,12.087000256039463,1.7803100990433753,7.738078069107676,12.37527542522004,19.823019140629,12.6687988232012,12.408255454391671,11.880788782181838,7.278142765808544,9.243056610933696,7.56360966478151,14.819612435797286,10.384533711642518,1.3765126612884795,5.449118924313089,6.6837820591572665,11.172063788634484,6.946627940480682,5.947570316774269
TCGA.FG.8188,10.784596978405014,11.687510410340128,10.323672925761754,11.966678190055756,9.934765047850025,10.634191556408659,6.419646752531433,8.379416058611497,10.418521609904545,9.695746106933434,10.997558879604984,10.361604437390627,4.155279697614957,8.841372499776382,12.843204156747607,10.041575516701664,10.27840833734102,11.178767230175428,9.849898738788537,11.191948191151463,9.503594212570158,12.36132885290319,-1.0,5.726539706523217,13.005564359627472,18.959572142674933,13.642417195574517,13.878801482305052,11.544310291730538,5.643293428963285,9.457632251400275,7.528003161465267,16.233636671238727,11.367017108919951,-0.007521587332542788,5.891946490779504,6.746551941566366,10.262224188695715,7.480827353295892,5.830551967107023
TCGA.FG.8189,8.715821316341854,10.65876033451347,10.943941979021075,11.79396397859206,6.928311097868984,9.641960686515654,4.702424831874818,6.399227501409432,9.85300476363049,8.419948804732666,8.853073401991251,8.047243359045858,10.460530332948192,8.572893457005526,12.935040779431132,10.86324863011315,8.47829720357844,10.909470561204317,11.518616030630083,11.573179277049668,9.757431847749604,9.891608139329335,-0.06491747668133854,6.694256189744096,9.84086083291241,14.466574032701557,10.16578484355855,9.55017344064163,7.359334039451862,8.49297916113016,9.060738347378903,3.627128194849664,13.078837759369536,8.954684882421422,3.9586478286722193,5.172635521772456,6.839192448091356,10.558007266414137,7.00713942541388,4.823535385430798
TCGA.FG.8191,11.288097354633171,12.070166740929727,10.909743557627024,11.656448818609933,8.967750203560751,10.527796592122712,7.856043872080567,11.24575733102361,10.402051789787974,9.925030227260997,10.720069704718274,8.955125909225899,3.8392743461289798,9.652076286723089,12.9414151128742,10.009876753043644,10.356377797723363,11.047436007744274,9.872849993584639,10.921147533188636,10.289651673503517,11.077110651446095,-1.0,7.571746576967622,12.931983894908903,19.484995629749324,13.401536729167224,12.666536656426002,12.3819399080747,4.9725961648036066,10.487452684517214,5.037904906570716,15.908272145641021,11.519178802757184,0.2951352490008178,11.431139341002224,7.814714473271905,10.125182646644044,10.576689918555346,5.6314855738849685
TCGA.FG.A4MT,11.689479355103483,12.577486846247572,9.930639774968316,11.105632838459584,10.689989500364371,9.840739535124674,6.0729525563116225,9.539218922149097,10.335774538337661,9.96886504215529,12.096648980040822,10.310693320418054,2.5212266645935033,8.13381009110603,13.768593095945365,9.180549703355695,10.515678651008672,11.463834641947743,8.865026130617935,10.54507335504993,9.79678867451428,12.483811042154047,-1.0,5.534699739246006,14.315315875930322,17.89939961303513,13.390631858570549,13.09656661183513,8.82807204555079,6.718565753729946,10.097789990005154,9.290282011065932,17.40557271435431,11.968325120537907,-1.0,7.438331114431914,7.759427512232705,9.830395888548525,7.517834707970284,5.266614156443479
TCGA.FG.A4MU,14.45388428558598,10.71970273981763,10.004508414682029,11.121869999019289,10.51604027020298,11.255639814803585,4.081842369520599,10.16593140413614,10.809499657969655,10.024564307951973,10.961693716406291,11.641338068553672,4.6287677637628555,8.87176357868354,11.387375089308833,9.066744714105583,11.697206202991877,10.949156847187469,10.456121100646703,12.262988616446187,9.354397942127616,12.039756147171863,4.968712866552632,5.3491847878726935,10.365575316962435,18.67515877563169,12.739404215536977,15.178345581282684,14.471094292047415,15.160314016388567,14.738869937547895,10.325025884755403,14.890293650350372,10.050506594939685,12.956434695210353,13.025309712724752,12.378361759207618,12.364266084231476,12.842908827805804,7.636180869207019
TCGA.FG.A4MW,15.379012183935146,11.617910169746422,9.909127892585404,10.850325942378795,10.261524938768973,10.521765604129891,3.8326976420008605,5.6034245760955335,11.237193884237694,13.866412012833058,11.1621491597496,11.578729971258666,5.179710083870624,8.322570852661126,11.67710389872227,9.533005332822295,11.192552291281643,11.247835918383748,10.489707897849426,11.612694460553286,8.79624277272331,12.02188318031343,3.4344414157219587,6.183434903642099,12.258050340191176,18.844216345090153,12.585082485504719,14.955949216630236,12.839652926320476,13.215965121684683,10.521090891930093,10.223874286804735,16.57210322846511,11.815605727509755,10.414680585354166,9.664688869071504,11.32910301665629,12.076404002903914,11.332952519971284,6.362838055136646
TCGA.FG.A4MX,8.871509481541263,11.199725279486838,9.701877015161713,10.733275695319556,10.34618659655791,10.397560838429143,8.38298406103812,8.391636275598085,9.204222410048219,10.704051208602358,9.794497421805096,9.379730766195364,3.959788698730351,7.286534659821059,11.190966281738213,9.492613316508713,10.359478343296871,10.712708228695819,10.634681655493221,11.748722481460858,8.687013783187005,11.397830337220237,-1.0,4.936425935583685,12.67610621100725,17.20837012862463,13.508427464019416,10.468793755774778,12.636390322162832,6.977302823239457,10.58745181858095,6.8449605474319135,16.333571765301958,12.764733802634325,2.4646944025464363,9.422575717802518,8.400236482758059,9.15679375411239,12.333194101250005,5.309489086790793
TCGA.FG.A4MY,9.188136062645746,12.383865317842123,9.717505242798929,11.290752164944807,11.229280279058733,9.794616497486215,8.482037910630947,10.108305945112523,10.39554281088524,10.014247460661137,11.085917415171423,9.430100825742011,5.37031077501648,8.638158209197607,11.839021864752494,9.66965398032328,10.31285891016663,11.399574391645421,9.365635896519388,11.877803210929875,9.803295985224104,12.74828083452843,-1.0,6.384882156451207,13.17511319882901,19.16087465802478,13.272287177119358,14.746796781026468,13.149176389626119,8.727511065791223,8.628422573488786,6.118945224357939,16.082423764837067,13.116357722013053,-1.0,8.395714487845028,8.41283020700823,10.97072720883928,11.54283111503781,5.893643732124967
TCGA.FG.A60J,11.720304419212273,13.21505447406201,10.118556735318824,11.476149007089688,10.771185051841748,9.66995491118356,7.2115515453088825,9.634796532412727,10.47935709225065,9.948035870148269,11.024819558630007,8.8267966476264,3.956233260196148,8.30930308360652,13.594435881252661,9.538513138178747,10.062237494680163,11.602714961879263,11.145062956329664,11.498376339834277,10.186773270599586,12.782969694532612,3.2750219512972767,5.327008246784722,13.096499228148142,19.818425105125243,13.448596396667103,12.791401214790445,12.35414869837705,6.5151636552559955,7.748054612651295,8.233322959129282,16.25584216034643,9.69341151024242,4.765831741240619,7.936775135721494,7.412197217135335,10.46239000181113,10.19655368754672,6.062786594104577
TCGA.FG.A60K,10.941954692643083,13.64307860432553,10.361998476712225,12.148589038098136,10.102874482657507,10.4286657446098,6.2614311469973085,8.248346972990957,11.088027808271647,10.540757687444144,10.943214863457653,9.467658936962527,4.289369718613711,9.237072975915716,13.196021074284921,9.655098475988943,10.725632531136258,11.405392582993896,11.28644265328436,10.552194140227922,9.589217055633364,12.505311832521755,2.944502412194093,3.976629419102808,13.087217807596968,17.843174184946733,13.159967775952953,13.942739093409486,11.129790382818916,3.7227283088170346,9.362082335966377,6.950861462341558,16.60462995708018,12.753628894856494,-1.0,8.784148631020456,5.3175066798419035,9.809434703051302,7.09634198181355,6.092681040712837
TCGA.FG.A60L,7.656216756939689,12.140855966503588,10.031415047312164,10.506008893959907,8.393379731046931,9.18354159704486,8.256090720087002,9.022090067499219,9.86611515564748,9.605632298599266,11.754999456965848,9.022090067499219,4.369878224635876,7.071340076902318,11.41054473674979,9.157638982065114,10.37388263893072,11.943401365523073,8.400023382484616,10.974700375733978,8.157595027257855,11.69413367307459,-1.0,7.8139190421570595,14.193297426556336,19.95024458898795,12.29054075000738,15.031126185214942,12.398987834056763,6.343471782729086,9.208987338861423,6.894438248228521,17.126615466064408,13.146282431159392,1.0370307309449671,6.379775161946257,8.339099962749634,11.616155770701612,9.207725727834513,6.258285240445515
TCGA.FG.A6IZ,8.906822366542197,12.056103277113275,10.207450602322723,10.739965532864385,10.32919211819274,8.129188208155671,6.558214052493645,7.133982661791889,10.14442563411185,8.833596951331106,12.147797974605002,9.971479895783093,2.13346488779486,6.823278064086806,11.894922097301547,8.69009228496154,10.831042989451158,11.852577962545125,10.448162053710817,10.236152473454132,5.391241870653473,12.3354189961494,5.267273602248397,5.477693515704297,13.958096889540322,18.439761142135698,12.328771543152149,13.727471977636464,10.75049445983398,5.09564175907108,7.9988250777733025,8.19233523154755,17.180202682782046,13.255966474143824,2.9714791772775846,4.962063107299918,7.612856705099474,10.67321842941265,6.784231750634978,4.042880681920267
TCGA.FG.A6J1,8.042122820079934,12.141669713983672,9.940100370885872,10.55364868330026,9.861768534699005,9.010167212161054,8.841297955246581,4.894036799358858,10.16829804687763,9.184005497536198,11.860404916290644,8.720658107874394,4.2966923309469855,6.662582932688904,11.504190290379926,8.89727219598406,10.739505037140045,11.642990583628858,10.122718397577653,10.150494561916561,7.857052894507614,12.68765435300788,4.181190032365186,7.640915145588218,14.044838540323497,18.15810939738398,12.119621003069451,14.745847529435965,10.625373788457726,5.988775562337746,8.32671934532331,6.753001415472,17.349684471455802,14.018089033451897,1.0087020078864728,5.988775562337746,9.133111122822529,11.43627705480207,8.099029514400343,4.9182860438118485
TCGA.FG.A6J3,7.062952766786924,12.534261074822986,10.21584504435207,10.380017257172955,11.013581525669256,8.644314172749256,11.254764799330845,9.293811877826336,9.401169866802793,8.800741065332932,14.18707557913406,10.485657160968971,7.788516716447125,7.189470758772178,10.595061720469939,8.609311733347088,10.299350448866688,11.5268967813314,6.930578868912827,10.367852080386223,7.426878608257599,11.274138752010948,-1.0,7.986394437462059,12.644185064214245,19.932078907873684,12.55054669375098,13.629038855184918,14.731385117673934,13.927268142600449,8.73911124650049,9.265363754237441,15.35034681692947,10.318740615954969,6.911548982873464,9.96208075352846,11.992618685049589,13.162466325548452,13.696197347395852,6.376596006691841
TCGA.FG.A70Y,10.46960346016894,12.403645034947843,10.255551481508723,11.233090192009369,8.890376465381827,9.826475238469566,8.402755000649039,9.733019559914288,10.32124547103742,9.47907106777066,11.061947210524774,9.069720692066044,4.073108990967589,8.320103284606981,12.548549451251427,9.871026727704235,10.690808866461575,11.910076745753795,9.206897874609487,11.177050656751907,9.204851586687063,12.173106097040815,-1.0,7.34110958464909,13.256640989900394,18.49273268113496,13.191874110127872,14.722375671754893,12.431484702474254,5.844270144389695,8.751496526358089,4.209975760594163,16.755818600401884,14.124766251739326,2.5714098442214497,8.924347560292158,7.1879448668882775,9.983911503832754,7.200321902067493,6.229576387286425
TCGA.FG.A70Z,13.588014266686988,11.29031576726422,9.4695577762795,11.048613836467734,9.854779575324617,9.87238308011771,5.308062297421964,6.546053285513758,10.307162207707357,8.769753890547532,12.909062995425352,10.750427714393133,7.59303773595226,8.153227230435443,12.748712650386338,9.402006048424012,11.317500235606841,11.91403962886347,10.809136660754007,11.001160029502984,9.546396181163756,12.151273967835438,2.276913483245923,6.770291238035815,12.302348984915144,18.876147107840183,12.659305855275905,14.763156298387061,12.530222013473427,13.571082196176304,9.906958671174616,9.854779575324617,16.491266456418018,11.896687092221578,7.836160210366526,10.339164894050462,11.860435257932979,11.808935626323558,11.545995195510773,7.090012883508622
TCGA.FG.A710,10.348310553070363,13.441295348387367,10.24729038020472,11.531946876412034,10.79217469984534,10.437253127698204,7.985260188827764,8.324117525802137,10.364933170379736,9.721432645194211,11.22916141008206,8.445369576902577,5.378369427552441,8.379944936020705,12.31297133466141,9.444334528256652,10.721905778425032,11.72932397496174,10.795029612270683,10.674944233649631,9.368166373185012,12.610505601187256,2.004501392234941,6.375786658127278,13.332928653236172,18.07834312228026,13.02846890400591,13.647447352108992,11.945296779338001,9.117565445686687,8.855155647278245,9.165123566006006,16.440141587584858,13.455955077306522,6.180020521466313,7.643916060376615,9.408245448396025,11.241771733514836,8.220897749509524,6.768651470559177
TCGA.FG.A711,9.958241088647302,11.751769776342265,10.270469490720552,11.193087619108368,9.278714276482127,10.136912440774065,6.935810949435408,9.443179779996477,9.830654161685262,9.611979206204522,10.908386015287057,8.4185555519325,4.429790014356987,8.052091420836316,12.555289189724174,9.725455901606859,10.454434610628923,12.211864300114025,9.309954899060976,11.062490011931185,9.145395969753201,11.95261673475671,-1.0,6.303941444497472,13.268548418436668,19.126006451294035,13.240643597395104,13.055563404862832,11.907210244884698,6.625644559524164,8.610474549598475,7.366092239071093,16.438151912642425,12.844659321279178,0.4617380860204662,8.405552083372212,6.822976098836132,10.711508500682921,7.225186224228889,5.731498253535141
TCGA.FG.A713,10.211209119213345,10.811723081963194,10.321363981020996,11.400783609124375,8.983909936682553,9.369729941634155,4.218106926106546,5.569946723035201,9.849999728441958,9.040533026851275,9.843242872341943,9.090459948186375,5.707259727658353,8.074577684907146,12.394770440299748,10.199151482077324,9.088175791339035,11.155592716888227,10.936294963737875,11.533464796116236,9.686729694394694,11.523778246089972,-1.0,7.441704235934489,11.739995141978994,17.800231920132056,11.707437908672459,11.342083170760725,11.04981316215707,8.633804260379318,9.452862876124858,6.6267048718352575,15.387893079701495,10.987444657451773,4.218106926106546,6.607694270893418,8.137788858151485,10.900942109867541,8.608525405895733,5.037448117043898
TCGA.FG.A87N,8.794391171358772,13.825835324966649,9.864668097658388,10.530990222661357,10.394344680330393,10.82568110014273,2.9840059571062385,4.700251045683816,10.892680856455716,9.907606205233135,11.497551643340302,9.641869493776829,4.120924193219426,9.065896459366627,11.63367359487486,9.047422510902793,11.292867717213564,11.588693322884463,9.702674510470718,11.810913390884883,10.614661446773367,12.829795977744299,0.12816140091448883,4.983203405985624,13.46459473272575,15.068970200581472,13.19340766702112,13.157953478793278,12.385174179882222,12.422583916785488,10.545658381791991,10.655275433883775,15.966269974097946,10.801919534616603,11.266545993400833,10.675553974422893,9.769376041210581,10.845110274218683,11.036252340334736,6.209942629218346
TCGA.FG.A87Q,15.156564346117285,12.790076061532108,10.047529800488336,11.254409447621978,9.789378118952705,10.091017989051958,5.164955183263709,5.86536706126255,10.669594548355068,9.660298487824436,10.514105883752762,9.72797761681916,7.802325716450064,8.600445202535578,12.024592321253936,9.503748037038221,10.79018874059048,12.071608568804253,10.248218040122628,10.880657060401479,8.873015546907128,11.625227286061536,2.1654296204241854,7.124260920723145,11.556009456039384,17.906828244780808,12.695182717101147,13.079518950760882,13.01628671346882,14.94738222044101,10.456952111247416,8.37867114321284,14.509426991337337,9.619757979187986,5.534173685906951,10.377585257009157,11.013160806106217,12.375420912908032,13.352649076032344,7.934548935912154
TCGA.FN.7833,11.41649291477067,12.808964315650377,10.594785614101564,11.896640627832051,9.2629695958118,11.227022258755312,7.4710963947060165,9.222336306492718,10.313318760291036,9.753030674655987,10.940506384120713,9.198853112953048,1.9404674764102487,9.134612934360064,12.930667436851335,9.909779553300416,11.007282064434918,11.19519599712831,9.749304973564097,11.519981062921776,10.379890909321196,12.661387270404495,-1.0,6.992707259927347,13.085885871826799,20.34060557510874,13.554770124417171,13.757434056315788,11.685579990221651,5.538975747865252,9.334339663397055,10.408126538944215,15.96448224209106,10.887820572620692,6.278938172595286,6.647852685238172,9.046277955761415,10.287433277625132,9.056364322206658,7.217889861741766
TCGA.HT.7467,11.246535697499269,12.708207242651394,10.400595991425995,11.930896527812545,9.67223951229704,10.288052700020872,4.820010425362923,6.79686247302124,10.304142974382074,9.316912784864682,10.42959797224304,9.736721386091835,8.585639356623291,9.014703983972973,12.610551900494855,10.161102650788635,10.307883052802849,11.320951860367716,11.334016125186308,10.862340807537882,9.05005024045066,12.180424388343802,1.6713839627325169,6.804584091831743,12.455959237110102,17.725217367764984,12.259365271616385,12.065925734078302,11.018853000151845,9.297207010209771,8.906743312972083,10.03261855741259,15.526071260698457,11.446711601701331,1.6713839627325169,7.26540595188902,8.06191819239348,10.624321819641596,7.663788632379384,5.830065136350848
TCGA.HT.7468,12.18246747955286,13.02812525158991,10.578036841176429,12.600203025238487,11.015622311655502,10.830786686973473,4.695442678495902,6.561034329358061,10.926162543024583,9.661929661844878,11.263577368907733,7.3509683444592415,2.5772475355931506,10.152493751734541,13.244259509511146,9.832455716578055,11.239213222140009,10.706333694945481,11.977172468773897,10.202971433682233,10.124084080509016,11.972099294019515,1.0760117385696413,5.413990038108864,13.42625137353869,18.166358467230125,13.369417516165644,14.005249906821653,11.48905235262543,5.899248150191371,9.305737331476918,9.932243989504064,16.54223151810042,13.412102429988185,2.2269400407092506,5.5087645661338,6.91258160828809,10.257061195589307,8.670242676272835,5.982334232166137
TCGA.HT.7469,12.60042069392322,16.848796304999148,10.079595181774106,12.407144869652043,10.654603719673034,10.267426828717673,8.118833126034623,8.00821234167099,10.811596098496759,10.520289445321678,11.408315250049064,13.440005900109666,3.722629957775158,9.565493790682586,12.311481488231438,9.576612643637274,10.719018772695623,10.60870170171643,10.089547672716742,11.151268258968068,10.453838339077675,13.23276474051574,-1.0,3.858398818698923,6.487619795040497,15.613249486371176,14.2370405955087,14.652141756637317,12.612112450469397,6.236615070057985,10.589923931454047,10.495768202807117,14.798019404578158,11.12099804084116,1.909504313560603,9.776811669638779,8.97541724420311,10.842375252475893,12.99954103656491,7.616428277219345
TCGA.HT.7470,10.931080749753892,12.81976227218529,10.687651860048335,12.036593513097351,9.991412293461822,10.472337990659636,5.344988235390139,7.340219534839786,10.001391585710396,9.21976072687996,10.522339165592205,9.368764421127773,7.192834278371556,9.09483407728631,12.631244754354169,10.228840691427498,9.817987242687451,11.215544587367447,10.786184174437524,11.40890654422471,9.954998004982457,11.983805646133886,-0.28419446744084753,7.2699102448933,12.85097893014713,18.025965267123766,13.01175675803078,11.967469449914395,10.916309061734797,9.22982750288597,8.403767908535448,7.388027621033777,15.832645475812294,11.66549239313966,1.8920412392609713,7.460844112318899,7.131372380580811,9.948447833347501,7.7992175003174005,6.113271260208761
TCGA.HT.7471,12.454369755675131,13.349972384560328,10.11681204633311,11.977676574322963,11.047513441727807,10.197724127754665,6.989284359747671,7.518390358655208,10.617607228215544,9.460055080637343,11.547810608173446,10.232123003276177,3.45699008769159,9.26266382230882,12.49627306313551,9.706522782352883,11.178935439867386,11.48237266293768,11.53861522571278,10.426147530967746,8.413417644070389,12.915731536089627,3.555546237884079,5.837363020581013,13.134731224186082,18.27259656413875,12.862053730590564,13.611354923614599,11.694767477846137,11.781322784977267,9.328605146766721,10.505728303846482,15.92145483899918,12.051834834153803,1.0375930755402332,7.86917739868305,9.927354719334534,11.420991599284319,8.78878422703596,6.404955901044535
TCGA.HT.7472,11.689983037876539,12.900417329409606,10.63783608433462,12.22683494405631,10.287251220517241,11.185292598216465,3.148527425160464,7.986030869307679,10.364002529617062,9.235918487562202,11.166298493749883,9.589922246599002,3.8636808033046353,9.416350191136546,12.869669522986541,10.143105108036295,11.050181964019718,10.992810271829951,10.050066706554526,10.487195901524323,10.238521416151162,12.83301375317779,-1.0,5.979314291479767,13.081799654572297,20.0394746071722,13.294408421050724,13.933077738949766,12.959765682276213,5.333756459835393,8.287437202509535,9.776012994058826,16.13574613046227,13.33665630277983,-0.2606703239844169,7.1841324859945965,6.61812704213406,10.175199219502629,9.70025746233996,6.573194238898483
TCGA.HT.7473,11.358450220464048,11.781076638824624,10.98439011732699,12.257226885995465,9.93513248175867,11.22991159881881,6.940818635550578,9.384409701531954,10.513897610801312,9.425724481687505,10.838182988048729,9.650161216160477,5.653100155120478,9.638272809635172,12.39332266527385,10.519309250773082,10.437828937733386,10.300415483799169,9.876179562043733,11.062579863139002,10.043767859268376,12.119586929869211,-1.0,6.791377811309926,11.100140943107554,19.669029674198434,13.489678925469635,13.799950585042673,13.422287633248965,7.375759729931249,8.222533141645819,5.566532065819263,14.80144380015834,10.563633972695394,3.0343918148243554,8.523298875448681,7.413449379176064,10.87269842486155,11.34389234077059,7.428867644077276
TCGA.HT.7474,10.245568511641958,10.855468316814017,10.552720772349927,11.760093049675257,9.406145680408935,10.149618973030465,7.470555573804124,8.846784759063178,9.834262294449132,9.184559501897947,10.15412253707954,8.556884209623865,8.142031984138326,8.652932069725654,12.556449054638266,10.210128252557622,10.131462544338266,11.522837780565641,10.598051010927241,10.772508240050701,9.57687543703582,11.593016393621218,0.2753646961504367,7.546517921353224,11.653591531304446,18.98653966525674,12.191164512617318,12.089376325082243,11.558948233732952,8.449593149869187,8.145655040268048,6.421809012138882,15.670380077690206,9.971234720933264,0.941557082717288,7.327961256245428,7.891065517946292,10.654451294457619,8.094085605293575,5.587650021074562
TCGA.HT.7475,12.044486197523941,10.742812901853181,10.560638634040954,11.693603518368077,10.143867475152673,9.578660446825959,5.681828724040949,7.288185967445338,10.581611107739215,10.13584777818081,11.411887977885753,10.375877862799012,6.9915626604464745,8.636353817944785,12.839095818177983,9.934013823747366,11.235493004933943,11.227571001379967,11.204348120591797,10.875263713361925,9.79244039425984,12.715185925555165,-0.2686429502183385,6.0340219810726285,13.223964777041866,16.482557289056704,13.390426323153267,13.532275483786984,8.736885229305699,9.564893705771894,8.92400662541247,9.317930353399229,16.257142241706717,11.333599162397233,1.926341069029948,5.545727488095425,7.3093572043660835,10.598602294891348,7.7617998598423155,4.9633862648708895
TCGA.HT.7476,10.377779686043315,12.229485872825862,10.596904682272394,11.346768786193802,10.002343883289651,10.230014429468982,4.634587460483016,7.797319128829949,10.252632202780145,9.480177051624723,11.107720949873816,9.892041846602961,7.813283535904552,8.34321858941761,12.441593887915714,10.060350345925716,10.521572861412077,11.380422643216548,10.439520603671285,11.530611557821105,9.69789368245425,10.926634832635598,-1.0,6.832241921370784,12.540614418044846,16.145202476366258,12.681725854033388,13.699139167642368,10.51792434669874,8.771385803020353,9.410171477561784,8.238728115180722,16.137231227629773,12.26252177528272,5.355051513374563,9.988935432642247,11.25331219427796,10.795148887611044,9.580756027760811,6.150653091304218
TCGA.HT.7477,10.630599134234819,16.94581212195736,10.03938614387875,11.17862159440228,11.701610955452248,10.720416738545692,6.994038838465028,6.906398793232666,10.25917690061611,10.266675289628848,12.089119033681808,11.780449626972663,4.40334953637338,7.83620187743332,11.412911586392168,9.20617873096246,10.533785637562085,11.517733550224532,10.12486844987715,11.571610736756163,9.891459136258817,13.200492138630485,-0.1914913833260256,4.8604662585171665,13.75601782784643,17.03534483392594,13.29621398367115,15.090077787122524,10.828677433083506,9.029739430631695,10.722021944873624,12.590597154358536,17.041621337500654,11.825346323281137,5.699471122740937,8.974786258183702,8.031118907660995,8.997231428316955,10.991654701117541,5.780580447781888
TCGA.HT.7478,10.704935924547012,13.113337165021822,10.641221949859094,11.543736219137479,10.598597363676237,11.436776024792659,6.711130056907279,8.84652183611382,9.665556035756072,9.39441681917979,10.43079656205198,8.966733554167666,4.851804000180312,9.029428866437344,12.31965885667105,9.981219623289284,10.675704539215747,11.424087746950159,11.319124458928435,10.95301804047281,10.610003480085554,12.01755346443354,-1.0,7.247481347967593,12.763344510963995,18.854557722703493,12.930993943729309,11.978852505386119,14.166894328926901,10.997122167256471,8.275666858783534,8.683339595764046,16.492133841949823,11.88638213861867,1.6937657122177827,8.544931599998375,8.75130102316701,9.633003010205776,9.129690263185438,7.630134591243451
TCGA.HT.7479,10.3989905319717,12.359340272050863,10.27080631214724,11.699737707445497,9.641202076411515,10.842384760237918,7.717182875267452,8.797617758036937,10.323379302063797,8.972133156606706,10.878841265484903,9.525800120701712,6.0289514334103265,8.849500808273385,11.91506188143165,10.188872906275392,10.087506863993523,11.13414603279784,10.323379302063797,10.971600024872545,9.679039658416738,11.669512039261441,-1.0,7.645275824341971,12.343719630375618,20.134394228568226,12.899668843678384,13.006899185220302,12.514236741924522,6.544395740504041,8.808632493854535,6.550240406745791,15.070052918124318,12.039491462432917,-0.18622906798417532,2.7953098003200187,6.68385783626217,11.190436524555048,8.992669026834223,6.6351899120246625
TCGA.HT.7480,11.89643942883765,13.783985363939026,10.167150156020492,12.444617273757636,10.650501334433777,10.41100341327584,5.498343426851033,7.5984969679151995,10.433550181795276,9.957877753272246,10.898243805626405,8.664789295177355,5.377758867232086,9.380487472768511,13.067595646525302,9.674070949520639,10.648059304314623,10.895501290296675,11.664576259097243,10.546245776364122,10.251429151821878,13.284621935284521,3.3878450129655775,4.88247187199881,12.983576023634614,17.1858354779703,12.801030779741538,12.87830150365054,10.73397741911688,5.745780526647005,9.579846525469382,7.508031634917095,16.498800831318473,13.228112919791883,4.122225430594437,6.867746998973188,6.52387555132852,9.43690368049982,7.175685268610688,5.877619112809327
TCGA.HT.7481,12.191853496271642,12.563690618077974,10.516409678501251,11.736031231154843,10.372888016841976,10.421389212239983,4.460460811089197,7.773011914181724,10.555975915337164,9.304099384233638,11.040529191266959,10.216759315203934,6.855026665955204,8.922946480418704,13.450394353929447,9.829600180071246,10.726951839519577,11.6180778872501,11.703492675520616,10.53408728898908,8.91263160357697,11.883716800329386,3.0990258312256844,6.761055179200716,12.533441872663127,17.486473396087113,12.551836618284128,12.526694307660726,9.872806909679174,7.892129908485153,8.902242446773311,10.41002717285083,15.028662867422787,9.654969456603016,1.4881550615182308,5.792904794527134,7.481985053211701,10.491214462256536,8.278712882829042,5.577661453297145
TCGA.HT.7482,10.357571467674468,12.896273041010485,10.186675233565735,11.950223324436438,9.733747672233811,10.687886966541008,6.885213157340832,10.387737763019922,10.597792326210419,9.394394095295448,10.953723866759542,9.669948358325447,5.572410711159704,8.949838088895556,12.850998496468566,10.013062587974257,10.69979287469801,11.202959805831503,11.010856328872999,10.615708527885955,9.918868304582988,11.33074851653289,-1.0,6.8618536575051055,12.725018068770922,19.882374969157716,13.57641587148285,13.629078163995404,12.92900367649059,4.983508975235729,9.11701342434081,7.474314353315801,15.629910793376444,12.21322733570922,-0.18491648284562764,6.728731402303372,6.399446273618772,10.920192795229024,10.347940320600316,6.493644131967393
TCGA.HT.7483,11.69552519681841,13.378511379408769,10.486232482607136,12.078007799006205,10.492412032371154,10.59597119179402,5.016696878362517,6.784540625661922,10.05953712278925,8.925387092378239,11.35126894217531,10.81191642533361,7.742752030483083,9.133215694194703,12.523882508450676,10.50181211163957,11.328286547771018,11.513944970627053,10.169792748335205,10.874208323118525,10.062472000542808,12.392924241454576,-1.0,5.527808514147287,12.387083107079981,16.53261917363219,13.33603146895112,11.241603066833948,11.821133035925548,9.887062474018611,9.319755203339488,8.793823069858663,16.46095092026136,12.455476491443855,2.734915511304585,8.285315747048838,8.449763156232384,9.505907598095297,9.127621673329639,6.318662106725059
TCGA.HT.7485,11.633735115375721,11.571076873637132,10.749726491295435,12.34670242356412,9.68282345094522,10.817572656781373,7.542274303213913,9.128425646806122,9.902982215114008,8.6945518587647,10.87003622245102,8.718516094474406,5.012345190419828,9.091232521997915,12.596927597281093,10.385044965388971,10.199439728312221,10.627484912261282,9.499159447323008,11.05674384750641,9.623271552737991,12.203231903573872,-1.0,5.984580236656848,11.693823068030678,19.53933556553083,13.548082036601997,13.42686128955352,12.100551110550722,7.352198835528492,7.6796834699837255,5.358976402419228,15.589727149895767,11.831465876107618,0.6741894427915515,4.05051040408938,6.041685431990625,10.877617732559768,6.614951254514805,6.317501253119555
TCGA.HT.7601,10.870036145366425,13.251381039683778,10.25153886279993,11.974889518250007,10.141243096719368,11.46468991053368,6.759035959402097,8.86792116746336,10.54314939704371,8.96428425642586,10.950329597066023,10.073058633717338,5.553299058456131,8.987653984503487,12.505261086555938,9.633335662067838,11.305415522770923,11.517128817488228,10.176597166810799,11.154005541714636,10.089587659730405,11.811264821314925,-1.0,6.646079112094793,12.578441191801238,19.617483276969566,12.596728219855052,12.942341470523333,13.360635011621714,9.741290009449308,8.12540365444069,9.501901458022045,15.816184691638583,12.20881302761905,0.2741721890227864,6.333582950954362,8.610877568485366,10.133520629337973,10.718572688765814,7.309886480229961
TCGA.HT.7602,9.111623182255881,11.842745890937602,10.262341774153665,11.684191594050029,9.198988374722994,10.72910296272867,5.641901457036458,8.263602542975416,10.45027563306878,9.784936275172333,10.593632578920001,9.500866571434663,5.020613317261381,8.28544198490827,11.938256345676631,9.72662825566347,10.241671465307473,11.599949931615091,10.930901848631722,10.745310453452344,9.48551095509219,11.776633260344122,-1.0,8.66296489407974,11.816212927116913,20.627052423494312,12.656542289763312,13.4213026810412,12.42472687796237,6.615976798284867,8.494209976496602,4.555300814802226,14.872363830544435,11.288587772094205,-1.0,5.231670482639932,7.008632545908103,12.029463307851628,8.386267764715075,6.4779557382525645
TCGA.HT.7603,8.258837823809824,11.57269899503335,11.138068950926137,11.421389527845799,7.903902326438986,9.974601726477925,6.267404706115009,7.96134666174532,10.394450797150448,9.049154527891954,10.321740194164564,7.946250700548458,10.423356934617344,7.7859068659640815,12.982323802750939,10.707834746124085,10.094131670231095,10.86810673876278,10.919254559939258,10.047147502303206,9.441147715790015,10.1614492409852,-1.0,7.738498319435162,12.165566827562309,17.07964382506334,12.566544956290437,10.616915627634638,10.128392006481258,7.773130632963686,7.96134666174532,1.904156503906773,14.726384397150266,11.010527546431199,2.3334523583428233,7.987390793100417,7.351335039868091,10.462014577655797,7.4294059045623,4.859855280658923
TCGA.HT.7604,12.223024387818159,13.26408890598895,10.565292425366193,11.98672396639768,9.777114409205685,10.895088394786585,7.517952781970374,9.885009175750108,10.12862734341365,9.700234223503843,11.305681535926151,9.832588630268793,3.5807605493401393,9.056581902732518,13.542790375867511,9.977446081484997,10.248076165068387,10.765072973591293,9.696821684990825,11.053788052105137,10.205084187853307,12.46315568284247,-1.0,4.048855197829723,12.916421967588432,18.197766677192195,13.57311986608859,12.496741876822355,11.830698285323733,5.406992372310617,8.458032509902976,11.290101983871967,16.214759360993078,12.873424617543956,-1.0,7.460082324064474,5.575027878708566,8.890260932518718,7.973963067467361,5.534817997019321
TCGA.HT.7605,10.969428038701928,11.415156650543047,10.47216564733707,11.820642457469107,9.639899407351525,10.05108179866188,5.701316166541274,8.228607560673522,10.32505670087608,9.225335670803494,10.55658518039737,8.644420533816866,5.755838298851128,8.585429798113754,12.450395629890409,10.168422163038924,10.343293663647849,11.605686092016,11.25567981968679,10.498956382728164,9.445681601874242,11.936025289204315,0.10111215847415045,7.098651150618314,11.575824826805974,19.1416912789945,12.471057466439055,12.835707476938902,11.682462206465331,6.881145782229612,9.247249667213817,6.658021491588301,15.132340887872044,10.19332908641616,2.2613201874540123,4.730754062876307,6.852839082132801,11.273475035920164,7.0212765009725375,5.669211060297768
TCGA.HT.7606,13.556175243464358,9.539081050852323,9.281014059438679,11.814599768530382,10.616781402177317,10.940997778932175,9.155458574087184,10.019805170844375,10.486593010536442,9.307959647038013,11.907936170538033,12.210767155034219,3.5752881241917294,9.39121716305138,13.627610576905187,9.424645847456786,11.70776651510702,11.495315314040823,9.940458666971628,10.191462964546162,11.03672901192325,12.217795067531615,-1.0,6.765976238958426,13.205468026104413,17.84883787333906,13.928191066944251,12.32025907004318,11.007395044156208,6.677394073720174,11.05463361922671,10.55655931653355,15.91736128626487,10.016799653771479,1.4116974035208707,8.058259124374201,9.401129752033222,10.039401498315266,9.019642152987132,5.9085223223851004
TCGA.HT.7607,9.365037425155917,11.657391386468262,10.663302007565932,11.927324678750256,9.36063291309556,10.212324443149846,4.648413670745239,7.952088902570419,10.177094458935416,8.434438496593845,10.025486764177629,8.560731765441629,8.891512754834471,8.785422060894465,12.587080209284462,10.51350999113161,9.633181790592998,11.486256922911787,11.59263399949785,10.825201051589108,9.773547225614161,10.936956400863542,0.885027637499917,6.6413523851473055,10.451379382090312,18.556783928643746,11.768897885256665,11.930190384479468,11.510268830108913,12.499698695786922,8.950632002853263,6.717180132863566,14.356400213571687,9.062972727801977,2.8547935979936874,6.601889615537956,8.213329296541648,10.921010627979337,9.095303653401142,6.010625447803484
TCGA.HT.7608,11.404317849257392,12.586599350021672,10.49715756000537,12.303301548893641,9.329249871441144,10.228073346005473,7.968185238562387,9.982058085741384,10.654083635499756,9.02981064393059,10.637908790525195,8.161620174663135,4.109995673486172,9.411898408709488,12.319280321861173,9.734798007989028,9.907255581337461,12.837222029405515,11.338007498228015,10.015829959205773,7.885351061237761,11.994285013302378,0.7635815432544742,4.90894737371375,10.940092807530009,20.302716346517936,13.13370577148932,12.346077783924626,11.175191732866267,8.212991424921151,9.221456378654498,4.267812924703388,15.187440916537597,10.911372661892598,0.7635815432544742,5.019621861325345,8.72547498852192,11.41363966938326,8.099979459433838,5.847733891297981
TCGA.HT.7609,11.734987126066597,13.504369068191634,10.12219099814799,12.095520813639553,9.486295040914404,10.58414549364058,6.924951423106294,9.994840476377089,10.230821803773146,9.740394341733433,11.255764546130711,9.986564241898659,2.0006851174419085,9.196924929535767,13.42808542725692,9.76059704290665,10.497877078904938,10.931210348688262,9.896965506671584,11.472363886079787,10.227079796562828,12.58644233545967,-1.0,6.368090835629827,13.031976363599936,19.217504606729587,13.910871810380174,13.884945711683212,12.705101602568503,6.187322377628173,8.519781694330653,6.727205735199246,17.020502231781936,12.656630481830101,-1.0,7.6915739445649125,6.447420504590497,8.56939007424993,8.708734903604961,6.570652666949732
TCGA.HT.7610,12.487055153998899,12.441970981345543,10.689911511922572,12.235089302630806,9.102027129217682,10.354400256371461,4.202550935499104,8.439055837459621,10.200197066526268,9.278205271294262,10.68825144580155,10.472088050575358,9.26744520543655,9.27757451553529,13.388357731968775,10.39596548712717,10.544132373946926,11.207857659660496,11.394970978210255,10.67154469334722,10.48635095890585,11.790067465624432,-1.0,5.8855743643714264,12.606451759452058,15.829391283408333,12.597445649475096,10.801612661012697,9.62813035476594,6.649200121527582,8.17485729014583,8.590964234482733,15.773662382490379,12.31617539074786,3.1991854757951437,6.80087402175026,5.687091490894311,9.481386539852867,7.106669715555056,5.193562813413223
TCGA.HT.7611,11.896977195952188,12.288201197224316,10.399812279687241,12.25753225230306,10.193596446285204,11.149035311746495,8.48592468036809,9.116914687668727,10.141845305697476,9.143275294833767,11.15650570758824,9.318238874035705,2.1805298128107204,9.273376014607148,12.224804522860321,10.195887794146337,10.457929019566054,11.262880007599954,9.855777804595776,11.23529637425308,10.28647621064826,12.821234903152586,-1.0,6.3646582210764375,12.242462489172508,19.57229433500433,13.888429108943766,14.046659418745874,12.806690098683763,7.800552446766998,8.456921524087184,7.698664388801421,16.07374662486554,11.047169319475872,-1.0,5.034110045327425,5.7260573588578385,9.743823092553335,11.59205341864524,6.489459443930254
TCGA.HT.7616,12.439386322085953,12.598671283614578,11.016173278584155,11.933080256988903,10.154588904817983,10.588312873390482,6.601316184298991,7.391718751889037,11.262955682411171,9.860757840923512,10.78865398493621,10.376174129617123,4.869412473276502,10.382612355286927,13.11710905281038,10.5616086251172,10.922442876382231,10.16583068458528,11.570562877534048,9.674796237144214,8.867666083762643,11.163960193080898,-0.006651707872429906,5.344253292294437,11.358589118620499,17.634221040802057,13.326527531435588,12.98512900336859,12.020306477769772,12.369973319444071,10.117114362610966,8.17638560989725,14.622822753846837,9.233289400790404,1.3111543154405667,10.82456349611354,10.597105595380738,11.077314910210376,10.71148182872546,7.552627602626083
TCGA.HT.7620,11.700052548805049,11.873456878310538,9.920185796843612,11.635601775115843,9.890862514158266,10.377558579258045,6.4237966427374005,8.474154518271742,10.609311548640028,10.111658519821527,10.541570496722946,9.869894379827846,7.199377887229282,8.72827359941644,12.862601134766166,9.47527745107224,10.336409595841047,11.458400409737056,11.334954074478405,10.986518308499578,8.730064868923451,11.986715150549893,0.6357079643025552,7.029419755544945,12.343030775674634,20.050521222088758,12.36264782017473,11.923154678537445,11.288304859289285,6.5749597834790166,9.048426658268461,7.806665612904249,14.733730065903687,9.905994794664375,4.597483500737957,6.733366543809742,6.81664322223011,10.554769273199513,6.294194309759318,6.097322144474066
TCGA.HT.7676,10.811206489708741,13.240552731211242,10.795723771724,11.514945971158928,10.086580379309536,10.820516615676615,7.6451533106713,8.858868414886173,10.488517519436519,9.156659786138727,11.576730727110922,9.211248063021646,3.018456140568036,9.088304609738813,12.87080699734216,9.633026812531696,11.43734068436436,11.522815325021169,9.276933716303647,10.973054287498456,9.84496886163687,11.987734516879145,-1.0,6.6342955802437915,13.62958081695876,18.929007953015144,13.692375203221536,13.168575412960339,10.756883185179213,6.960576578042009,8.265956752459404,8.801799847936296,16.31146151574373,13.561065257881824,1.322389683450215,6.879545267332532,7.032896486977008,9.532932693171105,7.568151462777152,6.211975875397661
TCGA.HT.7677,12.598806646370384,14.24096993658858,10.277830662587764,12.206767136781751,10.634767677933002,10.358170845226528,7.903446260773153,7.805379525501177,10.676975202164648,9.346180611660735,11.288673182977591,10.778106788280027,2.100271260463045,9.255554077888458,12.59386419316804,9.584929626436173,11.490474012420334,11.15992644566752,11.825239100350926,10.809598531748598,8.310686845677008,13.33655158056556,3.3384814653625314,6.555072227007974,13.27787243906598,18.283008072113105,13.347320826546161,13.410648237851124,11.68328862129961,6.40937056853453,9.278750046450607,9.199457887491821,16.09721986535399,12.810058266095075,0.9685700343550078,6.581648011676665,6.895904830503967,10.468793755774778,7.407599184828771,6.089563826544433
TCGA.HT.7680,10.314015910588862,9.935667326550886,10.970652443352124,12.209846945918471,8.353862260111784,10.961897699574324,7.762459113277789,9.802879820325261,11.34289903601196,8.25520092734256,10.233108052402867,7.289399230783477,5.098726936569069,9.282425441000441,12.365239322151377,10.139644459499781,9.740261765348336,10.628419839339623,11.062835557687444,10.855136955047364,9.804717017189112,11.271627714515903,-1.0,7.95121767909453,9.300767118273118,21.067691924897584,13.116396842839876,12.531813911769776,13.620956601073914,12.802709411619672,8.885242752872102,0.7121114994662767,12.5333843920845,3.6160518094580274,6.879389652066279,12.341073214624691,10.65853185760392,12.04528924154462,12.069559828307183,7.792395979677591
TCGA.HT.7681,10.025985824342786,13.304964907017341,10.34876577002243,11.488782450801653,10.070216092109801,10.19911761028384,6.965608842278002,8.452823143929916,10.113703624222806,8.884638212350547,10.94660264802002,8.77763143553273,5.47619696411247,8.052431653978038,12.312610496108098,9.954098576122101,10.24846142535842,11.743829907234055,10.899699050339198,10.544842175137834,9.54317724277438,12.233838131459832,1.1880210514169482,6.902674175123771,12.391249094861529,17.370743567746718,12.60173595070819,13.07156730944047,10.734471945427392,8.598933485096369,8.981717965029016,5.774518258498977,15.753047702182945,12.198930196532267,1.8528378339890479,5.908690436750633,7.415974101637831,10.82670752453092,9.142432839785872,6.041210121638969
TCGA.HT.7684,9.952676171583281,11.64341776929436,10.176974700737832,10.89484814747913,10.11319493189996,9.888315398989745,9.693922139709095,11.42192637858285,11.6828214323354,8.903716483529449,11.215492958032417,8.455090862013,4.134795931386443,7.36056883114089,12.37079421567918,9.216747555482591,9.714583309206647,11.86614077850826,9.921701122739208,11.072660066397999,9.834496174465505,10.817369516556285,1.4727996718078973,8.721287547255972,12.99821207813893,19.57067373943846,12.788584393972933,12.919673780306809,13.893654064400268,7.38040824827972,10.54318304390062,1.9684225798331205,15.339599245343031,9.553530039226574,1.4727996718078973,9.92000769884571,9.491031127167105,12.21672136854222,9.54915451822352,5.754262198820238
TCGA.HT.7686,11.351243595640215,13.66512305066188,10.456238994888148,11.5891543095212,10.36358921756769,11.309878978964738,7.691504154986937,10.078557000658595,9.84501262807675,8.519093666040819,10.524438773651985,9.106274765227512,3.9870024554701167,9.452617671907097,12.48273677798277,9.956453118294178,11.090612577534776,11.183353575638586,10.038491465835016,10.775583944956525,10.29050227618291,12.355549150541984,-1.0,7.001184101818428,13.065412903251465,19.83604325221039,13.369204940932772,12.725673703243022,13.262026512522024,9.945260634666157,7.131043061354059,7.577380485611883,15.927646010644368,10.89701233888237,0.3001823099801158,8.621753729331974,7.741657760093992,11.16049078076271,11.705074379786764,7.665758003638735
TCGA.HT.7687,12.14256583797439,14.644697987749632,10.63224067386834,12.319460555317225,10.126675954170976,10.373802833441374,6.863789813470609,7.072050047216655,10.576036352087272,9.016594095631472,11.318500217372332,9.070880608560659,5.125167532659026,9.774971337300897,13.584563309262991,9.792962366491468,10.780389338782337,10.658751499555535,12.163251653626135,10.227845745588773,8.876659367300725,12.260618617473396,0.9400539620969552,5.440012014449992,13.192108042110597,17.568998873943613,12.83510211077793,12.631899768568426,10.681672297245557,6.814640140512979,9.606024824092847,9.454562306986308,16.283754595315752,12.367210482403404,2.626275583049788,7.28713980455083,7.962658331387304,10.393716072899634,8.834692256798727,5.727569265293574
TCGA.HT.7688,11.377039349348022,10.24150868591547,10.618310979445011,11.649589099821457,9.831652277456817,9.885157168257589,6.351435754339098,6.599238931355984,9.848426395049223,9.14215659323759,10.50758723787917,9.985003251273271,8.636871452523286,9.158114820799266,13.151698691776513,10.604957997894548,10.381165681447724,10.827356599138703,11.053592313050292,11.172107554918831,10.35069657628626,11.827049609665032,0.06557231159362208,6.708814898091134,12.578617523013586,16.121689949888054,12.863061348416185,12.245640703215916,9.537024992654343,9.208292894229146,8.453369005582521,7.899463270553988,15.657935789840996,11.081874783448438,2.7029456104133107,7.987525521264071,6.831569470571592,10.40636446915988,7.502924865335253,5.103585759745825
TCGA.HT.7689,11.617120984032695,10.94823266625248,10.08360657141191,11.893329785258059,9.841196354600772,10.343433806565011,6.695560995339602,9.442215538905561,10.284011914787623,9.61375024325742,10.986137061732595,10.381853518965553,3.552622992009278,9.455567649442838,13.073598559988973,9.952447000564495,10.661692869380856,10.977150461573872,10.053882586458325,10.48586140177019,9.874016616565635,11.76232460385265,-1.0,6.183291971742255,12.498613191431982,19.373613208894785,13.288619145754392,12.299351135796343,12.940483461733379,11.026251199783836,8.272704425311169,6.330916878114617,15.843382096086245,12.640896306980897,0.6053046802383422,6.413898673361619,7.282940139178832,10.854130644091661,8.99468437011558,6.236370156310402
TCGA.HT.7690,10.365162345930694,12.758741517258805,9.950619464625097,11.27672108059639,10.403918164848587,10.45769934501606,6.560279329298245,8.95956529141508,10.05131526946783,9.19352634611662,11.464244468224948,9.182335750488033,6.231601368373309,8.858610793018519,12.691165714891806,9.838805259427138,11.606428995223087,11.417587152710553,10.954783449219759,11.235697446093422,10.160486746978806,11.84233062016051,0.09153059312061654,6.034116649929836,13.023299455001029,18.706971772725538,13.354791599465836,12.634364471482424,13.036468270097897,7.316534066139248,8.105010668705946,8.412115903324564,16.53071296713199,12.855612908425826,5.593473293373049,9.341708501545645,9.258239064478978,9.949382309752838,11.893620109801072,6.573188178421457
TCGA.HT.7691,9.524591860794416,11.911685890165561,10.474134131945235,11.563371377878012,8.595043346113075,10.706398194668076,9.33281174667017,9.532076126371788,11.472475688028846,8.772202387441183,10.639745601403833,9.275157708487969,6.810885202078472,8.726967416706032,12.275549044998998,9.390483261774065,10.312758528813541,11.387628782016852,10.637553464202453,10.129695285429039,9.791234044557886,10.121203369184817,-1.0,8.584677690620225,12.062498376694267,19.033181022184237,12.914680947747982,11.971445191558303,12.893250804295349,16.58365397199132,9.558138269458228,4.919359152970838,13.686461931510639,8.321498829256269,10.0324637310065,10.132366571406738,12.163135081717542,12.100510342156268,11.451771747533343,7.128854266715342
TCGA.HT.7692,11.455098467187042,10.338449820398138,10.379303305984758,11.589974944188977,10.292672714902137,10.300093973254109,8.472253395714482,9.537742956846518,10.865576158528494,10.4271366087482,11.215747689311087,8.919273631598605,3.620117165028684,8.02032662088763,14.142200390588167,9.28491129534996,10.655649854615904,11.535721046103134,11.124273329748823,10.234167653003448,9.425666163728975,11.846723811585015,3.3776096569593372,4.915540021831884,12.685128943057554,18.499040395198723,13.889749417433476,13.224495601108877,11.885255567243686,5.717838160332433,8.744708394924807,9.196915588193823,16.16950149201196,11.473567154957845,-1.0,6.874291639115672,7.678338863527402,9.987747482633289,7.670275964775967,5.875760407688807
TCGA.HT.7693,10.997799410149469,13.469622448063767,10.445908129446313,11.956889939640831,10.061189848605997,10.84204920047227,8.262239107661275,9.574734478852612,10.282915010790818,9.926796328953555,11.173688627854515,8.753683752374318,6.0105202734927285,9.594189846555158,12.641420962822007,9.874336062099493,10.178150667022704,10.461125176115939,11.199777169506998,11.12268598263387,10.380183755266016,12.102769820702395,-1.0,5.5909313095997195,13.32373370054133,17.038857926095293,13.263166188973543,10.240771778146243,10.843211146049399,8.785463584632744,13.452610748555026,6.814258163522148,14.97228159678809,10.957607984653466,4.43137558115376,11.015445996818016,8.609534842209666,10.20144371084158,10.181829456271707,6.572260625376583
TCGA.HT.7694,10.706997032313618,12.533848819296352,10.621356851628013,11.720507673602347,8.632327841784136,9.984181313226392,5.209734078973791,6.28759788272771,10.047424964883362,8.711429860011329,9.946207413999783,8.5675192091192,8.573758887903155,8.882044145494886,12.852079211389412,10.490930277923745,9.869661080053218,11.296844987822524,11.522641062038131,10.689887145128461,9.37905578252336,11.097976730323422,0.8604463933884441,6.88962807395623,11.734917923916488,17.831826517707984,11.94288964524157,11.619469960858403,8.765855935674598,8.283704203711903,8.729428371389158,7.61127346550653,14.373944256838445,10.078475477678065,3.2793227097191195,6.323589843523165,7.377316396456063,10.685572018777037,8.232562911122486,4.988452928167164
TCGA.HT.7695,11.922434811044472,13.290590986177532,10.431039859890477,12.182284874521619,10.306785248570103,10.347812792531553,5.430532838546801,7.283417148131932,10.213983545883872,8.599736584655357,10.759688738063037,9.225944626032122,6.789478870423928,9.183134879206117,12.911226828759236,10.249900852085043,10.624779283697256,11.637592405862398,11.732517624730233,10.618273257686504,9.357323706456146,12.383538875197086,2.106348319505147,5.488755994995191,12.372121597754255,17.463227320059115,12.473180343533535,12.659373205734607,10.601643224017478,6.756001153396138,8.801907170416074,8.242943038555305,15.44795913138533,11.564903229855496,2.4116974035208707,3.5440278255416,6.311274224962081,10.021381171715918,7.0071495192529945,5.360978730952456
TCGA.HT.7854,12.79503815836418,11.192052900232724,10.56749829401146,11.781594050464792,9.036097766020495,10.800371650681784,6.176831376612021,8.409264058259541,10.51746231799677,9.151773089234194,10.052104058725662,8.263411936775219,6.28047199462727,9.33064063381408,12.408799389472284,9.651217304499035,9.137120513203206,11.993424827456716,11.25966653757499,11.700762337690534,9.850181523266388,13.493992546278337,0.6578229026524012,7.028352554881297,10.621789345918975,20.22142296633185,12.662632952958912,12.175635186671753,13.341871614945681,13.03227475553495,10.029968101168492,2.7239735086934087,14.621277845375234,7.295753325225044,1.9003355086409828,12.537112184759627,9.508379526534796,12.333782143413714,11.343825790185695,7.431037874378299
TCGA.HT.7855,12.052275372738865,13.669683230404157,9.96527737685065,11.957130597642779,10.25913263677805,10.582032999013045,7.757282657526771,9.462349304049875,10.130717012727633,9.683450312062345,11.120734957630221,9.529946825547361,1.8897850220035532,9.692173646819375,13.633655251723354,9.997808511280574,10.222180993055785,11.18571388256082,9.692794716001261,11.573053420926119,10.619426858613705,12.929572086720793,-1.0,5.284288324323766,13.638821380653935,17.16949245487613,13.762230857196384,13.207814278416146,11.905689164579389,3.483635227593226,9.486191244940471,6.963645202665974,17.005237071094456,12.368985025124738,-1.0,7.250226399804646,6.371259141206206,8.919528690808592,8.530922064473934,5.871868284484778
TCGA.HT.7856,10.96312778646677,13.745708164340698,10.534386834551414,11.689574095655622,8.573308246878241,9.662165970293568,6.017322887102378,7.1556004956496615,10.045140821333336,9.032329277516306,9.967502808930112,8.719402854206376,8.886210527764872,8.78322974207572,12.851490320670793,10.147651404312832,10.157396456094018,11.553461833665608,11.294837940848035,11.676214640354532,9.68282590837945,11.921593463904706,2.3541418095345534,7.216531499007869,12.178426799133689,16.401577634213478,11.880293318818113,11.79246723757519,8.851093434272629,7.6838388923590815,8.470743460888334,7.905421906081841,15.062328356732452,10.954901415229324,5.075228828874169,6.330144246959961,7.668655269077994,10.520861826363985,8.32893472366384,5.062009428829606
TCGA.HT.7857,5.657342747398416,10.180526456254213,10.800731198249085,10.375219213841333,10.393943831332287,11.575266895895405,6.552224886533076,6.525301549768865,11.473308547988182,9.564120521445727,10.974006461631513,11.028228908543255,8.788703652847126,8.55312738295528,11.043015044565745,9.155558755462877,11.490809871135196,11.082797043852134,10.235619968875893,11.020778586277327,9.618630886385201,11.846659649439765,-1.0,7.23938753906284,11.200005377571184,18.820180278721704,12.011054666899962,14.260968622084455,14.085273701468337,14.368498529118579,10.371066990516933,9.308663941265678,11.638188082226774,3.9468711932994,15.80736687234545,11.642422565940633,13.463266987106694,12.441671300981724,12.202828588219983,8.595158998064226
TCGA.HT.7858,11.449506385260294,13.054384692129716,10.059189366151482,11.793135881650555,10.233931907362257,10.66504921524516,7.135056655634609,9.487990323472527,10.461417850055268,9.85376007380726,11.271075747707942,10.080308831317986,2.456411916398156,8.948298891779944,13.130675189793642,9.634485817349978,10.966421598677671,10.773393181130256,10.025591683557593,11.30319704627215,10.49210794994216,12.460641238463188,-1.0,6.388351435108307,13.39028688256219,19.39724685471937,13.3435985709051,12.740691898465546,11.997582306460266,6.900339131799039,9.664129376605489,9.336098798581,16.108107304141672,12.396681890528933,5.26638552816363,9.834486219534691,7.448846452706965,10.82831764293943,10.096580101371393,6.675087626634438
TCGA.HT.7860,11.705548069307072,10.178056649892552,10.24440665148554,11.325745280712813,10.414360830759692,11.077351565554986,3.302465287332405,5.989599996514005,10.421199310222507,9.161248049907927,10.372242586806738,10.847620372877131,7.342016870121727,9.575743629910907,12.632687206114008,9.530783007885294,11.547171640939062,12.155254331793543,11.437520515229807,11.369418988486201,10.275348049759412,12.606259524606394,2.8040742159649534,5.025050948729295,11.41884977055203,19.57212775035648,12.628179259496413,13.605451332914525,12.203212659844805,15.130320136637724,10.516524619068122,7.429030064197383,15.53694553935725,9.482197681589685,10.206643223983395,9.426642364258212,10.553650027109288,10.489305794510305,11.600194753691905,8.606994385643352
TCGA.HT.7873,11.789486817752723,12.210882254035562,9.154614345626731,11.872662761581363,9.328349330635316,10.079621580031677,6.628575313058299,8.761087767020586,10.343126185001678,10.370829490016929,11.122469023152263,8.50597704754471,3.831542870028143,8.849667811733486,13.13203614519176,9.582114313269392,11.174433509756737,11.843427915391095,10.031291249582354,11.076231922211585,10.490780795550085,12.718601391754197,-1.0,4.44355361024173,12.903564658912998,18.236601275238392,13.191653895123288,13.277319180340902,10.67002034957981,5.276742304873674,9.106633077927443,7.798160061049581,16.20378447762234,11.912621163087165,2.1456122471664756,6.098651150618314,5.9309028832331725,9.863142135024816,7.690352139268286,6.698390746622567
TCGA.HT.7874,11.033653222428557,12.889709743820879,10.672900416061767,11.968138356163115,8.843230778738457,9.930790846366142,3.726242686642698,6.795582547771154,9.969401919601193,8.706769163184314,9.782772043424066,8.823089821017433,8.730513273036152,9.236927848642376,13.033517348367843,10.55154975830218,9.73307669001701,11.496641650678596,11.669269223452684,10.849670235330526,9.372937954626762,11.380125190832333,-1.0,6.580059535356801,11.747424158098005,17.72856372090268,11.716438506972446,11.212793830586275,9.513851926829606,7.623631328044933,8.611949522997298,5.597599702100866,14.459945307969814,9.999469176554072,2.9140860970127225,7.718502737555346,7.1318086127990945,10.557657452008689,8.158295113584895,5.210552514389043
TCGA.HT.7875,11.71994803497539,13.83739177107497,10.343509646856502,12.305954224018063,10.616148141616605,10.377444054526979,7.166678292680904,7.948140588003353,10.510623253535684,9.388674746059854,11.080665124071565,8.627148992865337,4.320621864717013,9.129842983083373,13.246663667549056,9.608057951375152,10.774543378370437,11.460588691863324,11.656561841294659,10.373750098509054,9.853972574846106,13.270743193314631,2.8061177960356294,4.5087455542444745,12.778114059098057,17.475197252580987,13.054691321311047,13.27295342202909,10.712618047271738,6.092179947457107,9.219383214302248,6.9126929726707225,16.0417457265685,12.258667961110293,1.7150586936534806,6.562361498897624,6.494711607739718,9.914396195266706,7.19130799318356,5.881312222000928
TCGA.HT.7877,11.847097054903474,13.614752213459012,10.58559063135254,12.091144536928127,9.79812473490281,10.2010863760642,4.391664627354925,6.8846626308092675,10.26436272197281,9.448592099438041,10.708188960741179,9.216832902211346,6.86942111045852,9.730665766614132,13.048819820212115,9.956171972773317,10.388842830516763,11.709579061451622,11.534925597335054,10.747539211013594,9.210042264662356,12.497259047878167,3.0464212112487106,6.161805067585978,12.693669961689434,16.71411924948871,12.506602586783831,12.748006021066715,10.720983118880289,6.524917765746713,9.610903583693402,8.411326667179935,15.738113848676498,11.471039577379264,5.341619335837597,8.286347059612803,6.929446612575117,9.822073648821373,7.843113292742878,5.59428578314789
TCGA.HT.7879,11.051300449206028,13.554793814442316,10.387327426074442,11.72102722309568,9.331810892762798,10.337919106692565,7.163946485961141,9.223953663982355,10.413517078401789,10.362471422971756,11.038201303163357,10.258920598868905,3.47379989710985,8.72082258866539,12.486057113792182,9.8053098700012,10.648306345201199,11.167565355940992,9.80102637279831,11.58439498541944,10.0323911331885,12.860280943487663,-1.0,5.344097024245268,13.53493511469018,19.008578050739086,13.558281292251714,12.048456596151215,11.70363568127527,5.7605802445825685,9.059767607336708,7.140406484061531,16.70442539918255,13.362673282161078,0.5798559513506845,7.836786983209828,7.60828143903998,9.233521177107923,8.482184771462252,6.192050125355104
TCGA.HT.7880,9.76236841734576,11.237467399683323,10.462536013475809,11.322724569513541,8.695307646241941,9.8085721653875,4.876300833079333,6.235977824999568,9.958247179718008,9.25180689174861,10.021705686038938,8.970879531530617,8.191691936344277,8.211900458871119,12.312181115346236,10.191406826365581,9.782823633896129,11.40671894706532,10.720285477557033,11.436254408110136,9.609099119867905,11.646596419532093,-0.2910623603735559,7.864500655039704,12.24616186078755,19.57577246736172,12.103264495583344,11.08173520535563,11.730211507308562,8.788308545843725,9.75024370877514,6.699418372516447,14.6100903520159,11.699438154076656,4.215973627857396,7.03224854429758,7.628153872997952,11.380691791261489,8.204161262827945,5.824126286464224
TCGA.HT.7881,9.494758801702357,10.691289879888531,10.231615527468437,11.701157765725968,8.745562063340182,9.587233333005495,3.217944130894817,7.265880356090575,10.001242098963889,9.42115175189768,9.94782933315987,8.933150649622883,8.47739076744003,8.418638611663837,12.131684135450524,10.225915593836277,9.631637443920647,11.512207080536385,11.156239475678191,10.955851260578953,9.62422795121037,11.560885442986793,1.3401634433110912,7.2848028210386335,11.594924979798892,18.194387143377654,11.58589422211781,11.884705056898417,11.294920341191343,7.079785558387844,8.798091352519668,6.09228567782078,14.517646655174731,9.703126834645476,0.8911080600299301,5.385910705316957,7.396303367707074,10.17780021971539,6.554040830446169,5.1585955515008965
TCGA.HT.7882,10.492809866900238,13.398113751252264,10.418536999867104,10.905713417332493,9.710137267444049,10.740682307618782,6.000232165051613,9.527745775831093,10.972339618599756,9.290106420011982,10.79014767852549,9.768258277546993,8.104342426389493,9.352230180349238,11.4301239352196,8.959624406444195,11.591213672182192,10.51787623176195,10.667230164705503,11.285708874565701,10.17769808330079,11.264101943230491,1.2708279155536644,7.46658552206104,7.283851413287615,16.332019063692787,10.653245825234775,13.072817704864947,14.277834555579128,15.966304302780935,12.306854640363788,8.440914834932542,12.095464738196368,6.32335385486505,12.732358203319002,14.619663607022508,14.99556215987097,13.183099977771837,13.703590285188623,8.34571881306744
TCGA.HT.7884,11.452784234139672,13.47583643713337,10.265731184034427,12.000513622114363,9.123912907493716,10.084603260778124,3.4359752258915512,9.310544621228598,10.28632083522657,10.604892690399593,10.371894559423142,9.395919017004662,6.162937082908466,8.971205831820784,12.792224755174791,9.552859459227104,10.677486219714833,11.204538744378116,10.317915321221117,11.443469952379287,10.225426777409638,12.673822474969965,-1.0,6.0308833863701015,13.26484016627092,17.957419200719283,12.996265614097902,12.012020240129697,11.858347219063218,5.876487478450446,7.968401266800174,7.216288002653172,16.189002929457885,12.740158171026549,1.439357178474257,5.009217266522022,6.3828280427285105,9.277501754040589,7.8326710622508005,5.483480452746261
TCGA.HT.7902,9.042320942256794,13.280998376748764,9.805144424708939,11.627928793264582,9.914475129598516,10.19607744827789,6.584977528716228,7.911360227229201,10.449865067918408,10.182432841313055,10.553199012912977,10.146416825210197,6.6592752566115925,8.48274141579825,11.95657062117705,9.813302938699257,10.112982077024535,11.471909480917558,10.960430114292913,11.386516856182839,9.919374349618018,12.175373241656215,-1.0,7.279756352044337,12.652834645598341,18.63653356354605,12.502751862030227,13.609616375457573,11.675565044601605,8.063958027002204,8.841112678107812,7.601310240813012,15.46578466734379,9.627115788872992,0.9943624890346371,5.146394549060505,7.981180799065047,10.712813533519663,8.469440761946988,6.130039203133484
TCGA.HT.8010,10.608496298381606,10.93954990468289,10.375485533192558,11.430336713239397,9.003100714053744,10.11966223996716,6.62091185981728,8.303688978896682,10.267509112458054,9.259100379827848,10.13394555570049,8.786517298990763,5.689016744912667,8.893713193924787,12.479007386758841,9.925531742282024,9.300600348521053,11.70658356135188,11.344127657668267,11.16846691745954,9.426441725622782,11.979381070625612,0.4345615118726079,6.557115957741373,11.027280693226654,19.98964293563793,12.224323048178194,11.506414849349335,12.08367341327015,8.52325339018142,9.499541573867909,4.445422137559141,14.124085429837963,10.883825223310152,2.487743583019698,9.070912800251586,7.211741341395025,11.350492827055792,7.774188777073243,6.195802306344091
TCGA.HT.8011,14.346602783871209,8.726008978936676,9.751850306388224,11.488020409659882,10.62326853441617,11.082679639938693,3.803619693679946,7.187686601084403,10.702663170250716,12.439190227741433,12.06490851024744,12.049432659886646,6.142352166964487,8.51283920651805,13.71631433320934,9.09755549366106,11.331354660669906,11.495705954019353,11.082471282673277,11.213224905088925,10.425278541135178,12.778636332486988,4.977188320906731,6.977940435004332,12.449241287570619,17.66595380441826,13.600967439011189,14.92604928933197,12.035188843266969,14.759875105098732,10.291108753065224,11.323267995406798,15.786280793991345,12.475812478155138,0.8093321197735012,9.12451347507913,11.162888255383832,11.849240960613917,11.08517685235361,6.757695351669495
TCGA.HT.8012,11.52182433450838,14.590760640031984,10.3733409839269,12.170903060027145,10.16451415352772,10.040289721025717,5.640244936222346,7.1440208692668925,10.399277924508967,9.716712305312454,10.902092427105698,9.074810461160453,4.523561956057013,9.477125810583122,13.050146244715556,9.643067000110516,10.49235394515987,10.043710863347156,11.514005105498759,10.531564222804532,9.744833837499545,13.479377670182231,2.189824558880017,5.162391328756905,13.910279668992706,17.857373590609935,13.195352981594452,13.046633782997407,10.282509306240836,6.699572453287269,8.780949798749665,4.689997971419445,17.062069860513066,14.28648556729559,0.16992500144231237,7.020979938904212,6.514714054138487,9.505315356136236,7.215532999745656,5.7615512324444795
TCGA.HT.8013,11.262725827704434,12.798578622193752,10.234594843815977,11.46210626952555,10.589263504728692,11.064430416425777,7.057883448899626,8.198370387726422,10.049857804445667,9.72984350293862,11.051364352000146,9.694561260672321,5.099648680236413,8.670546139847293,12.500193417158837,9.60574043892167,10.940794929126833,10.993193935298397,9.893910186382925,11.567106602612935,10.024173519345599,12.901063090189984,-1.0,7.054612999879318,13.441989597488728,19.46443257269697,13.466612769893315,14.476848467145043,12.651334886489659,7.840305233745354,9.254561920641146,9.86945828059817,15.85213613070399,13.9956845927294,1.6848636107290988,6.970350969729646,8.460501357381734,10.35113712428461,9.357008692455945,6.987601691113928
TCGA.HT.8015,8.427341760608517,11.2542897963935,10.934124135908963,11.549173293847776,8.816057890224489,10.179306141376056,9.125400812942202,9.681380917002317,10.606143208814624,8.922757426549804,9.522531511728936,8.432907642983723,7.253991156553239,8.32330160788204,11.562563893755767,10.290781821604174,9.971294509497676,10.53848403827119,11.118975388218121,11.460670748695373,9.702271574997683,11.053341899377177,-1.0,7.956803021463134,11.114364421934638,18.874686734928094,11.617566916909528,12.332895781649984,12.282022176882395,15.676562492221676,8.732770839603058,8.934576062243101,12.512393226237439,7.228614775186414,5.255591370827288,7.8773872123571556,11.483198772317982,11.08903098584745,10.333067220200862,6.420600297558005
TCGA.HT.8018,10.123073167436187,11.514873698297176,10.730344713217043,11.425311957360597,9.251479333498713,10.301027414418378,6.587825511622181,7.557625289710047,9.64715402526519,8.48219324374641,9.807253962075242,8.840331043713013,9.955037540232153,8.65203612021106,12.21847517643454,10.190751884053313,10.236560661660489,11.160999703383682,11.060559355495917,11.21737917140362,10.045623847841153,11.525937848196392,0.18103892443166855,7.488033719709529,11.400499665125345,18.43197201399545,12.219434069309656,11.644195859383414,11.494120752671257,13.898845194733257,9.504657928997101,7.884118000999733,14.601527974654562,10.679964464625291,6.5686903514546,11.048307718017242,12.090575562927581,12.01814397243422,10.558217592765397,6.824016784284206
TCGA.HT.8019,8.705006450224621,10.334734628098236,10.680326291033127,11.408492260392201,7.197194081698828,9.401761216842848,3.9552011930130275,6.239432412862346,9.781574134534388,8.624392651074722,8.955022423941081,7.990934444756681,8.955022423941081,7.918618196770853,12.712901575347091,10.518914921576524,8.741778413116991,11.08418162253357,10.943287401009272,11.607208650586061,9.501591607356628,9.672069928462006,0.44127099043859935,7.698000334690016,9.64990551363012,16.370291614201996,10.577181528156133,9.939878887657583,7.951484638244941,8.905560900217074,9.013658495417726,2.383413996482974,12.603816613344986,6.993767187541182,3.994543520623708,6.06557661968275,8.062114694471425,11.373239122240761,7.733321120279755,4.537954511446733
TCGA.HT.8104,16.808184504858737,10.704836093704989,9.854043505495824,11.586619004958461,10.423125156815473,10.977932924387488,4.352596113853753,5.281471999974657,10.296381691427108,9.776617264517485,11.047706054366811,10.86276496301802,7.067660226361977,8.695668864005656,12.3978747408707,9.78046857416931,11.73143168413649,11.621257706732436,11.009041357190487,11.230034850571581,9.380846742349249,11.973869962856265,3.7749135369099434,6.675249974410585,11.142403736819828,18.66202085969754,12.888358383775982,14.46082305079966,13.735060758165048,15.478085526217516,10.234903750785918,10.297054047626363,15.362381096323155,9.765972427851237,8.18023838488549,9.205019777096785,11.0164086364466,12.23988477259615,11.604653435919147,7.500159101230563
TCGA.HT.8105,11.43146730838877,13.384158383778024,10.600626762378031,12.035296152833501,9.829231659589885,10.436706962145687,1.6468538789426834,5.713489622273862,10.614919884486579,9.23393454294312,10.81967440970321,9.183407608713463,6.8117227609065765,9.424161878826519,12.885714502228979,9.934337804860073,10.464513690087916,10.02229928338642,11.605276896853566,10.699254990751273,9.005555500269143,11.544932420827251,3.124907082198679,5.784087760863626,12.483982579235306,16.103434537790704,12.531727763239157,11.972442407701799,10.762634093803463,9.938212708306432,9.400482427108882,8.41203627911045,15.602601215961169,9.72036979380495,3.4191478277112886,11.709278571852575,8.55642366734377,9.648869490615485,11.010035911175468,5.939083147525817
TCGA.HT.8106,9.665522282868821,12.329042453628652,10.66422157356483,11.324781356873524,8.957800578049731,11.308539719181088,7.232155149395409,8.663500822216578,10.978115528589942,9.34808366551873,10.410110194885023,9.612394522679304,7.254157495230517,9.643686482789452,11.918533973118457,9.905379332688335,11.817534765025208,10.86649894850498,10.436464618219674,11.12649018187406,10.253141443276276,10.991508737048429,0.21424917025451382,7.235319234096024,10.344237200130822,18.316877904963643,11.97888081288782,11.629246409998965,13.961507692250054,14.1370582163391,8.866892836687553,8.679848819310788,14.033129528482641,9.681870528667194,3.46752730009432,10.683749168550134,10.574639125240607,10.852660118499939,11.645984757973538,8.974935644187214
TCGA.HT.8107,9.985942808307634,9.692657517941338,10.82568070268599,11.916988080529551,7.458505045361079,9.68496579716744,3.4885021552383915,5.8901621141765785,10.228629564825056,8.789858988995274,8.834271934847646,8.732348238895854,9.601984484548375,9.096496164429787,12.631375867394665,10.95122430995551,8.673671603214617,10.752062800461003,11.493945839957595,11.322147469293327,9.636253568214876,9.855736387689078,0.25326319925980556,6.584616813622189,10.004533976100767,16.057896017120157,10.370722275148168,10.89205171587445,9.40772790844928,9.117314009921193,9.141375054995436,3.137880542504635,12.400812021793516,6.213022541587015,4.606986985465357,9.353829627784325,7.741058389669637,10.484126447129505,9.08551415266467,5.517811092010603
TCGA.HT.8108,11.804113753924574,12.454498563035553,10.521085295819466,11.747758759551969,7.8755785827308875,10.946711490168664,5.942985943268162,8.445642292098615,10.413529136993043,9.742567969472127,11.080171100722087,10.748753462532537,3.9518022436244764,9.263139598512089,13.672859444323835,9.901217328217905,11.609585073883544,11.577074531145593,10.225590658408404,11.065377559067104,10.302872728811758,12.487339323726943,-1.0,5.3284702879508,13.587554028931818,17.54137562262483,13.311486199704353,14.536007062268926,9.942967622220937,5.662883384246394,9.264896449954655,8.544420084508088,17.525513039386908,12.866176448792,1.4573841625852504,7.364944438572823,7.022671856712056,8.737727654313238,7.456961348852871,7.0017527110551
TCGA.HT.8109,11.900154037167617,11.352426897697692,10.644373844076485,12.198402159007136,9.61272716890066,10.438120760171373,5.857398824855036,8.353982640557465,10.46599914841337,9.17180028754413,10.373453115918334,9.626328886051969,7.989471706446034,9.163427783272446,13.224943189837395,10.288743826241307,10.264593078373546,11.019306052928115,11.804395854059607,11.007140827340201,9.96449884796871,11.784212361940549,1.7934797605267,6.08722095739383,11.85654084624157,18.5241056031509,12.390387628329517,12.611322391646986,11.66966199592298,8.304077474551727,9.115044170520513,8.180445772231147,15.214005276966256,9.502725810310098,1.6302656686777282,8.970029366771973,7.377254786820764,9.776005095573494,7.128531589370727,6.133676540097582
TCGA.HT.8110,13.741865020937293,9.022316762916116,10.35005683521961,11.111273476248797,9.838942945414415,11.330195630363425,4.7743126709168235,5.578914567367632,10.708221902506368,9.125751050039055,10.830777102468602,10.014927101990123,4.961155626684452,8.440815195276038,12.294527878152458,9.781174446470759,11.152625952448007,11.904779561212976,11.305388502620543,10.983369880841092,9.939101517968849,11.806395839092525,2.221041838998576,5.578914567367632,11.543645560298192,19.961309548782044,11.816874577300212,13.92000512065619,12.343563082442259,12.857285597793929,9.563254627240433,10.275821174758129,15.89979836207811,9.909890684275254,2.793417331870039,10.303299236844321,10.678551549650201,11.497755254963167,11.26802348428888,8.437670105778011
TCGA.HT.8111,10.293148012019333,11.791166063783272,10.103572515856932,11.833990163677024,9.899182731529864,10.757727682168907,7.88912609057857,9.708094787986296,10.597398671557425,9.373980269615362,11.077508391840826,10.256529867703765,4.6784156313402185,8.849403849829566,12.394885419492216,9.913535859939664,10.002758347232763,11.562165134916471,10.491177676821554,10.742919820448813,9.995780150617838,11.72232056075761,-1.0,7.588778337593256,12.988272266963028,20.33510175727046,12.790842561670303,13.001707663281099,13.151741304725414,8.9794060450176,8.671912528338849,9.185329398135455,15.726003479663811,12.48680782625387,-1.0,5.733012609213301,6.508163986261935,11.050102155669244,10.423327728041873,6.814978451772454
TCGA.HT.8113,10.190475107172825,11.118080064026207,10.706946455379773,11.654713844254267,8.299030304052945,9.605589706863798,5.593786992550174,7.400004163477698,9.97180950837183,8.75037470107107,9.413903749332707,8.303116773070654,8.830413794864985,8.707855361435033,12.761944595766765,10.81927316355653,8.834654654033052,11.06646165915168,11.2557177583963,11.246994324271277,9.603105916645626,10.64953175445778,1.8586574107582352,6.951670547860739,10.678524701517071,15.775612572260288,11.177746287607224,10.722667181701123,8.426245043327057,8.378634299136596,8.704769622412904,4.673217192486237,13.810426283525153,10.614199842252004,4.089760835723826,7.2215262222993735,6.8878042785279066,10.539963800349135,7.384661164364398,4.9272991567266535
TCGA.HT.8114,12.330715413192056,12.577730317906553,10.817778246176406,12.210077464292887,7.861742020012235,10.98242386854399,7.140644725919631,9.740610384775616,10.107976546805034,9.290934874825883,10.934050546245755,8.519471925630098,6.604760769506261,10.000505981630564,13.205869031651982,9.926199021063999,10.611531219824478,11.274641157564448,9.613699419815127,11.071768969709566,10.067751234828185,12.166106830254561,-1.0,7.116765010774893,12.569789570301484,19.123713995315534,13.39770852091135,13.772665502481617,13.033519877734692,7.254452321214823,8.5563355268535,8.39891295822623,16.457095553682645,12.081582166452668,7.473351829959518,7.194113653137248,10.169917612620665,10.69272123734151,11.025064241108664,7.299697993489472
TCGA.HT.8558,7.944600798688203,9.571483037190246,10.561705989262824,11.56332628054829,7.489910562815773,9.556425008570507,4.241977431321149,5.646652306796644,9.87435481464401,8.543751827733772,9.060756177806791,8.946268541247992,10.58152025601354,8.261807217558435,12.665794326436629,10.72611944972445,8.611960585133492,10.828600801733108,11.196039568641035,11.07356346598396,9.725941857626868,10.064860223094282,1.3926471439642634,7.455381474482522,10.855331498160139,15.49949803346983,9.916744139247871,9.466814499994484,8.116524871650613,8.470717841363111,8.359964301683679,1.183518274044667,12.010124822206079,6.603095157414934,2.7054250390427272,6.029682567876836,7.461194563629069,10.579851615452935,7.269134161502998,4.419646752531433
TCGA.HT.8563,9.959648022800739,11.111570826300829,10.25659107589452,11.491995004456108,9.944858299430194,11.145496215435927,8.622044862280775,9.251180111261377,10.099363591848773,9.02040885745772,11.758404373197177,9.29694694123164,9.216287275012837,9.31316602238859,12.33844742471236,9.551219911768168,11.767681734317787,10.227138896817014,10.255392503356463,10.467615432917718,9.812573631133054,10.429509264422206,-1.0,7.0469100828635165,6.766388441899264,19.09138841051859,11.924336498992101,10.585811055491055,14.308122588314903,13.75340965286079,10.52112397726342,7.537104999863319,11.218661127870362,3.6267194712485353,6.702150516531929,11.30808249660978,9.110665217559326,10.39980234844588,13.361632480891029,8.492391201364354
TCGA.HT.8564,12.554475968844681,11.879574634767948,10.326188231261854,11.155155584286172,9.931930762651259,10.222300921620532,8.038262770388288,8.082449793286946,10.648588574497992,10.001579055667822,10.761614058118614,10.738263126086515,7.830193198904849,8.453634040368378,12.574045861505358,9.715595180013267,11.326533752902614,11.79920827051545,11.91328048702103,11.418333227675918,10.11228701875943,12.65491782772185,-1.0,7.377236563748388,12.440268793346634,16.834634084668544,12.458769010239461,13.504683710013627,11.720364192827692,9.812392650592525,9.519880939902139,9.812392650592525,16.240851326460866,9.971987933289826,7.697005765837017,7.338008055534512,10.749830133948032,10.517561821662769,9.59043210625204,7.586975608773692
TCGA.HT.A4DS,9.68832550218787,10.294846439498324,9.904412443071138,8.700250698836724,10.166790374199199,9.264094434732314,4.733224166767621,3.936609673679986,9.964719327026955,9.145124876655139,12.117461194774867,8.673085718832144,5.042018275037304,7.489097322989133,10.853783695241535,8.529013107830988,11.188880384050872,11.617507182481745,9.07892679829705,10.922503903882143,7.67485183689626,11.777368054732575,5.598817763228228,9.503010762716928,13.698340192669,19.21351373736272,12.23463370028656,14.880457379309473,12.121805842414554,15.573785584085549,8.331522951533984,10.11909234019026,16.506085998933155,10.0216275483296,9.171835307073307,10.150767186143657,13.042045130426114,13.67790967645207,10.977539742647037,7.761813818933831
TCGA.HT.A4DV,8.541096615349524,12.040241767402142,9.89678648618014,10.91863966183583,9.759721772812643,9.599354991420022,7.282625134191674,7.714932351785683,10.368615587111229,9.727409976864571,10.893984032666664,9.374387464005459,6.345183447187665,7.4371278442728075,11.937116304470118,9.471878396568409,10.034111146096592,11.812698763975398,10.13198553732479,10.914459881257342,9.511950269690008,11.828969483374772,0.37851162325372983,7.282625134191674,12.77932949579176,18.614337808205565,12.047567015977538,12.414605964671125,11.13782368864792,8.090112419664289,10.061371192659811,4.5668151540108965,15.565474012426384,12.222945804499009,1.8875252707415875,7.805421446171756,8.002815015607053,10.933469365736233,6.8740592031411465,5.880195728943098
TCGA.HT.A5R5,10.540567175007093,11.210057306824087,10.287549172655268,11.281324779251365,9.153576604179966,9.935092102504635,7.778646865132773,10.60758387286389,9.55884140608904,9.074777821237221,10.466136126235211,7.496593369896814,7.097823561601251,8.84457992516397,11.915695184504466,9.85342917715741,9.244249176152186,11.084381095504966,8.902959611675685,11.84018097746929,9.559822354710482,11.564736692191602,0.609944031701695,5.967701217893455,11.204048684017405,20.436287700617417,12.18907123960554,13.220666701834286,13.726443530891263,7.944080093952564,10.230159413038292,3.8939737217083,15.429884777354356,11.726603181482568,0.609944031701695,10.975365866862306,9.292264338033549,9.836526807701699,8.593723137889809,6.124458418379081
TCGA.HT.A5R7,9.678864535609002,13.123922038742318,10.471684662997639,11.431726892018956,7.914767208865498,9.826897837764436,8.035508995373917,8.875534658738728,10.030146651510538,9.261590753915412,9.735867883101267,13.717286954211673,9.85103079398748,8.380395693179958,12.322419654554363,10.418677504741876,9.894494484598717,11.400895869253409,10.602715843258414,11.284163200321933,9.47559219393474,11.115727629858512,-0.030913993470059714,6.745000628962668,12.058900868697743,18.953595877933417,12.230838191566558,12.365464402760987,11.691212965164494,9.722848847998018,9.363671560962583,7.441362298202436,15.269607337881343,10.849143280823258,4.796442014312538,6.097678210707455,7.0565315071746015,10.900994849029031,7.795479299444197,5.596204667643999
TCGA.HT.A5R9,12.146604281295032,12.725482912925866,10.99668602873363,11.915835320705787,10.533443332766543,10.337290735371743,6.9594966106188165,6.318897056861018,10.963527371502106,9.834184852845215,11.71170280391753,11.576855129403649,6.1551784846944635,9.102012427042554,13.313421214322956,9.593644155847468,11.08674668633559,10.669425982076847,11.89890629360422,10.869334427822967,10.035343893057275,13.673574432391382,5.593338829984942,5.466718468260143,13.805419914476387,15.208143680186069,13.068291067866053,12.489527732884012,8.977246145720606,7.638659632035185,9.41560699780275,10.800632038397444,16.26094416442811,12.397670034283655,4.377387547972261,5.227336762734082,9.00662202158055,9.398364694263579,8.685044491566499,5.174298547953833
TCGA.HT.A5RA,14.601097518705952,10.490033552522513,10.349244068849906,11.284475845388,10.523833709900321,11.400151395892799,6.127482647237077,9.108491525319865,10.837943872439421,9.078273051274955,11.25528585897332,12.60300588053063,6.054852817226879,9.908718353846762,12.18797754881235,9.43850869069278,11.158469829632832,11.709224326272698,10.499334675971761,11.217890043449925,9.268713686583446,11.69053460306318,3.7099302210885448,5.700090099675698,10.539815049295461,17.899000723647802,13.33428900009303,14.877532734439056,13.466599515633197,16.110767656984688,13.522516775253573,10.582423717288778,16.423284508054195,8.42200882385193,4.345694422090166,11.14395399245845,12.42554710805992,12.734286464993971,12.843948523457517,8.164517798954138
TCGA.HT.A5RB,11.828000858136948,13.12913271764842,10.532205121193797,11.85999384443667,10.125401717055965,10.42812678900623,5.583738696635775,7.694291715020082,10.444597500975114,10.35924365001138,10.95886652184421,9.88838937997848,3.941200233347486,8.794196196057745,12.944889166424216,10.410449867467186,11.317296322882978,11.165685997812961,10.42360191038044,11.58154793579815,10.329990365974277,12.983744022833317,-1.0,6.168493619015617,13.581258531052287,16.399821069579723,13.827007091713856,12.050403540019648,9.88765945098077,7.749970630328525,10.311605173486566,7.660507254126877,16.68806981751334,13.414490339909456,3.5855995503594404,5.069431507049257,6.79750979174465,9.043915874129429,6.8937068242046955,5.332317673021201
TCGA.HT.A5RC,15.839617745560252,10.611888403165851,9.52329436619743,11.389657472076012,10.282085528353461,10.973097493695551,4.242526291816551,6.204897792110575,11.171131501571683,9.500198148608865,12.425921680665143,11.63632077981152,6.469231537016032,8.541780426271636,12.192054780980078,9.53557943824831,11.120476427270372,11.330452688002866,11.087181634173714,10.895222479482422,9.437048964242743,12.204611306852954,7.650850704736041,6.331078164196532,11.441174125260828,19.47616348286755,13.058481678802478,14.946959826390097,13.649989073098151,17.314384577698462,10.259515191586628,8.624618557263625,14.833112387794031,7.540235001394887,12.92318175991737,11.410294777205126,12.338223939877022,12.223718113331932,13.237406480204989,7.698456731084479
TCGA.HT.A614,8.894877167174851,12.848925217525816,10.152177460217258,11.420295486496297,10.273113479067245,10.149082259829028,8.622447590886459,9.024921341611842,10.494122153087822,10.36455054658615,11.628866439465932,9.046373733863188,5.651043078048496,7.611740432670629,11.918755776338166,9.495597237014294,10.740223390138874,11.244679457035062,9.406124203728655,11.395956653636155,9.225140422985879,12.279910579358706,-1.0,6.423828570453922,13.645431158519443,18.11977309830313,13.45692240937904,13.890859161544943,10.669402595603874,7.435968560679987,8.149128761701032,7.578993794017834,16.524024195866048,12.843011054078774,0.9732071541134557,7.103871063909208,7.4196214733289345,10.115223813179865,8.231036811228524,6.615423654329625
TCGA.HT.A615,10.886254204149209,12.411856155465104,10.212804832397268,11.470445860019089,10.47393147010876,10.671132525383541,7.414740194571469,9.125187684603862,10.528408299341837,9.76598866641193,11.083617141340037,10.341033284398286,6.003156947241265,8.641372617819703,12.367158789417875,9.847975146992995,10.861139028229507,11.000909005931621,11.461574600629575,10.505853822082203,8.222845607576835,12.486408257512974,2.3692989621641334,5.684038843236651,12.647331195649393,18.445813441013243,13.04846335678164,13.212853230251769,11.599133836864993,9.161982633168163,9.062460667419133,7.219108487607419,15.807913815346021,11.461791639315054,0.4313555215735165,3.7255230455290276,7.219108487607419,10.399300571598792,8.149295444620417,6.992725384891545
TCGA.HT.A616,9.491177676821554,12.540999883761348,10.846296793675334,11.306512318797498,7.078911858815721,10.093420733691664,6.5811930482497205,8.662027787083119,10.037066845106338,9.424103707675911,10.294692192689126,9.436176209213237,6.063632364883661,8.25725582534162,12.639516308775212,10.378932492413183,9.796843983200294,11.12886141789172,10.58499837980011,11.366884537118365,9.491216166191284,11.258311567152658,-1.0,6.345499279425346,11.717018793210507,16.856149892780934,12.702094508400625,12.857737850209842,9.56086872931752,8.031851149779682,8.471837762422286,6.211438629124756,16.042357358185658,12.503426507326441,2.408874868208958,7.886913457830759,7.510487270468726,9.84518030870664,8.353758186869081,4.617821529550702
TCGA.HT.A617,10.65803756323814,10.871788139035287,10.27029077058577,9.284389202348645,9.785889542628828,9.783512312817486,8.334004612818218,10.006467465529633,11.229235689316484,9.669688522369063,10.991428450515173,8.460432141305727,7.858534958276987,8.623498549028342,12.269711121142782,9.532016106722375,11.023346086292065,11.917097389256506,10.501949014307721,10.632731072558533,9.14565580441904,11.499046255047244,-0.022536888760533464,7.658571397408174,11.825890942012082,17.91592315501926,12.53163551818747,13.377740718296726,13.171381081568482,15.483744021676847,9.438405141853032,6.144696986065406,15.489954406061845,8.357637332228217,7.51309985745632,11.559349316706701,12.850892460231647,11.739198436590303,13.8519786111249,8.031458056954515
TCGA.HT.A618,10.086452601096397,12.717121169919094,10.56915069860272,11.389854582136762,10.435139334813005,11.408743487560285,8.487530162698784,9.822028224604564,9.930572216396635,10.224817844630914,10.279093996788564,9.894807761395889,6.327486177533501,8.847731073017728,11.845985735386055,9.62043777148436,10.793936838072257,11.090237756623695,10.582251614787424,10.961311785261916,10.123389824819137,11.629140336230872,-1.0,6.676550920088494,12.54925749229622,19.74078648247131,13.116471767309191,13.414555559175128,12.65769153676561,12.471146654322204,9.058953379326052,6.805422736019227,15.797349762650061,10.921697404087864,2.6403432820058663,8.043417784014201,8.365321598764002,9.479781476377363,8.980595168782802,8.499009917995089
TCGA.HT.A619,11.282529808465469,11.349923414178091,10.836946709934598,11.918496182678176,10.202787335441638,10.280990984663903,6.037716059207048,8.445679946747394,11.08501866587238,9.656135937795046,11.624355225092708,5.997389517528366,3.2562407742745227,9.538978269021047,12.453437686777843,9.709380766879862,11.292988006290921,9.564219050222889,11.61792719942446,10.20721423310072,9.578812698138245,12.086505644360932,4.146027897865386,3.6694917102094897,13.47372667463308,12.75924902093892,13.579743013458831,11.559181610749029,6.4574580396456955,2.86615627567379,10.317790988930911,7.837207834899603,17.704038617743006,13.782329139073108,2.329812480172813,7.407917786684418,8.628431687281903,7.423220982434455,7.999143145415587,5.5724501250394
TCGA.HT.A61A,8.987870527168301,11.909322304003327,10.849412138467379,11.362997236089154,8.400218974704,9.612200612600285,3.8126933096931173,6.072352375617214,10.073326471242611,9.26371755177619,9.662179502989204,8.686138757562087,6.429068573502884,8.066895367100004,12.245968728310732,10.652220177659657,9.635212952615651,11.01377432610241,11.034894474354179,10.946017288778322,9.291840424115891,10.814942413865428,0.5538519681811257,7.33258889743933,11.321036955532012,17.16057746598354,10.965354080999848,11.091989547181134,10.229210809804695,8.829634902406658,9.133017336152117,5.345953388866955,14.414931371348134,10.07850202985843,1.7672310370238755,7.936154996981834,8.677637551895447,10.043201490467965,8.167466820286787,5.884194945484354
TCGA.HT.A61B,8.023860230203043,13.604830622380769,10.160340514697003,11.406723729530022,11.373788046108439,10.968704515865774,7.843165440114286,7.887126159269115,10.314182723275124,10.432941456965722,12.299595146861293,9.813301335172397,6.133723798021595,8.031225348462701,11.458178501733892,9.34461726018794,11.06424682887091,11.246678911571577,10.220641447405491,10.964542888718531,9.783081067345806,12.674197565669767,4.897593794167275,6.649776388179661,13.279239326577642,19.238986860963305,13.68629438346283,14.627774355401526,12.360068120304156,8.791871361163114,9.356393424887283,10.170382032940646,15.82089202949839,11.029423896866804,-0.08314123530024586,7.309082486399728,9.73728030404933,10.437106199522406,10.920931231887275,7.859808080546345
TCGA.HT.A61C,5.719969204965023,12.99258312258249,9.439112161838903,10.339735451022372,10.887300593705172,10.429581444548367,4.635319079720757,9.399385815475798,10.972398499735853,9.935049364106835,12.166304143450189,13.045479881765456,15.854321665160994,7.7843619835504585,10.852478791813072,8.744920598368662,11.781451969283305,11.992525608305325,10.094369626985193,11.217446122722468,9.292294711447225,12.407553619012784,5.57391676830732,6.862586529168964,12.690145289958968,17.557199618374742,11.821770713983625,14.353766565924984,12.205824949248983,15.554499282979059,12.780302695729516,11.313864493245335,15.876268942854994,10.557292616733497,10.037812544633256,12.112549789890442,12.737298115364888,12.193537680645372,11.411955909257133,6.823094599064112
TCGA.HT.A74H,8.810055513871339,9.078010134773601,10.011585088882244,10.628013396003405,8.927798106348847,10.325633200870882,6.706374450125664,7.3278732572499665,10.481694807259752,9.340231999327786,10.851451884336244,8.915850405166168,6.882454753145383,6.590895390688528,10.417472280892895,9.277421549419175,9.741516030457342,11.297132938900008,10.411102696271772,10.79671746754123,8.96595941720972,11.063615378832276,1.326709908996672,8.430120902775315,10.810496124227301,20.298870841606885,12.688847854577544,13.827338615136709,13.325494142875971,10.770833339761342,8.562461483502831,4.432090857198628,14.48675349693624,6.77412023548228,3.9599648502732054,8.795490338926282,11.057510857063313,12.20333307425155,12.116282937845844,7.52950942192225
TCGA.HT.A74J,11.239845699371378,12.20567581950312,10.279903152687561,11.248646961227022,8.04687844217047,9.67805992956699,6.8367257696642545,9.481616409651162,10.015578130434898,10.026991723694389,10.757323082099779,9.419158364224781,5.480158467269124,8.344450378991738,12.681666785548574,9.363382681408469,10.386346344728663,11.35233033573116,9.301411597071947,11.477579537225404,9.771733419500194,12.770832493402338,3.261079432320324,7.303850141965815,12.692930005440672,18.69510558949158,13.395465747740213,13.029525821404288,11.661299301836971,8.669771951283904,9.34141696927167,7.99398734190663,16.83793084638666,13.000871799198393,-0.10051497748722915,8.478255536191588,7.668476576418305,9.885002920062286,8.490457415493147,5.66376301995814
TCGA.HT.A74K,8.136948573730765,11.015804597147556,9.95711147565394,10.148594408054167,10.237343347104416,8.700732389081368,7.538073278964395,8.661309234759052,9.877863549516915,9.086383864209052,11.94235501567717,6.903814377835215,5.522134236266949,6.980001300834541,11.310306602468485,8.590167091563817,9.985111868133089,11.620256350710546,9.799752727823451,10.179767425331233,8.345073865635207,11.410069267633833,3.931493962749175,8.236313705449371,13.239200390722903,18.76614245829267,12.754014775101204,14.539662920944512,11.96489978578915,10.025710712137846,12.040232895807064,8.835470635076963,17.307215003305686,14.464654803440812,4.990360420180438,9.345274389119378,11.579373549937499,12.897314082686512,9.424251755992662,5.0685805319291175
TCGA.HT.A74L,13.5245062471225,12.944924149438853,10.791967219173854,12.13573448495771,10.058444625424176,10.425826112927258,4.809918579089101,8.50842072909709,10.4193102921946,9.953121596857208,10.80618805712114,10.523905437320009,3.869802328838049,9.99071907050729,13.625121978274365,9.729095398165294,10.540012153251727,11.436360558152682,11.709890470644968,10.559237594580456,10.034484808692602,11.572438139923088,3.2925020159285694,3.013676638187395,12.982076737274122,17.87530534869889,13.283591645377301,13.990420573722266,10.88632912931688,6.13766130989126,9.700718866495498,9.551793994181656,15.933588107756407,10.733347306780399,1.5413165853665247,8.08675192665229,5.883703895924984,8.811272248087954,7.4939570946309955,5.554294143442739
TCGA.HT.A74O,8.346187926531687,11.277759715337817,9.74761666306056,10.70817050612515,10.74559189393414,9.66680682264132,8.122066982752727,8.210832527037335,9.772264586023356,9.342978903229797,11.931081710336139,9.868324854871886,1.5306700754917062,7.900517862967021,11.517693695273865,9.124481940512702,10.306946180033064,11.576662192639715,8.092064163820417,11.623297574068783,8.904772487658326,12.208548046380876,-1.0,6.621424806595491,12.741758319022615,19.273343222589638,13.695426322168808,14.70376755215732,13.249469740758052,7.6177576281132495,8.560393598101397,8.775450941806765,16.819432616826937,13.054598603466177,1.269870983230452,8.969462791482957,8.91765969465647,11.202278127611605,11.012432632298852,6.77409650878823
TCGA.HW.7486,12.126603461297831,12.414118642162897,10.076951845148633,11.923833082970303,10.169337033510333,10.264937254252354,6.041928502567708,8.217162845905923,10.453336078606542,8.99361634259836,11.142961377686765,10.179540907061918,7.619574409680233,8.706322297104332,12.535059709674576,9.844668892452495,10.66832277309838,11.548250736647114,11.157623257007746,10.603897520205553,9.789543425920533,12.244351049431794,1.3962691121909374,7.086343257481985,12.951771870170338,18.49338492321704,12.642478254104946,13.180267433964257,11.945182671769592,7.690782332752103,7.753897313337334,8.027813683244187,15.72853434124022,10.91156313855128,-1.0,6.217542878550537,7.3288553090232735,10.783620431418663,6.733342137314689,5.877253453876608
TCGA.HW.7487,11.260833051673773,12.289187502179635,10.497824898410471,11.874191105928833,9.230345936332116,9.98301495835561,4.583856010314267,7.228524350683858,10.328806738310472,9.015545237543463,10.544373134989604,8.103571597959137,8.475267316548633,9.28775900669968,13.494794596093657,10.34342225805959,10.329313229141619,10.922504795860565,11.401144261759486,10.67004549696965,9.09988691200558,11.76461830919368,2.56530470802725,6.1486250386637975,12.26056657694843,16.466514306312437,12.486821097226644,11.776366407019042,8.239112537210923,9.3648777033309,9.836089026343387,4.832753331317894,15.672413606766495,11.065548011037452,1.8722377736424585,5.941618113901656,7.038426304358901,9.900216090297832,7.038426304358901,5.14040239372903
TCGA.HW.7489,10.422811262330196,11.838297448452607,10.438838105388204,11.4122783675607,9.597826677445516,9.773973420300024,7.237629679727086,9.026232937761751,9.85431628319139,8.94702203622249,10.657065978191936,8.451559789695128,8.575243870641799,8.48559266316223,12.950863156911359,10.097915583264998,9.911245463710385,11.423112074863853,10.341922165517271,11.238972748380428,9.61650510280766,11.798393264834749,-0.23752361195301466,6.70886868499312,12.797586633448233,17.977898405782614,12.6508064884475,12.174860535111844,11.19057498506077,8.65467111100811,8.042934291722947,6.9835112553599865,15.903198366151642,11.824805396324264,2.2259843787136115,8.358205028185859,7.5745004350279626,10.479867651523193,8.356673364554727,5.341348914356193
TCGA.HW.7490,10.520015254471282,11.656395544270238,10.556439761982304,11.592320937239359,10.105145589888199,10.755073921717482,6.869364350887211,7.897236794626335,9.994962069189377,9.03680139178828,11.185418792008681,9.124455833505845,5.551479103849817,8.978881742165076,12.309866931396545,10.166795143432365,10.502927052600558,11.004417401118504,9.37687791287595,11.04155648941905,10.039009497739023,11.90728758268166,-1.0,6.4563807016966015,11.525977818510288,19.20457313387559,13.434751409145449,13.392876573423827,13.239616861144702,9.013440764383628,9.449175682754465,5.1154661197230915,15.854550621366116,10.872359761261427,2.103094736666189,9.554897501680392,8.833054522640591,9.514698867794971,9.80870810197108,6.27967186237215
TCGA.HW.7491,12.991984111128083,13.642944490443902,11.088190966532162,12.776614776718741,9.946505567637635,9.792745402528078,6.997763216711099,8.412137502752557,10.85081973400484,8.87020934405863,10.970112794819187,10.196926281567091,1.636821799556406,10.053913531031512,14.03567359773341,9.825389893985683,11.456866352653384,11.491423680373117,12.478453420281534,10.576721280788695,9.983754922868847,13.347282605482594,2.094168494724983,4.618732001133333,13.058330973343939,13.537146482437088,12.963100360614197,14.0855687241614,9.390032205450044,5.671199945327113,10.158276176326096,8.437700063634152,16.17010495726699,12.46371667722038,-1.0,7.740968698661364,7.388267904922929,8.77123061952708,6.954568570752994,4.53097588923267
TCGA.HW.7493,11.493152339283597,12.767214564104137,11.206103010773983,12.384937102475758,9.325707509542235,11.211685682630353,6.258618794343814,8.764832786692452,10.098136727208876,8.517628448866935,10.547201482096739,8.605805430318405,7.234955348565284,9.66980330230411,12.78330204763662,10.643014041302886,10.038199793890518,10.673587869537586,10.693153687817308,11.079073583812368,10.055580164017648,11.492964945583944,-1.0,6.288327182866102,11.666843607130177,19.10660973526618,13.19635653396785,13.668796374990844,13.199902409361187,7.960040171670811,8.394981799928324,7.2273069160855945,15.061171947577552,11.122241869856097,-0.1548913727698765,7.889102964711576,8.288756282164174,10.130275558780463,8.461688162534312,6.684393775478665
TCGA.HW.7495,11.023105687663202,12.330962129640685,10.418781003706304,12.074684579355935,9.25052463559893,10.026653459032861,6.556584222484756,9.18260118280671,10.573559619684048,9.154704460703377,10.557853377666936,9.054148715239043,6.764364734349095,9.165349469589955,12.895544989253388,10.083373747444451,9.941388353267675,11.513416869925472,11.399584698270235,10.681660088039836,9.594943915330663,12.337691108442804,1.8358432487387433,6.354922849793391,12.40231749284155,17.824689177448278,12.30939424066958,13.103508163250345,11.184526897416893,6.341332900968347,8.75682248771391,7.0031749413983615,15.46983026523745,11.429999756640873,2.812169602561518,6.941456140861498,6.658742753786313,10.31134621130759,7.5556927048918565,4.270738230107079
TCGA.HW.8319,12.537860067796192,13.399164777207632,10.63071788542346,12.171995635633946,9.623376915651138,10.702360587188457,6.409737141404545,7.573143481617133,10.031219557843878,9.829165366656738,10.97909910511481,9.862416829959162,6.678508592397365,9.143516379693734,13.221912748149439,9.947667909907842,10.567118727196862,11.12528540462632,10.534851741497661,11.48145440469892,10.741032511351413,13.617804188761562,-1.0,6.151615317043023,12.87103470046183,17.845255207363532,13.39774452015166,13.06465042123003,10.269634923329306,8.34696973887823,9.290781476093207,9.18726001493665,16.101320800191317,11.590768217459448,2.556159612994672,5.358227450008701,6.552807405189301,9.63146065475953,8.003341938961732,6.660563585545185
TCGA.HW.8320,12.078901087620482,13.092378862799858,9.990152194743901,11.99507202409761,7.7316917073931535,10.476085348895854,7.134121319707534,9.431609171146372,10.132771534758717,9.571541057993265,11.193218863051692,9.508478767248722,3.504328010478917,9.259437040941492,13.223710225791313,9.912657798021678,10.68523078213256,11.286511153373189,9.696052602291578,11.592243981077454,10.322917241637398,13.165063738978375,-1.0,4.759917469467512,13.454750939166463,18.44032386458226,13.595335594229857,13.295512623823406,11.934195251811431,4.052815814438863,9.21255474841456,7.895420780780797,16.9575946873703,12.929774727075001,2.7652589106494356,7.244771966123029,6.716000415865787,9.55552898293814,7.396299085812037,6.117599469268122
TCGA.HW.8321,12.052258795948214,14.147805986261162,10.114206409985403,12.009649248859493,9.176273647958173,10.449173515654978,8.31582296473354,10.289339168270796,10.297895485020426,9.369368110760245,11.244904833515344,10.414355439248254,6.062821125068524,9.674888902207245,13.486681054663338,9.867637824137043,10.73295785008075,11.497365419069693,8.791990816518734,11.607857725828177,10.561576073481325,12.684438727624714,-0.2798091061674033,5.769499357252883,13.431961874161336,17.534314790354905,13.127947519654292,13.349993069349411,12.112137023897905,7.210279754169074,10.110832228862211,5.606560671138192,16.92233420076161,12.987596042461815,2.801779481624711,9.345880670014012,7.125876298565944,9.043648260915626,9.857103607112144,6.189781079744164
TCGA.HW.8322,11.895478190660006,13.365853385145614,10.4989027457758,12.07672118426531,10.948556536382892,10.429717112490593,5.360919052570645,7.476301481604027,10.623785398569568,9.73740926737324,11.451288139386206,10.230892996277998,4.576794204791953,9.102913970811283,13.692232036005711,9.594847835925847,11.355484897431822,10.783147383407865,12.043070427052324,10.851785498671001,10.317969911014266,12.242405472289837,4.0751132816325715,5.329826828423069,13.507576138586796,17.213603774168643,13.299993314857229,13.217817948940791,11.112054280540653,6.508387450195856,7.2206830391436885,10.528301237551222,16.101443964800335,13.586559499870972,2.1032290501810897,6.544945892010939,7.021044365810087,9.117400251092254,7.8531492123853095,5.656542133349993
TCGA.HW.A5KJ,9.82733635223316,8.865185777864768,10.543797831035256,11.206711285778749,10.63233429509093,9.916903537793424,7.82182690638694,7.401500771098828,10.663630415047985,10.280379426618198,11.38171976241784,10.186847165324084,6.0474293275051805,7.443320702993969,13.21291908519552,9.194217589461246,10.698585305293607,10.269958619401464,10.404659633190262,10.448957511741003,9.104533496672502,11.649406592642663,3.4518836631316177,8.395110797128298,13.314438004529974,15.787632056763618,13.551105767400646,12.90759340009697,7.83759450640726,8.7978395012974,9.203981964237487,8.689063934538261,17.080357597340544,11.722133575433977,2.799999066493295,8.329721006722716,9.357321726834329,10.928726881068911,8.886913153078408,5.592080242834434
TCGA.HW.A5KK,12.802502915521895,11.546048026631373,9.821941834954565,10.975308253274644,9.404546388312433,10.640521426275733,4.151347419913733,6.384726774923336,10.721450589154943,10.03990659557772,10.454772744838822,10.078273718514765,5.164375997647499,8.127706011016366,11.770970814901458,9.185682480957498,10.269668815491736,11.231390945442598,10.52851515784153,11.377454954289137,9.790134072385055,11.452612112638175,2.7372108314785764,7.080747189514976,11.486085781789587,20.076027303429523,12.32856052246007,13.12427544638187,13.292522189711768,16.673490879406227,9.587617207973038,7.2145746057842475,14.331796298368724,8.809577792932178,4.2481780650349945,11.867955635817966,11.495567408352272,11.861274444160992,13.253509782751022,7.973395452034748
TCGA.HW.A5KL,11.480408225037085,13.132766699902044,10.283189546542838,11.735938139411708,10.291825002532017,10.648515415898524,7.755198048920174,9.211650096393182,10.204767973111254,10.507354134805166,10.974717796377101,10.386075123172855,2.816783999310897,8.676485689094,13.43309392313357,9.721869730757772,10.899377014766497,11.043125397195872,10.05619467875778,11.40757183489044,10.268498958573753,12.88427039747438,-1.0,6.022893745959878,13.765388526021026,19.365082320018146,13.373768338489787,13.27929439830177,11.443861367263018,4.519982143701547,9.31799070658262,8.078331233426606,16.69868887228731,12.752350767820113,0.5211512696379043,5.533600723249576,6.363232414890171,9.62865750868751,7.017335137232505,6.207646916752953
TCGA.HW.A5KM,11.03643629653443,13.223003233513118,10.554921573221089,11.837715044094459,10.573667351003579,11.750947024680935,7.971558498124792,8.259383133360647,9.980524197429016,9.34252363418562,11.01940773910195,9.578853069397011,6.747688153567359,9.3796066674109,12.3657641549487,9.723949625166153,11.358383239081785,11.21959715022467,9.775035227915918,11.213044237771367,10.28990891214759,12.423667349266536,-1.0,5.847586080728522,13.31865493336658,19.382970328909945,13.707126918874765,13.926369489918104,12.550169279211454,8.23967967110519,8.06259557977975,5.441324115658751,16.801847754610826,12.927545190233191,-1.0,6.755109232694602,8.511328083225056,9.623630413630686,11.127714392933008,8.070052767137478
TCGA.IK.7675,11.40402682736357,13.847263680978472,10.001891170065035,12.214604686649565,10.512361125349592,11.139295276883631,9.46602097598131,8.60987941111459,9.496143936603843,9.989328643890214,14.056633278649798,8.67744234979363,3.756692413117067,8.756882518187977,11.91599089963114,9.755518710119253,10.501343499746868,11.751974000150375,9.621221481655393,11.27523664204455,9.925763003638151,13.028446784925864,-1.0,3.7901881702920255,12.944534622796978,18.107121313407273,13.617231171341999,11.662397833707205,10.149528920779535,6.878384487807525,9.086713983676013,9.3709920404531,17.17222501686695,11.934481080994752,1.0617070847915968,8.12706471449594,6.870576792497259,9.36266713242716,7.36038622585071,5.689724077888763
TCGA.IK.8125,11.898390786924226,11.455673209835444,10.621139960456288,12.277332331069152,10.01605109188728,10.443547290745965,7.495472921869623,7.746273124018199,10.6749737958312,9.101470967597677,11.038534950909025,8.653531210016501,6.029448468465325,9.415005235523124,13.034089749745384,9.764890660716915,10.631001938648033,11.482878829522067,11.833135583620125,10.232125042416957,9.938756114494504,12.44171868039706,3.2405127816683237,5.800930953111645,12.555571808375829,18.119767577444197,12.948403061230408,13.21680198885159,10.326006616630982,8.164614839333181,9.476307355424368,9.348251897757434,16.043994479495566,12.131819446192516,1.2338880601742774,6.694802207175729,7.4830805408544405,10.436173710110687,8.026276102168692,6.378899988871712
TCGA.KT.A74X,10.731324462337348,13.680681060975981,10.328248338095323,11.736114082406518,10.524000186518233,9.228157544248827,7.75506048161495,7.895568012088144,10.72352690661001,9.34226716269206,11.425120629819256,7.046864258186256,2.993058390581153,8.556316748401047,13.156501504640866,9.159587814300975,11.326195086316854,11.710151434047383,11.183776914946833,10.377321711248511,9.691273127399473,13.147814442961065,2.0809304876729837,5.897700271841065,13.496170332195325,17.585325016246404,12.978703184845184,13.63464510801497,10.141101799840866,7.378316534111769,9.628843388405386,8.937767509656389,17.043710416989818,12.912957952406945,1.1517938874963232,6.94972984709215,8.130882490970976,10.604121282496678,8.064382786963181,5.720587659221916
TCGA.KT.A7W1,14.879037512479535,9.268138901663544,9.659390511172546,11.152859460543704,11.052944297902428,11.0460006818772,3.178778370084407,4.654160540995619,11.251762282878904,10.185741071957144,11.224047632229512,13.188101405657278,3.2800060783013048,8.528927963631023,12.608407147190487,9.78846288210168,12.006680712077078,11.049812617730392,11.013071523517905,11.60258126434306,10.31992372398633,12.92836464121158,6.148077911095169,4.6728891928596745,11.975073153089696,17.68119245850165,13.161146372861733,15.616002196001823,12.347006569783144,13.808427939962897,10.775922323428304,11.342490744376299,14.670572506206687,11.506971395399903,9.825558757787087,9.440469101592853,12.2744082066532,12.067006396357673,12.191988429197488,8.157155910904041
TCGA.P5.A5ET,10.861214105756941,11.971321312941509,10.184064280692597,11.265708859630836,10.568603907200414,10.10859933384396,5.264712816331884,7.61291935001309,10.276154305982567,10.027329632573768,11.22602780425471,9.217622604838532,4.095991912924603,7.853808563594352,12.472464594535086,9.459549037759215,10.935900209377564,11.929443357684196,10.724009930311249,10.881321094170255,9.41011613242088,12.863924942125163,4.095991912924603,7.092423115710372,13.124212317678207,17.27649320431586,13.109963852619854,13.709616182113367,9.904194295428768,5.719016376144176,9.211864208879682,8.250073823266039,16.421395879398155,12.469652372885703,0.7534333879268804,2.5930190555922144,6.404114613883917,9.956209733104755,6.910046643136036,5.458719932164106
TCGA.P5.A5EU,12.117330959835499,9.39470683883251,10.552856289939013,11.554965927099813,10.926211550909436,10.898582191648137,3.5138444278105005,5.47792984185036,10.005617953199527,9.429962161102285,10.594569729274744,10.856999146534601,7.0964147264343715,9.191505406028252,12.025959048874865,9.264002921770299,11.191974091631627,10.656141212633962,9.382717609599965,10.743359787049314,10.065667086582831,12.00733715366732,-1.0,7.580902971835576,12.281212701751313,19.145199863450717,13.458099905403621,12.363017721281642,14.3369448039113,12.394746007380316,13.27117105979994,10.357952648733114,15.250089941998267,12.648799963129006,5.754459973625479,7.929640117439317,9.9429602937369,12.035310072932317,12.755906588202485,7.188698619868205
TCGA.P5.A5EV,11.187721608209944,10.827948000995494,10.274757036632812,10.417483146112103,10.013338447363367,10.533703596926351,8.112009370973578,8.943829045958898,10.071169771496507,9.399209981106363,11.46011166650359,9.150084640179964,1.7303138862937761,8.733424846543326,12.7604924659999,9.674770819401022,11.067320137275226,11.581440555980652,9.206225870878992,10.508806648851923,9.592903792420223,12.397521559054812,-1.0,6.8484263950492235,13.032895454136716,17.89718853003771,13.534599805815963,12.332344948822223,10.748450163175399,5.334679104939616,9.272524582197557,7.310272856296485,16.66350310570166,12.385740203078212,3.652750343441226,3.507109593781773,6.67170805939117,8.872510211279316,7.456319913234261,6.577551187557027
TCGA.P5.A5EW,11.951711084922687,13.776527824429417,10.533916133871712,12.017158126665587,10.428215372459546,10.710753235490902,3.823932742090299,8.076873303698342,10.031584872794623,9.71153981809388,10.787438260021634,9.81793545593387,2.9141626559121865,8.98413929237744,12.855132515606938,10.029300480373772,11.238006629552585,11.401923731640263,9.486081808539742,11.469196374887357,10.088097991117163,13.25590818915502,-1.0,5.948864787952292,12.766193786778363,19.131065114211506,13.887998567887902,13.795674811594422,12.562868338876777,3.595969047928518,9.309081804088,7.691182381369633,16.67818004375058,12.462523054004434,-0.12973392960401747,4.819550678761104,4.960493175891018,9.398525668214251,6.883554837869649,6.060462487986107
TCGA.P5.A5EX,9.988330217360945,11.053769388812212,10.167118034050524,11.422285517376215,10.408443856722684,10.848690301136044,8.470926037663464,10.828780633056002,11.179911639603056,9.28156078883322,10.894948009149891,7.471019960143927,6.575879554148955,9.027134141750043,11.521335626903063,9.460174702081495,10.718779269053094,10.568319744590022,10.845702597583285,10.530213477143548,9.502523545455812,11.13564766568026,1.9403923008049537,7.116788918543077,11.124289164027635,20.803280288140424,12.363568767864441,14.076731529229011,14.364836313622197,15.14004179972751,12.493324871120455,6.726404828927485,11.600125698368139,3.023237606864711,7.593624176253172,11.21968801499089,11.332298705544815,12.217515797266381,12.318889263455649,7.635744235504599
TCGA.P5.A5EY,9.339725097490426,11.854739220438672,10.70067855803561,11.594243648358045,9.574091476720923,10.261555261120145,5.874386324518279,7.610271890423661,10.160990504543216,8.79398461804678,10.23125790775472,8.651161504084737,5.836244805879882,8.996343831017974,12.126352208363171,9.57698556554149,10.661678174321766,11.967619595432636,11.13439358966856,11.602078651188135,9.895637078388074,10.946510977409126,-1.0,7.855630971626147,11.63554690915168,19.15382047455409,12.35149422513997,11.677499433285107,11.410413508088515,13.300972622894385,9.395446735698915,5.78376569535889,14.888559319237302,8.10857777278363,2.611691751208645,5.729308040776574,10.652561513826843,11.51245327767277,11.313386336266854,6.86822375065532
TCGA.P5.A5EZ,9.654621529906937,10.885476444711326,9.753952954312352,11.313550727689359,8.521270250504884,10.755121086304037,9.462251133870991,8.635879156370978,10.357550685079334,10.31087210266522,14.13245486561355,10.103056434036587,7.149240055176961,8.65469223168169,12.189431315308644,9.56798325637033,10.863477393706187,10.873367592278978,9.11980331830022,11.114204197174608,9.842392774996902,12.720924460748964,-1.0,6.3004843532525285,13.460016429422655,18.508981884645976,13.458618028958638,12.8744477283691,10.714128637458462,8.009931043680654,9.932045517015428,8.398794986849966,16.20283174792607,12.841051903439446,0.5353562586037837,5.44937978829521,8.253775643838775,10.46513475608199,9.845373532933245,7.168409375806599
TCGA.P5.A5F0,12.023740702373976,13.189138915117185,10.555889568398976,11.802787269089611,10.111121321478498,9.966831157075879,7.554480645491788,7.831255932989136,10.184647269995239,9.504817994724695,10.88264954453146,8.805110881829675,5.2648704190238576,8.66922488145787,12.438293397455785,9.867067880754036,10.7485288242059,11.201598332406611,11.438892983203283,11.264680156180027,10.094525603960173,12.783308780690092,2.6719952981848945,6.289188943399586,12.863158710049648,15.099522378928057,12.702304002740075,13.749913463692293,7.802349629699125,7.446526709853027,9.598594293288501,7.369791001186531,16.224231242422196,13.022742743635398,3.1096781513945393,4.41153471496007,6.93105658720545,9.360579804280306,7.276183973388076,5.29838338558924
TCGA.P5.A5F1,8.887337306039603,9.669152053086453,10.589278113409213,11.307642204016357,7.550241946159912,10.426763949852505,8.700509076812335,9.612770840298568,9.970967223001125,9.425728467361196,11.145633134434153,6.965295994036816,2.1592416597301063,8.05138515378841,11.703502624958112,9.989381868224394,9.808153335843235,11.502190701367336,9.087326521344865,11.069786804454392,9.02415287567106,11.882029162067633,-0.00607207948340012,8.395253494878917,11.364909320904099,20.21671892900202,13.596454086222497,14.838765223263833,12.670634121724197,7.182765780937282,9.475816099886677,5.07560964130274,15.408553180630175,11.379750582028592,3.076148597180083,5.137884639993337,7.956658424467053,11.704145948338775,8.8598860220071,6.1579774397428615
TCGA.P5.A5F2,11.270483273445379,8.499765380859596,10.189659775909394,11.541783765153209,8.927964582019046,10.358724048011203,7.5472639585151455,9.64396366655181,10.212639370890862,9.89553150860723,10.48702381626775,8.520993398687306,4.988757387682566,9.150552314831481,12.658168406591559,9.832262969973392,9.779571138926944,11.834331158669288,9.769274867899854,11.000817694601668,9.744421483908654,11.888940426572907,-1.0,6.838549702093132,11.9810431216572,18.44813188229452,13.577905591590465,12.612821719495205,12.25183401729009,6.943713906654738,9.54436849791722,4.032647482212225,15.07023490449626,10.020331621894,2.533239390678513,10.267692273492843,8.217378080768183,10.821172228747189,8.610671644329162,5.284051372047016
TCGA.P5.A5F4,10.60427040718661,12.271184149944574,10.519592617537679,11.255197976188368,9.950002915934402,9.78191061946715,6.122782448917935,7.61633858092548,9.944015651727499,9.533437395003437,10.324971448831704,9.52097808192949,8.642704098568732,7.996575172905873,12.131705161045778,10.128965460277222,11.077599248483681,11.405343490132102,9.806318578954034,11.741768134411858,9.667061144467633,12.304438628027397,-1.0,6.807557142814265,12.68235799886602,15.568734877723745,13.172811165752117,12.937527057019118,9.812904247058663,8.126791186790586,10.289207967368025,7.978463935938913,15.580897432268342,12.819579057989198,2.3367689658548034,4.797531839571962,7.741284278404167,10.05125938676797,7.299503855036308,4.932675395772017
TCGA.P5.A5F6,8.953215759035265,9.550546910185236,10.982168636238438,10.40597130604211,8.72315373643639,11.000569921021594,4.513680228990211,8.075873262934149,10.890603931668592,10.03287417746219,10.225641144465188,8.607303679133766,5.942286940369878,7.254309640521555,10.447739627119065,9.442006891100108,10.846809513344756,11.999330273462633,10.771559209079822,11.200381863433067,11.431799117950378,9.175920250059084,-1.0,8.890367040679058,-1.0,8.478891742940926,3.652750343441226,7.650930384854332,7.533583593145362,11.365658093806877,10.898384173276538,7.485781016846275,2.0437644423101706,1.2088917750261534,7.806904009398553,8.06615432559184,12.226462379157798,11.73883980934492,8.196599175972135,5.075215990748764
TCGA.P5.A72U,10.166995687966937,9.31637499272699,10.263065635710692,10.797854331593365,10.546373317557645,10.161330066690105,8.915457859146473,8.464842222799295,10.940843442474742,9.062786054551708,13.504567238717843,9.135699026903186,5.437717122690921,8.13050827204055,11.43575218493896,8.414582922377187,10.27309062735515,12.307642659345003,10.348090085266799,11.190561466764844,9.135699026903186,11.632951225163042,-1.0,6.42937326306803,11.382273198296257,18.698644068318373,13.016246662256133,14.22617241362708,11.909431932538679,15.187312784435708,10.633636091053676,7.872650258065131,15.852218297189596,8.106963829648643,9.930445221372176,9.960679231361834,12.70387567934103,12.312654255249724,12.67736711593977,7.965761201356766
TCGA.P5.A72W,9.783837544453515,11.413828083787575,9.805223440909327,10.502460493484438,10.230636182509963,8.663783296495788,8.941456140861499,8.828698851056107,9.587991045639402,9.226366430450687,11.65861767456114,9.583237562069012,3.1045547251419756,7.7763290625335895,10.732816789119997,9.146125425994892,10.37679165413046,11.740311820268792,9.677240072821641,11.208894152009536,9.336675924274829,12.110902420029968,-1.0,8.202991629200234,13.510187493795685,19.076979392447193,13.934679384567433,14.598729430684307,12.283027882456137,4.375261902102914,8.20794115535414,6.7391608771298985,17.369088545211007,12.649550368375019,0.5971258993676619,7.983895404845044,6.603016501291062,9.968694149428636,9.823881168320076,4.7991805807553
TCGA.P5.A72X,10.71806822776356,11.931688928927759,10.315048660668104,11.432642582791544,10.034833207267614,10.004032636830717,8.2191234960553,9.608744016899157,9.696613761851374,9.815362159615937,10.699863999174585,9.039403828885096,6.915545997117389,8.522646652117317,11.709023138794901,9.813095587891388,10.199485125832659,11.635033924802487,9.65840662619687,11.990359320976557,10.028985955266993,12.755398136682652,-1.0,6.8284564127668625,12.53611838747004,19.180642232789808,13.628594130985416,14.28002505694783,12.041111877694245,10.3879259835461,10.060538280273322,7.760884247354706,16.422387796888515,13.138079289310193,-1.0,6.609113713801548,8.834157826327385,10.605665352623035,9.366477842043787,6.105627797219071
TCGA.P5.A72Z,9.972034906229172,11.427922429478059,9.75186553338248,11.722278033226514,11.539979062211856,9.51038104641497,5.466676057306508,6.508450837917704,10.139064488579681,9.253117090846452,11.598969809058044,4.699079614587699,2.66732447027863,8.984610995182539,12.403408710169334,8.670371930523226,10.902053524986531,11.069020923183572,11.438231088202897,10.899455717713813,7.462860499091696,12.237551380092425,3.967869491111196,4.8270771667432495,14.04914005137428,17.4745336088257,14.13747282420743,14.294536629909691,10.035920500421255,5.814312005328277,10.28791699690293,10.370523623292708,17.055926795719245,12.498313605045103,3.1313096099020212,5.300189632989229,8.113449430715473,10.3731473698672,6.212810546011867,5.823112436965232
TCGA.P5.A730,11.166768661438402,10.893540898254766,10.132690319866914,11.765882449656829,10.316524562957172,10.233526329932806,5.370669972320714,8.221605487114923,10.570744964454567,9.258960041927596,11.567799774986277,8.691823065822081,5.527552071166538,8.99839749340248,12.310981502157365,9.909182959099923,10.746665972494986,11.144535888947612,10.893028970768475,10.788360101863605,9.664156582878416,12.011017930630663,2.739567311370968,6.165767260312483,12.381171279562398,18.242883926915486,13.647807005660605,13.278636331461971,12.424474167405908,7.184498507363673,10.412217650744827,9.149722989720342,16.41028001301252,9.758213718896705,6.046346993038693,9.370898783193113,8.196113728166436,10.283345838373581,10.285545094084613,5.556978062520373
TCGA.P5.A731,10.169608375288366,10.97546976614838,10.237793255788905,11.36755202462998,9.103960996448443,10.454730186850444,8.761340131435915,10.132589565925715,10.87395234996709,9.084111846995457,10.995194763602926,10.341756306326737,5.767082691188013,8.520233255670115,12.235890702207465,9.647306053982287,10.572544107638203,10.91484806580593,10.667011277496531,11.063272986368997,9.507025328050814,11.757491102825457,1.4390379628427101,5.8905318120947,11.601758997994654,19.488745429558247,12.875533238097775,13.524785706239465,12.550760659233843,12.651981763635954,12.196193786658567,8.147513277593818,15.06868697745206,11.433171193638993,10.176257812995965,10.948171695190515,11.808014651207923,11.544379752452507,9.796830034582065,5.767082691188013
TCGA.P5.A733,10.350260977585327,11.437003434557836,10.462096809117028,11.533024417164183,9.033237696934616,10.38486942442769,7.392304541515532,9.07029888825821,10.10768865384235,9.408850460754243,10.97262653375241,8.728312719009411,5.89279414698966,8.688003368558299,12.59575937647308,10.073544722055011,9.908665370940616,12.071737668467879,9.74803095670234,10.982381511236099,9.592031080350985,11.127282983364607,-1.0,5.562053105783962,12.85067544244285,18.420124062430933,13.455909164603577,13.910290398183847,12.735396557104208,8.499009917995089,9.63595549713176,3.355904280422983,16.31472447292934,12.628299303781326,3.770480220448582,5.091577136379248,8.354114474283298,10.502364816302551,8.272413306165275,5.730278557659869
TCGA.P5.A735,10.841860875603153,12.764897024230512,9.703031119239041,11.209061628056514,10.734081606419068,9.69904819908974,7.276451068907817,9.300820187730945,9.956776455029516,9.721801391475486,11.616299842533293,9.756710090609852,3.276749747833952,7.875827971934613,13.056838459273072,9.029845421240907,11.064464234410663,11.366450630248071,9.021895530548855,11.666371682825933,10.013203735172596,12.948192944080683,-1.0,5.28503964993756,13.737842173621132,18.373157977079128,13.869759828440698,13.322498677821752,10.672445585528266,4.688018060256609,8.329277457613792,8.18580114693849,17.244582939684722,13.635729647790152,-1.0,4.78139119016399,5.501738481285875,9.542258823744737,6.176123271147939,5.2636241371636485
TCGA.P5.A736,9.600342054474293,9.729083328779799,10.195622950003509,10.953712664709776,9.400934923485933,10.268672755060148,8.080606503039508,9.120042653106673,9.872485740170939,9.172207462118807,10.849765690543618,7.884966606021615,3.387748531446826,8.14410756861734,11.48563291174182,9.335671049934662,10.036632316646402,11.002032710967361,10.006661569561013,11.567136747468625,9.454292506870315,11.765565368499937,-1.0,8.682288859510685,10.83759434873201,21.152389135288878,13.501444805556188,13.587935240957833,13.173371311874119,11.352354780314224,8.344180487695676,5.485323773843944,14.708606503396929,10.472453044010434,0.07546417426251252,6.254713078602618,9.159691240877207,12.723202532236652,11.315530455936251,7.432156016595482
TCGA.P5.A737,12.37525155601808,12.709623946424589,10.244162224323855,11.792076902869958,10.567613228290185,9.221105901012242,7.175122354854498,8.180004105766281,10.282373659888764,9.951851480767148,11.203097130886025,8.997125555320647,2.7890614722492515,8.540657349509862,13.052096754582687,9.03559916817831,10.762892497985712,11.335377624975639,11.552764713714057,11.2082189312985,9.955439372014684,13.425055060067429,3.5047220765761975,7.414983678987305,13.286930428941577,18.946694362488582,13.883333236361551,13.532067247810723,10.504356714996065,5.406795145783559,8.147750857536412,9.884943108214095,16.380143697139076,12.018876535704386,2.5669125478569397,8.817947763448025,9.005456692807792,10.298848673873529,6.92289357161226,5.488309335703363
TCGA.P5.A77W,9.36819497163184,11.815799031506382,10.210708841194737,12.057973858132115,10.845426461190897,10.08336364115583,7.534679509971769,4.923101628764435,11.011300087317029,10.196297573236524,11.75780871354886,6.928597725004055,3.3107618145831292,8.746958649806862,12.508819917030873,9.141323448355578,11.212554262064144,10.117926807845006,11.799562199231591,9.905210079741565,10.819958870798107,12.78989470146488,4.701560146024518,5.115108173222006,13.045816030485025,16.638727502210596,13.031274688417854,12.980736280020807,9.51405024200422,4.302925835077661,10.808318516912856,7.890258804194978,17.244330510323692,13.388779733885963,0.7466567361572877,4.701560146024518,6.56572663486663,9.277159516578223,7.791452049912345,5.209979658353061
TCGA.P5.A77X,11.026823500181793,12.850736379459505,10.444890648697086,11.834311523021846,10.150894976880094,10.29181890290484,7.230727555340156,7.332814431390808,10.78550747752126,9.923769586616793,10.808658715841638,9.555862541991262,5.338923530872567,8.805925688628019,12.630835921697773,9.667893898801923,10.611752694976863,11.402645442963031,11.487276911192035,10.343007783193672,8.569268160001903,12.074408764828988,0.39594021784530015,5.1856683593036195,12.702244515242212,17.94644143756882,13.270801028021562,12.412693259165392,10.837888856055065,6.2471907915855995,9.818867492936532,8.267045078457329,15.412429079924522,12.45763925328811,3.044411606465088,4.385078949032283,6.707552398853469,10.981889034084528,6.945763359406617,5.817162749434672
TCGA.P5.A780,10.427041671609615,13.099740388347625,9.659037046567372,11.535894708140447,10.839110624159147,10.548974163499082,6.961412649797173,8.310339666134055,10.55085229062264,9.900282971826623,11.488078621386226,10.219346667776462,5.623223075896506,9.026737271977783,12.777499237449723,9.575151765952393,10.910476267584098,11.467744158297432,9.09834533491682,10.718636814863853,10.345889538363055,12.687489130450142,-1.0,5.588534755896121,13.752122778360041,17.562841820671046,13.26370996793227,12.877118954276481,13.250018276305719,10.44535933355954,9.703615178598348,7.905484485185313,16.476535521860953,13.338027477531494,5.921467275292823,9.516389683620126,8.38298406103812,10.130208363565398,10.682772984852368,6.4710622435936305
TCGA.P5.A781,11.287042063149313,11.50841642071117,10.255668431978998,11.83688570035692,10.161322759700553,10.289691092077879,7.839361908887978,8.28768237118051,10.825371766188166,9.78758640480986,10.92223680587053,8.800252159133555,4.789077126860354,8.58727759541696,12.589412323739149,9.593923841118693,10.7526970847764,11.411168015882629,11.352911265346247,10.447881138311889,9.830592212037553,12.376603196092523,1.5514421891270953,7.570821131535025,12.335346246857045,18.874771993023188,13.26266608296901,13.32767740093316,10.401959132698005,7.326866274446856,8.925757663832513,7.4048239501755235,15.56794002261145,11.212661437574129,-1.0,4.0969870669962525,6.616914892690092,10.258534588683903,6.983141828227117,5.927725822674644
TCGA.QH.A65R,10.979226105399697,9.802429283811515,10.435059512304043,11.22042192230582,10.520202507609172,9.870092493106295,5.376596006691841,8.271265519238895,10.128089466090962,9.616385819217967,11.598825251941918,10.168668984560103,4.290667683313129,8.193715571799528,13.646685480398927,9.59875152595633,10.607899973328205,10.744211141551096,11.042144302874176,10.98898547720946,9.705049144241405,12.30698717881035,2.4528853150675234,5.970142712667741,13.452908705749763,16.58203261960636,13.451841470477039,13.304966945545624,10.606749697136847,8.350367292597118,10.044470077438621,9.228824701712695,16.905958857162446,10.160330303096083,4.320910636187187,10.060242248942183,8.581840800573497,9.702897660939012,8.539065731006003,4.195938100427832
TCGA.QH.A65S,10.066187161197401,13.397364444233324,10.499104821071922,11.263788136821264,9.052839175919711,10.175622899803468,7.543391482226326,9.36414932269794,10.40391230823366,9.884812184851343,11.200666431352648,9.037798957460048,4.3279603583236,7.94557259043319,12.284674936928244,9.5767826807776,10.512464240740648,11.50767607869136,9.457525346562873,10.70459422376838,9.345269509453956,11.481977538020615,-1.0,7.312943746813436,13.541876887802124,19.769853951271482,12.965432945642368,14.093846685829622,12.000851840224215,8.21586105726236,8.318991929724517,7.078299206844454,16.093651624321293,12.602462795746222,-1.0,5.947186893006897,7.500153522947389,11.671732956273113,8.597236541761271,6.837074084252877
TCGA.QH.A65V,8.39118085285089,12.768455073540817,10.054933922896696,11.365836589134116,9.867168139148122,10.236488193663268,8.110073476627898,8.194458436805034,10.655918758616103,9.550565186738583,11.156084720024426,8.776254699710108,5.078345111391417,8.194458436805034,12.173408557682738,9.658065063201478,10.158202949919822,11.903050136315205,10.410889075726189,10.501222664947639,8.704068937643287,11.708921435583855,1.936816939853535,7.395366186130533,12.640620950628415,19.615136186580656,12.589112328975464,13.529789035916156,13.095835550595275,6.852669324668708,8.909191961599944,6.015560011562052,15.772024629280372,12.076353660317533,1.2642361510435471,8.090072182470847,7.870216743272604,11.099056809062352,8.062109836226249,5.748388774402281
TCGA.QH.A65X,9.606411135231017,11.722717039766927,10.122765239443261,10.275454210861762,11.375088697237743,8.88752923083656,8.37154230985651,6.4689123494901635,10.05070112079804,8.962658042222397,12.332799609433273,6.1639515161119585,4.397091020172428,7.315197575797786,11.434578764447988,8.24683558763203,10.34613727583119,11.973931184476953,9.708170851073408,10.678323456650778,9.054246414659136,11.787190542644616,4.028816652173758,6.256433273773359,13.380604055813736,13.748413367964151,12.858702783911633,14.3298154086847,10.106982536835444,6.871119162767619,10.101452188806121,9.086796767065016,17.73263851727174,13.833646765869268,2.391437797698,9.811706707984595,10.714095143221378,10.71861780849382,8.89554014229399,5.468466019958843
TCGA.QH.A65Z,10.084478097708791,13.37114946649235,10.213356395765304,11.764215886098073,10.191944182702267,9.429641905700677,7.959192289272695,8.417833110085256,10.831732863150638,9.975305745168194,11.213583924099337,9.327303154153446,0.45890690685086627,8.412288689694618,12.296785750614811,9.530326933036793,11.147268216391895,11.32842462158453,10.908566379249207,10.122340501492474,8.740445952146004,13.121915670827383,2.149031690518342,5.967862576160189,13.452547806296826,18.107291975581067,13.04615286844497,12.779805417788198,11.232583895740126,7.182206617016094,9.557370837680827,5.536416637399809,17.038253004451978,12.262916465859451,1.6431635299034266,4.668090751707605,6.400073350704419,10.090872347708144,7.055152261654983,5.378577514070602
TCGA.QH.A6CS,11.394716430134736,9.43472224992887,8.930756258029518,9.794094798486636,9.918659934103955,10.539165016234648,7.039528851583528,8.327573751060513,10.502613543890222,9.357063472875563,10.711396475147808,8.895659191022174,7.011293237641047,7.458781439669826,11.394727360926568,9.195804028450533,10.077565069433428,12.028759200606107,10.236023044230556,10.703035533018602,9.135602073849336,11.239988684328438,-1.0,7.914047217891149,11.822619265177718,18.51296587362219,12.815188594903274,13.553073406088222,12.631802732192895,14.131902389678878,9.664110883159747,3.8854181778344232,13.575424292265792,6.105018004550904,1.3447148944901273,8.27153819549358,10.439911169959533,10.969083991372601,13.527320766727554,7.901794301526953
TCGA.QH.A6CU,7.58861420552285,10.153795584683882,9.71560067084476,11.211351563252467,9.395079941704719,9.977696069544722,6.692781467456602,8.894018907420863,10.34910393619549,9.751436438728115,10.793704416307182,8.201256476495425,5.578971912806466,6.941649802152175,11.669838017893177,9.27451583464886,9.63509738311075,11.846785033242673,9.836437179074872,10.620944199170188,7.9387121614834,11.703447815682912,1.4467326376565748,7.511514688275819,11.667371842530175,20.237759132221726,12.921135033686719,12.938318251863212,13.111048792854264,10.273284855371376,9.17802315091808,4.8520288096897595,14.662015288061736,10.804069293816585,-1.0,7.847542862065191,7.932153321680299,12.202197854965986,9.980082725763923,6.04799635603865
TCGA.QH.A6CV,14.914157801009853,9.924386608230341,9.67279233388123,10.1985338105098,9.860680256894227,10.673724685022385,8.532360601132854,8.56234623346267,11.475778717101361,9.861886526898465,13.265571184841345,11.1661215841632,4.169612383648635,7.871414299090263,12.456019629944286,8.935499527451002,9.93533583454593,11.364877976842289,9.867902022310444,10.905735000059842,8.949182386788051,11.468473198567773,3.9693162916848133,7.693167020082843,11.705935666996135,18.205793423568828,12.587782437794127,15.134716201883744,11.561046982558693,13.899214704704729,10.056166764266324,9.519970942853718,15.632736149712365,9.511542163040314,9.997564665791364,10.60911482219554,11.911820350737344,11.758041533663704,12.919349766726436,7.635096294499972
TCGA.QH.A6CW,11.988171132261389,13.165748970369318,10.196589094877238,11.440325304009471,10.399845169761917,9.945936989909343,7.703147084649965,10.41114370016866,10.179700506007565,9.77323384441029,11.18472877301595,10.40469826639226,6.245394880570965,8.82563268910597,13.262536045210775,9.358748988788642,10.350953984007665,11.511039875301629,9.447127663839561,11.865894463301933,9.742895490850612,12.736181683641998,-1.0,5.688949628119672,13.806933212274139,19.605886291358217,13.980079449213513,14.570526032848559,12.918778468998694,5.245286484256555,10.809472727758155,9.229777283262674,17.27163724455077,13.311897046245639,1.8216694027165088,10.319890540633098,7.269297828279173,9.232206245857062,8.80945882031777,6.038927766117564
TCGA.QH.A6CX,13.76552511206504,9.299539571146676,9.489490151780394,10.75539828273721,10.484488407972611,10.199530767305008,3.152443048342809,5.090277592173036,10.345626236034187,13.411532742142773,11.278691106824718,9.100009693812735,7.946343703739706,7.669430056953811,11.704579310874404,9.426374630198378,10.776717759775677,11.762874190343922,10.472609209430791,11.78728471209627,9.242732775104773,11.34099969321264,1.947329519847386,8.296210512858357,10.49403382415344,20.138408151742155,12.507031375520148,14.530116189901808,14.572769571041219,14.578059031499391,9.269134862971656,5.289148358095143,15.606989029190183,7.194894716303167,5.517738667323628,10.449130585775123,12.082762023231405,12.922765657299871,13.661460068689316,7.616947229895929
TCGA.QH.A6CY,9.98748430828812,12.597413756803773,10.418222843446896,11.765840855629822,9.817245108026391,9.458047894353921,6.100492043638481,7.339254991134687,10.4040388058269,9.3244375530135,10.71846249480806,9.08709310327141,4.363220147544611,8.739151761428005,12.829089772343211,10.178517586524867,10.37951602307111,11.383291348314435,11.116350329877195,10.543398345870528,9.686856079680709,11.82840813444107,0.7494913616025249,6.508747138578154,12.34763149950695,17.595602067190036,12.798957383501657,13.109308774311334,10.932388691815841,8.428897785275167,8.954830549559665,6.996365017715626,15.842813178023471,11.691876923043463,3.256406853794245,6.973946426714379,7.044492481576204,10.491075735170078,7.1720764184699695,5.017605727217229
TCGA.QH.A6CZ,11.931614697895027,13.296392661881088,10.573095658290939,12.015414285736945,9.999460015422688,10.229036400794826,6.015002396533469,7.468130367385487,10.24854705114027,9.464257590955892,11.016976569083742,9.97624275683881,5.4444351675730935,9.248667416741608,13.286864258429109,10.138583731648692,10.391957348148,11.167556763347845,11.895569943263173,10.398362235690815,9.726307409487822,11.811520039519918,1.8830342356551515,4.99939574492689,12.749724375634237,15.907576384298455,12.78721993299027,13.515446802466986,10.116998874097877,5.82521830684682,9.574700613906531,7.73966181455393,15.992597171100853,12.560132371663709,1.7180875839605168,5.74171505468703,5.978989534265053,9.633073689246675,6.190593132710933,5.348908701085646
TCGA.QH.A6X3,11.800939161070067,11.091163152781274,10.394230944446347,11.89190871871659,7.6939942509030885,10.604600854834416,3.77935428577535,8.662168107043424,10.42456481239978,10.18059445607925,11.070613859353367,10.253024524219178,3.0325416972700387,9.08472044183498,13.441201999958787,10.239335980208374,10.754341295291667,11.208659421236177,9.888098457551951,10.969833723464067,10.100974889072356,11.84380436723545,-1.0,4.203647523832965,13.085105132672565,17.866585423774772,13.869065024818006,13.704926665635094,11.75591401348384,5.403496108249068,9.972646707570691,8.491325213829487,16.659822462405177,12.279830450520619,-0.10967005068462748,7.489907352503573,5.9432860821772495,8.504949251255828,9.364260310681924,5.63175620060602
TCGA.QH.A6X4,11.292680708732313,14.000329464626352,9.709906448473864,11.355343387346746,9.965398745036774,9.55741162195164,4.020315507478074,4.753133829444938,10.220912860240453,9.930097295318431,11.055700403973349,8.315104264997599,4.601821291133938,8.51742491622902,13.039102537246235,9.293834173816702,10.37095303873428,10.946930246089735,10.729822010111176,10.805055405356299,9.306999022684659,12.67435749759235,4.646698382913073,6.426917175033163,12.983405795842023,17.422138474689394,13.166870868584587,14.048431205188278,9.845407877712743,5.770437932827845,9.539676071912387,7.978025123444296,16.487150870280722,13.13843086229287,0.34164424053016007,6.963252153816607,5.951242745046217,9.23810733196277,6.15912053647604,5.3898042587239035
TCGA.QH.A6X5,9.695847873396112,12.860915653359815,9.93413431133853,11.509155690058314,10.151368224313282,9.866180699796251,8.144751530696453,8.286455648913762,10.801058636162933,9.708329863438381,11.178434051130457,9.26635413579634,6.077633960752798,8.275349795893362,12.575278313826347,9.068256986726139,10.26127222772184,12.09166350849048,10.756628789027214,10.284167770460236,9.475861282122908,12.063695824889653,1.2722621249742956,7.304145028335635,12.901252179428134,18.72360884566699,12.745894366528269,13.109122597099555,10.995297880747415,6.789654924065866,9.174892235549738,6.868627507737118,16.01376711748366,13.021029456930133,-1.0,8.395100940606387,6.850783174216114,10.87059875320887,7.051601583358508,5.538199798309047
TCGA.QH.A6X8,11.039367910273132,12.925068774429915,10.310363298805209,11.782865641917812,10.716548212593269,8.987256905182912,5.46507658077542,9.02732631470439,10.214793626279462,9.462730672711023,11.208209418890428,9.374874946044994,4.4290936877135625,8.740441904337231,12.604229860513618,9.229781848755211,11.199467641821633,10.720627244264389,11.271210300691695,11.40099793088645,9.631098096462862,13.144877020121921,1.8782152571490358,6.10408081039284,13.050541353057831,16.918549128381514,13.446357807989298,14.527609411972,9.522362413275067,6.369529299193539,9.841131238350295,9.351391361326963,16.724719382021384,12.169037132708818,4.5804048084679385,5.577298904098231,7.456040581969543,9.695377252074879,8.769608117882537,5.147225280284215
TCGA.QH.A6X9,12.038309760864227,13.488712758536634,10.549698238397895,11.92540968097262,10.082632476130009,10.563783624162014,7.512029308480412,7.30642721702784,10.2473624263264,9.984163650374583,11.099388052748267,10.09421930834341,3.2692576147347485,8.989959545267341,13.85487620238131,9.568419792173785,11.069816335912913,10.757079267231655,8.937126900309405,11.600207253932185,10.516417952164106,12.75643516858044,-1.0,5.4923371194618325,13.350175571780376,17.027232786962106,13.121512019210666,12.006107799156023,10.757410511992765,6.692667106539853,8.410769748101256,8.361061662251743,15.897304046062615,12.731694910193779,-0.1560161559516734,6.343116411111573,6.794322283096072,9.522378892418304,6.869806029493665,5.956653778540132
TCGA.QH.A6XA,10.78121428909306,12.609734281189338,10.422699118080777,11.481413181600567,9.997024757008557,10.373629942649403,4.923976329391343,9.06048653659406,10.239133665514219,9.902115798029477,11.172140566323467,9.366401997447275,4.4522264117974455,8.536311334042882,13.072341170093363,9.712838031907179,10.9074402929353,11.41680364875711,9.932697686019988,11.03639460276743,10.048927516650888,11.834124911770303,0.4764335355139399,6.735530300556555,13.340242474422478,19.260581457018276,13.229670425585672,13.609646753031967,11.93049785396111,5.4356519276556465,9.451506834005224,7.7797278898328495,16.3864097247047,12.791221853031937,-0.08069805937191694,6.165936050629033,6.64206758234781,10.07419512786861,7.797175790795957,5.933244501125751
TCGA.QH.A6XC,12.881297135363592,10.283978242196717,9.460260725071148,10.281799888834595,10.159367188205135,9.722543041291203,3.729802895667568,5.4977911746394765,9.954334319672101,9.307790292081167,10.740535254037823,10.803382852777874,4.57934309393696,7.408369655839604,11.953324430849277,9.350739885863229,10.402836737199943,11.114885712591873,9.774642618175433,11.489056568656576,8.986872796792825,11.246811959668099,3.903963766802978,6.72850694058532,11.318521965602653,18.69168940414493,12.77899735511857,14.828150138349265,12.06228215897695,12.04131380111081,10.075931274615415,9.0286177716148,16.16120272056418,11.452717838026812,4.900374155191149,8.982024134340085,11.44635141029229,11.812428912696852,11.101535443965593,6.368705500405973
TCGA.QH.A86X,11.729259387308801,13.88557383055952,10.426852826631581,11.817074948398984,10.247491791715337,10.202756609312054,6.552191065561366,7.351973662573459,10.49350773984856,10.217263680650102,11.044553203236315,9.891369514360411,5.168084391626917,9.09171649272604,13.151783868858702,9.684031827885487,10.571994431063196,11.405680351643536,11.152592237980583,10.64792569762247,9.20911897255486,12.82068056681956,2.3809233460968637,5.145681530599599,13.22535450117889,17.872309537018655,12.979721153260558,13.592920162406637,10.679456963417753,6.957825239753882,9.09610421837352,8.572890804997108,16.892725611974818,13.143637831659369,1.4414303602306298,5.811830631909241,6.450770816565671,9.333253539701412,7.150146345354547,5.960409768918273
TCGA.QH.A870,10.647856551750195,9.957495173191377,10.476917899742567,11.992254451329494,8.706256326012397,10.521702013655933,8.817497911539757,10.209697530849835,10.122876385740065,10.343383836405009,10.892832009692313,8.452363570840907,2.8294233844449623,9.110934513738476,12.78904298409784,9.892877155303498,9.5478924287494,10.952098151034049,9.35465711436555,10.914396643769427,9.657405098012593,12.155366450413641,-1.0,5.988584717038058,11.973570165356929,19.217144830573258,13.801954677055676,13.75781103610358,12.57959992253399,5.278951177940679,9.580632055606946,2.008702007886473,14.955542200802274,12.185423283238709,-0.08850015113889192,5.761404961016312,5.773073253438878,10.10682803174861,7.589242902491929,5.689335507046125
TCGA.R8.A6MK,11.014762137430923,12.020405940362284,9.979109182642004,12.017834415519188,10.240787993690232,10.241263648041734,6.390595466466023,7.3408479669873685,10.514310674256905,9.824521411994251,10.9741802403855,8.282412003575086,5.263372497865389,8.804222356702944,12.626831836163138,9.551324709426572,10.029553238169191,11.777942877064813,11.176513707137339,10.331151520997295,9.327685343467559,11.974000938810383,3.9693439234333923,5.754131224905778,12.187261840073553,20.207211703302242,13.036369136006442,12.873231518506556,10.867600761493927,6.779228197193879,9.883611805522499,7.652617708231607,15.477032167741658,11.839717341791081,4.142315403169859,7.638241127960203,6.670397071785514,10.567252423694823,6.564896372521639,5.677463139721782
TCGA.R8.A6ML,11.360008486572276,13.925460828551653,10.07267969260583,11.918946473011886,10.144578076719409,10.05261641152227,8.278889866000222,6.219001971555776,10.45429024461336,9.658363421963527,11.256390223112831,9.27686371336774,4.010448661063823,9.286344749113342,13.019444522987715,9.462428039886676,10.4527600436617,11.827446277603732,11.225584211970855,9.81067541508366,7.40347736151408,12.174356760363112,1.943471293003587,4.388871452423044,13.540038908958513,18.99300093783082,13.218902574698006,14.13595794522424,11.801983253015639,7.221359945366327,8.916230600959553,5.870446100085257,17.04873584809962,13.00626993366094,4.16795196967408,7.037594173655073,7.890854004393659,9.689229959840878,7.995451729981248,5.422471859984895
TCGA.R8.A6MO,10.03934350704186,14.508286593599102,10.521435256406841,11.381807348947596,10.268705851210289,10.063497279803295,6.30798400155937,9.077678284436164,10.633760857862116,9.961657039777753,11.224747738186979,9.156939335389847,6.1308444043476955,8.638164002803128,12.80920259394656,9.255310705989432,10.921218659245245,11.106733371220384,10.73383882987408,10.610858840935283,8.107226492971611,12.153709180644238,2.254654506772002,6.944544578656012,13.838270075314732,17.788642590359444,12.890881983855012,13.492372686052343,11.845164427723835,8.020026528776722,10.839726276676577,7.374128333835962,16.42988417599468,13.072138450655263,0.50131174924366,8.612523167266295,8.571451940113148,10.754373366965206,8.902001503071622,5.768523119791975
TCGA.R8.A73M,8.272061458802346,13.392141704381253,9.718762147899051,10.625439636621227,10.348409265684822,9.07089670449591,6.479482803799626,4.953474782469415,9.92671361900874,9.65004576058761,11.911553963590755,8.55502006095913,3.7027018651383803,6.955022133241623,11.514943900636185,8.590087727411307,11.014401115783631,11.645700217727363,10.390557743448525,10.371713491021826,8.204580436153442,12.76750941333591,3.4386920661850855,5.443105997172397,14.050653979592186,17.267128869351243,12.966561435462152,13.475031085970548,9.128158564842412,5.330511791336742,9.429756335616844,6.407296660350863,17.553450932506557,14.044624952590018,-1.0,4.2893033140243455,7.0763709647358075,9.465743516892909,5.992007008872144,5.250249142751464
TCGA.RY.A83X,10.384905246444479,12.858984197668129,9.578457420079175,11.750648372931657,10.511100131383907,9.964704167463196,7.554070002087577,7.1223258754420415,10.604140746506738,10.279162498373308,11.066192678582375,9.784196081780683,4.207697668655053,9.186788247893121,12.211454082615903,9.689069876826135,10.772848082709057,11.359502227815039,10.834643199214302,10.387112625769703,9.32275470263051,12.732166492703328,3.521842242627665,5.418881439085155,13.437790674561091,17.355799878743465,12.96202718137049,13.231143357697324,11.945895778326257,5.035315984637355,10.034601180148515,6.915079850513387,16.597919355953216,13.17719979992238,-1.0,5.473952467927329,7.125768869565094,9.9521525482777,7.586917079825918,6.038958484585504
TCGA.RY.A83Y,10.046749417332753,12.8132773421889,10.303671742970245,11.125227406363175,10.207864551745137,9.642128249432044,7.05227241746432,6.3245586137179926,10.23616024840746,9.684728110516447,11.634145033723513,8.04955235825471,3.3030647015786583,7.772252542475412,12.062356000465037,9.24172889845475,10.216096014152283,11.904016772073401,10.352166055181108,10.173160421557187,6.6725611186447775,11.938675042931106,3.5792284302857826,5.825803432124471,13.459019282457149,17.20319874316458,12.787971428483738,13.547047099266678,11.555485509145473,7.467365896087442,8.75504144821206,8.205246851933593,17.355372059574435,13.394088292929945,0.029417546835091738,8.541878750677656,7.862145734741633,10.664992081276484,7.871796838996904,4.939818957968596
TCGA.RY.A83Z,7.750061103760412,11.454753264949222,9.73145429855969,10.881371113828111,11.589261350872254,9.550200188969857,7.900046230492954,8.11113827908414,10.325473665998635,10.45438607893647,12.68339883705896,10.395943644214542,3.589979156169045,7.677651997210785,11.2723174782595,9.068629433612367,10.78577758964468,11.922983597166269,8.712591997631847,10.282524596063098,8.858543039217887,12.52450650422822,0.0025945167084523227,6.513005870577133,13.75735834848898,18.54103291016706,13.61914360126895,12.977500801378328,10.665233574596684,7.630934706245753,8.060511665610035,10.086720351797661,17.348581143314707,12.953606168152398,2.004573300476041,6.224372191762904,7.8222113471813355,10.907613039599468,7.789862248584209,5.59014687658088
TCGA.RY.A840,10.782002143559199,11.324264551337428,10.161617151693683,10.994470827855656,10.469254129885265,9.92682982661434,7.981236751291367,4.577851755160926,10.172097301222733,9.498361977897561,11.681608439321503,8.501853900168696,-0.12421993693151195,7.892760153175591,13.223802551050573,9.256853805257633,10.498696254803406,11.871059196195032,10.775528638205309,10.533251462516521,8.927570874564395,12.422112793868997,2.757663353760831,3.275871213347637,13.06585579345096,16.321389865023566,13.268623650318341,13.91728477103316,9.852542617660863,4.577851755160926,8.41274892886749,8.961800123990571,16.670002432350554,11.543539913333266,2.090108184223089,6.05464881224148,6.489491556699079,8.252117104145734,6.984088011039154,4.627437579996654
TCGA.RY.A843,11.399831234286108,13.543877656812505,10.745427103706168,11.675959413915708,9.19887127951782,10.489751643786185,4.754764600684478,8.208550911632688,10.39788241312698,9.745524585156328,10.733436455963341,9.39595199595548,5.267475871796492,8.895746426601328,12.620969186091612,9.856063330913036,10.380531737016018,12.392131706776638,11.11320150983985,11.201483593029264,10.069606448087738,11.508261458829692,2.4574104304179407,6.454070583134959,12.739370859946463,19.10196360938287,12.981988505907509,11.240704767862548,10.67329891570169,6.342433852125078,9.567128046415638,9.456348048753135,16.10436321740321,13.122928737337384,-0.17788172527065546,9.212943533116226,6.868629976851755,9.553921258936363,8.12964313050894,5.792217656820504
TCGA.RY.A845,11.149833094455426,12.697205073356917,10.77434767888481,11.568474326111645,9.819944984269108,10.383047263099781,8.218693030526412,10.217747395501572,10.023071232789977,9.789197466011233,10.923373915382697,9.545082624649854,3.9967050922532716,8.78237383393285,12.866905583331684,9.889421369227845,10.73318416307014,11.078008933522268,10.836101258881099,11.18661358565551,9.695947023558006,12.08275417423873,-1.0,5.637126214225527,13.363798173925087,17.761974926182024,13.22850468981917,13.030733752462721,11.027703327902476,6.275336758042181,8.208205577323236,7.491436257549362,16.842509913328747,13.497702683407956,0.9549407350890934,6.1783760341355825,6.234577959784565,9.601602185622088,6.731005338048784,5.24412594328373
TCGA.RY.A847,11.621201147585246,12.491929762513418,10.50631055674875,11.54018767326613,10.267632704819684,10.317395427953558,6.4267612247704085,7.960769427051549,10.163892662249555,9.350744084171463,10.784065997523001,9.138025996227501,4.240222726740525,8.307249087946042,13.031863242715163,9.798640929157719,10.347440992732311,11.57540607974741,11.255944543808205,10.82774480836734,9.044662413828464,12.221357196077205,2.3148125165745745,7.216115299053641,12.980061923560035,18.670767866967736,13.031948889493691,12.847247930591521,10.572348082563911,6.058236391751616,8.69945550609914,7.809088334634602,15.499726813748032,12.397760988869665,3.6928288827391804,7.82499437004326,7.349663390083516,10.660974328395678,7.657442078335882,5.992149806091685
TCGA.S9.A6TS,9.63319705130707,12.23670262739621,9.98231326629082,11.278301405951758,10.481302877530245,10.255880948374328,9.578578937661494,9.594299967783659,10.206668739902645,10.044470077438621,11.278301405951758,9.479586073098409,6.262634227885055,7.927453837713266,12.012125340079033,9.4972974003003,10.344165726559241,11.592570327362372,9.462556462109067,11.31321846762642,9.686733720689501,12.562165635879,-1.0,7.306957568699181,13.121299238445198,18.40576561779211,13.635319748659587,12.952053455645972,12.05894347244458,10.12813187970939,9.672772890601863,6.526863828122816,16.82951784248308,12.558795879998128,0.8661562756737902,6.963920273160325,8.03565030025229,10.302462659778167,7.728874223397653,6.319493296958239
TCGA.S9.A6TU,11.378359943727789,12.789654822189183,9.8184478072668,11.175050852081506,10.631181149095198,9.825243911042456,7.344371369990503,8.743935993359356,10.050103584502054,10.187720989716864,11.325632863606463,9.854329219366813,4.20952354908595,8.580384079335502,12.446621924102345,9.14614197711183,10.305267646809149,11.063878977122693,8.270924601430487,12.032239485638327,10.037803486532,12.837677933907651,-1.0,6.84721523501931,13.573800962637172,18.391806476354994,13.78573004785728,13.509912773640778,12.052170235972948,5.072946127127261,9.499554728222233,7.670452310203264,16.779520251489753,13.658531143556862,0.5334636767204042,7.5804831995848945,7.3527576424205545,9.994913150522596,9.202908642174888,6.15142657651606
TCGA.S9.A6TV,9.26952389170337,11.5697952891293,10.582846781980802,11.273026733912754,10.124744147562819,10.592042763602421,8.598983715172606,9.995461623261209,9.44036382447878,9.765044040525794,10.593985913440934,8.773731332114252,7.782211963363433,9.516101253717872,11.601362291917043,8.735010319683676,10.889447836387165,10.833683910722598,10.222725362083889,10.781048434885228,9.20128245548746,10.828977493698545,-0.3269863847103914,5.3547025087923075,10.509738788070932,18.972207906834367,13.285317119887166,13.179807553669214,15.43869479805942,12.977138402201561,12.947319802380157,8.352371885758082,14.458967041893345,8.90026727079814,5.522664697137405,11.599981675318089,10.41775981242361,11.319232754539154,10.217693118947379,6.927863277048778
TCGA.S9.A6TW,10.859627106593624,9.761758978868755,10.327201414553368,11.077786017350393,10.520604047292068,9.847836754759596,7.582543207769667,9.042606037198627,10.980779078298257,9.492834996985914,11.610417058562952,10.077791757540151,3.8828777738660016,8.22548799396083,13.263655354277438,9.257098567481632,11.257952316338047,11.1692950624269,10.718727990589707,9.772013300483472,9.621722781557866,13.048705747875584,2.299567044476062,5.575318382247903,12.175283441484755,14.334486824129176,12.695501468390479,12.824750731696671,11.064935717359672,8.401449572302555,10.503611006865853,7.817553551146855,16.716148044478967,12.147266085518908,5.384833817324725,8.130010364064187,9.341489691074374,10.837792532920394,9.184622973146844,6.25143506956323
TCGA.S9.A6TX,11.76864216716641,12.741521570982588,10.023265749915055,11.150597119346555,10.260974206888868,9.655936731456325,7.4032958464368335,8.942812983313138,10.403058478885974,9.576110350258347,11.161733216577707,8.625746827446509,5.255104126336593,8.613727225615877,12.667380181304834,9.319136937617047,10.333764844078802,11.372795643703832,10.531996521848402,10.725578343189387,9.857963427721087,12.487028641367722,3.722433235574832,7.696149651379377,12.813864965284232,18.083645374696722,13.543944831227186,13.501512106600453,10.461651537238922,7.800575095238887,9.924550063602048,8.981912288778602,16.58499350312724,13.144170278962678,0.7899378689801948,8.122386449624347,6.942406592406054,9.566788711968648,7.673168421399562,5.300800973152699
TCGA.S9.A6TY,12.05082683448436,11.310543826004565,10.224824113656865,11.708112984849395,10.418372866942569,10.034571606731975,5.9118737046341145,7.005004674672329,10.406333215655382,9.750855183501212,11.159916168082438,9.515737481884843,6.565784506903021,8.433576261282996,12.808304135727703,9.964160772396243,11.104840099794309,10.851576188701106,11.565367214678242,10.814637417041752,10.064430349058483,12.341005115683789,4.563884177415042,5.061780517026454,12.50422269775264,15.07695989690835,12.846438056570904,13.83636859284598,9.22493719256296,7.785591091004948,9.715048222805038,9.842423733549717,16.373100245589683,10.148404763412897,4.588450804366627,5.5359782761529726,6.846004311422314,9.235669147947254,6.835781363642591,4.461214212583979
TCGA.S9.A6TZ,13.058542558599138,13.156392081495222,10.475448815086763,12.114015314756033,9.670033720253628,10.812877781324634,7.3195005225996175,9.622102532591224,10.662148698116054,9.877442890270904,10.834460620825748,7.782149045204155,3.504048285354219,9.55797291083476,14.116298080206164,9.63020249812319,10.634676483094442,11.403625464732137,11.690934109455897,11.054903474898028,10.812877781324634,12.743422968096528,2.3035761996966406,7.00203411786488,12.997701163664441,19.219901713163217,13.138473596948563,12.366394183260121,11.828701310136315,6.783810212759482,8.772400027769434,3.6242646949849,15.467678100103534,9.510006925134341,4.5498724396525825,6.962661223033172,7.871413683002165,10.483667873291953,9.985572011113275,6.659166773319047
TCGA.S9.A6U0,14.969700740999219,12.96827811666636,10.986738789697714,10.451042409698948,10.142717073414907,10.552290796716813,3.7247812214667353,6.939397029507395,10.422255500561434,8.93498260124838,10.880697615004705,10.80154023675761,8.320291511471128,8.808992481701447,11.706870370867259,9.310391702945775,10.900870127986437,11.852727993109903,10.598826600836524,11.09320718628541,9.68757689430508,12.021720084844194,2.718986247729237,6.402087720798086,10.542693733602322,18.92910543439252,12.567131612427307,14.66585272185411,13.578858481229299,16.096684000750265,12.945787734030988,9.865767443609311,15.192023906352125,10.933060629080277,5.683275372908121,10.75104036683537,12.477348593167704,13.767422779561455,13.040035086172242,8.181515059608856
TCGA.S9.A6U1,11.844998470798377,13.077409417678481,10.504691393337723,11.861670226338275,10.869875183749343,10.712236540698996,6.823926375057928,9.811962088789617,10.445307081031505,10.402191563850213,11.182972805313966,10.950829975779298,3.5434711371579493,8.667600875183338,13.460395010529586,9.700278272920272,10.89061943424636,11.407862673596343,10.146722419256442,11.417144176023186,10.464154035576703,12.867587036492317,-1.0,6.581307555867907,14.074708843560405,17.515591598220897,13.842000412071041,13.676328781046559,9.921559063447022,5.4444351675730935,9.58521889443825,10.125259764256324,16.598988059352532,13.11273493904127,-1.0,7.2625553064536135,6.569246510600332,9.702350370114834,6.628563648554097,6.174759937771362
TCGA.S9.A6U2,11.968140732726924,13.279910912977801,10.582065186454205,12.375142306609941,10.619870383349957,10.555997477306677,7.436629932836838,9.233654185995787,10.870189843865013,9.727302413191527,10.707408314028044,9.645269338584923,5.413465458029827,9.390406519057159,13.335131941743668,9.60638152232172,10.707408314028044,11.27524770171122,11.528281797559956,10.789165751585827,9.852963735050936,13.06018316376126,0.9409560223853404,5.413465458029827,12.907709731148323,19.289943587946357,13.115391500667767,12.584938549530452,12.168643132330345,6.347445975793103,9.44628332152888,6.5793219723701775,16.42100495368751,12.757157709262778,4.170774338463917,6.2250030105318865,7.68244618514634,10.01877644611276,7.750609184430134,6.593531556949453
TCGA.S9.A6U5,9.488217335635841,12.618573788288913,10.106154347994943,11.738852092863361,10.220263560549249,10.14484379308823,8.327216237987978,8.401104359661113,10.538596166688354,9.790726594597935,10.91787715810768,8.812001090175283,1.7881009979120046,8.466238009717276,12.276981419846722,9.241128478018979,10.482261221939574,11.944039378517896,10.890240257240917,10.842968542495843,9.317531778167245,13.045505154081345,1.1294808586988783,8.500257912957526,13.185708246425937,19.29066663500005,13.135315921753994,14.048519390459942,12.823066965808602,9.010359979809424,8.979337730633159,7.355713156431888,16.958743815688738,13.853810648930477,2.362161257870673,6.6266172722529255,7.871937878842615,11.815164553213004,9.556970784350861,6.7617759296569115
TCGA.S9.A6U6,12.139370268738206,13.02848370167107,10.747760899073318,11.278974865947118,9.929742185237298,10.052538571706002,6.936092556089893,9.864188311791127,10.097605529768675,9.829623486936539,11.326398925034486,9.097207299639027,6.015383828503959,8.58199102249916,13.840723418349185,9.464642743555283,10.485685132600267,11.51163698649063,9.770550752120625,11.559209626840582,10.101298403630762,11.749905619989184,-1.0,6.700442492551964,13.751134372605323,18.113904765759592,13.122563012737102,12.295043502267895,10.759493592939245,7.461148715026872,9.913030605673997,8.229631179872554,17.249257311250567,12.870946939927926,-1.0,7.958959222667018,6.996262188700192,10.05090269265088,6.912264232516106,5.592110150750013
TCGA.S9.A6U8,10.943420450310564,12.679270475642314,10.321574140343632,11.721591057021094,10.135377492214388,10.585319373320466,7.215886289366376,8.934439835734771,10.50784576777083,10.205540114225233,10.859297087064625,9.58712886082721,4.567180347036739,8.564451719137052,12.739521576357838,9.897438600983948,10.427471249011502,10.859019734632147,10.965114646643581,11.471958188542539,10.020564149547235,12.34421672398037,-1.0,7.108011058726159,13.590806840672673,19.88505134416555,13.511652130982494,13.64717615588539,11.567373129768844,7.451874598960795,8.446864118348127,8.032515249822474,15.837916753683366,13.753000098794768,2.2582777016131526,5.677964826116388,6.916646222795315,10.154032005782259,7.345050351100031,6.768617068380897
TCGA.S9.A6U9,10.527894994736837,10.39267300757552,10.525279034647934,11.260065774712167,8.927081923434669,10.3203180282704,8.448800622881345,10.81456796678831,10.348321509175813,10.14228400002006,10.416040732162127,8.037100486762741,3.6494085238188063,8.952565958553278,12.287161280214804,9.442781183526389,9.827266160760605,11.000487954153582,9.81110379144572,11.484116173125797,9.814196307062222,11.66671328198399,-1.0,7.454832262238742,12.253810117402189,20.349346682828966,13.773190730622515,12.854158429129358,12.005394162714856,6.373467254154007,9.392976789810755,5.924598755173522,15.474030208549046,11.572149424861244,2.857383894322654,10.918086387261946,8.594414559595043,11.130845755410654,9.411472642744426,6.668243959164642
TCGA.S9.A6UA,6.033938315051154,12.420048290126127,10.873577686357537,9.789789232026832,9.989635189140404,10.67545103092456,4.619101899605647,5.0839451694803905,11.695691524099502,9.920173289006401,11.569867804747338,11.744552164993499,7.805037665336178,9.013599878756374,12.086840378999312,9.262626241984156,11.027033690087325,11.554266127677668,9.684107591872847,10.964589310545282,9.871197111734674,11.641552576760871,-0.21876619990066562,6.602265341931683,12.398858061061642,19.19629763567992,12.540375499144837,14.48158081023148,14.315066129265224,15.426504146464229,9.14118599196185,10.762477716866817,14.580661094872722,10.9471030785473,13.922483155936808,11.575144389757863,13.861691276365574,12.472491960024403,12.337480022571194,8.041798760531172
TCGA.S9.A6UB,11.891082800819067,14.289587608818882,10.330365120982247,11.883126095572191,10.51127421234105,10.200966386824009,8.13999892770259,8.243377755707693,10.610489221903507,9.742500098416023,11.40167195387994,9.279151120369235,5.146720383025548,8.978142420166638,12.954042543187418,9.413596832476282,11.193954285984573,10.983616208429114,11.485773873538724,9.953488168933614,7.498277199663816,13.446625891226368,2.8173162684601847,4.480814430900033,13.747492154556934,16.56408202436953,13.039785494579755,14.01019721139512,10.673548209169612,4.332392869057617,8.9156090348717,8.264013246600118,16.38602987138538,12.880777630484321,-1.0,6.214907736865573,5.520522825066974,8.947852559091666,6.865764196459007,4.996976190601872
TCGA.S9.A6WD,11.475957568243963,11.878371612259489,10.198491698069454,11.835540981169098,10.040381102518296,10.227444229624101,8.457911890122276,8.321960555160606,10.494244684274205,9.536430819736958,11.217223141567043,9.418439175940508,5.473868069043629,8.552471986165086,12.98865097971154,9.669705350245616,10.252431034592412,10.95275544113952,11.411571363853945,10.618535270458224,9.679853920212098,12.497972455581234,2.2037649660186562,6.955522049734392,13.084326678399384,19.161635166411855,12.813963660562603,13.172895761586597,10.594212524749652,7.3279055840352925,8.738747574087098,8.165675823978257,16.49902025626619,12.647112776841425,0.7924389300646378,6.225594996181943,6.233491218459162,10.549449700529037,7.565381638905424,5.3339853880764165
TCGA.S9.A6WE,10.087248675309686,14.477909584672659,10.446498485529348,11.813960114381478,9.924759217897497,10.185889334956842,8.676434207415975,8.57973906606953,10.302432042706448,9.391606204944098,11.127626702779471,9.551398736211935,3.5531884510784093,9.140134195996776,12.989207959309505,9.54533558449032,11.30471249214884,11.186971181128923,11.1707456139031,10.239984151022087,10.1423668466902,12.783825678961325,1.4582244960996429,5.913830073684317,14.418259843399731,17.92001378654253,13.669060126383423,12.581360828004524,11.283794591245554,5.4331831412410265,9.785460478567693,4.172503516919186,16.702825954189564,13.681948008933555,2.0343565966466417,8.387847597203246,6.588756604282093,9.553989394799416,7.771678955215075,5.058173604552136
TCGA.S9.A6WG,9.510488259482756,11.825243871284739,10.655508720323255,10.731243160243823,10.001489827509914,10.515851786276064,7.231734794330743,7.9429812531022295,10.19283662032862,10.276911622720622,11.120200286415404,10.434215478594632,8.678197290150807,8.549835868757894,11.583907050066488,9.628914635947877,10.353650577825562,11.179450277353864,10.011821685465911,11.524292037650769,9.805583957872344,12.07196835675273,-1.0,7.9487287361795405,12.467494694679706,19.735673277616907,13.019341032251477,12.499540726803103,12.368593571685368,7.478159656177545,9.245746399423743,11.109015399197588,15.169923349918724,12.911545949495862,8.703913606540755,13.101532817693258,13.034368771777967,11.629126216764188,10.99871579633054,7.144277892168443
TCGA.S9.A6WH,11.278655625750936,13.757945383802156,10.297151973067129,11.960722520205573,10.29180969587158,10.024721923307945,8.052998893119389,7.191958366395553,10.415953932362093,9.89996937179626,11.260863329778442,9.149398341381977,3.1321819804175055,8.917779915129035,13.020890548749705,9.391725195150704,10.304833964742993,9.87239816406161,11.186366534316578,10.759118207631165,9.837787330342175,13.626543413003455,2.502636117202465,5.719432631656522,13.762996465209818,15.403693007479486,13.108917991607369,12.520659412300425,8.547246604225867,6.578594598344471,9.369356768000111,7.150583030824654,16.98471807085499,12.787347794435235,1.6246156331376465,5.801919130559438,6.498408853135019,8.86439696086494,7.957261106612464,4.8539856699977655
TCGA.S9.A6WI,9.166573608460372,10.460435417881246,10.634238939923387,11.133407474322675,8.572411848113624,9.358651200892886,5.169055114731018,5.400507190015318,9.805919080451693,8.708184131518667,9.625192667673975,8.670502235415038,8.246998479446102,7.720653320210846,12.599948211950915,10.494094644656395,8.452912488365723,11.038069098595228,10.946953924995034,11.356105065453432,9.358651200892886,10.480812108894758,0.9193782232475795,7.632362743831691,11.592528142441061,15.90700850715853,11.169584638051639,10.922600531671618,7.15040938801429,8.674192268145683,9.03048727089245,5.237158324018379,13.594585765478167,9.3806493715817,4.295017665151298,8.92397335915895,7.6272960299318635,11.194422299954068,8.563154697590091,4.440779489390962
TCGA.S9.A6WL,11.42529842309568,10.548593929220946,10.922239556644781,11.97455634268701,10.083826330210746,10.410169781190538,6.311065285258178,7.42480034728467,10.673753124055995,9.327597103103292,10.618970079107315,8.566889721764177,9.209511608391587,9.06640595643784,12.950426147074698,9.922276059665963,10.47512897318268,10.495547372338562,11.40151362384466,10.74976101174477,9.721959762820424,12.395114573658251,3.317304068361915,6.53800419316654,11.631712781894928,17.81804883131535,11.64578774684269,12.532100849648973,11.58293115429509,12.372354450472292,9.96585511924962,9.396775582738854,15.350245687941566,10.511676465599756,2.563231361794965,9.155786667473706,9.913534962398725,10.55857817656093,9.69944891235518,5.863185198712685
TCGA.S9.A6WM,16.018687634252665,9.777943041396158,9.50718295052836,10.87560238713291,10.910338945605089,10.847198084231255,3.0074108129546206,4.462471189392651,10.176177762731617,9.941071675517898,11.0514013327497,12.119535899613235,3.6264975442210936,8.374066153062557,11.570187247698428,9.673433461786491,11.296941264600186,11.100006670403358,10.011275484247836,11.515492978038425,9.14352275705312,12.48871056216526,3.6880908169383817,7.156905216095975,11.895131613841953,17.896350575858474,13.858098607678958,15.547520846875596,11.677997980947797,13.431201147502732,10.484076788767101,9.832752856702115,15.377248820959316,11.696145520838854,13.671354680763818,9.163988235681613,11.800919025207055,12.080055682085348,13.319482599555531,8.359943224191769
TCGA.S9.A6WN,9.282793531443364,11.55360822446368,10.466657909931051,12.041193999136873,9.424748289408313,11.111147279578471,7.96815182330627,11.359170664368365,11.094880975815906,9.056029081008788,9.901266511932619,6.726575126831513,3.3944455450873967,9.700896383686874,12.026425714948429,9.605196877715839,9.78597207174774,10.024634253622686,11.154050872213494,10.0707877851635,8.811502499229098,10.099293626126176,0.5399280433528023,4.518258155231584,8.872963851998755,20.523995118275707,12.379709488235331,13.91305779359101,15.624937948079221,15.764031144538176,10.230508298858163,5.790428001639654,13.312174193378361,4.06312323575287,4.291095165984113,13.9346183447629,9.16192369892991,12.820878316446164,10.10804844570908,8.048314666686494
TCGA.S9.A6WO,11.670111639595996,12.96356302529459,10.293124210637835,11.75321361469907,8.268358596196679,10.473376387968429,8.448655691959479,9.68111381799545,10.304342764727775,10.32756937251041,11.079315637251707,9.820845735585614,1.9126115457949318,9.036778318525402,13.795747033797586,9.638692571406189,10.546736101914949,11.040867299946932,10.03159838078152,11.267948367362672,10.207506119677964,12.519694013540485,-1.0,6.222271332921199,13.586473099368936,19.920227546723563,13.451047202059883,14.426685496872397,11.982687682365475,4.456490771583379,9.03292981289359,8.304989640015613,16.651030400783974,13.77203677270307,-0.0493076402243706,5.3603080847951965,5.4857391625971275,8.49601886937462,7.974029054770529,6.544071114524974
TCGA.S9.A6WP,11.390261406124335,13.3888205835865,10.383080969733914,10.262343183711412,10.5865235423159,10.197105353063652,7.041436844496376,7.461767548250871,10.85268781484714,9.907164831881119,11.326629304524694,9.43784776341374,3.7789864966062856,8.45400311484372,12.610948002193043,9.577164624478389,11.083341899097563,11.093029932459325,11.053644847567604,10.854587606861594,8.118563743061623,12.612552631344208,0.25845862271790104,6.689109025405045,13.417037314832537,18.25070521925999,13.028903895461749,13.744917782085174,11.088194081071707,8.976814121162194,9.532430152523204,9.023880739490199,16.666004937899913,13.562978957657327,2.3291810158470407,7.217095942042151,8.442500669761115,11.149830681638946,8.823419150655722,6.5078469567625765
TCGA.S9.A6WQ,10.893156495551716,14.035723043500589,10.012418664303256,11.04275273516978,10.278745401050264,10.418626068686079,8.643997927599736,9.219264616243443,9.759898333635665,9.838553798930235,10.436612340431289,9.135800076855453,4.450155497359193,8.113277512177989,12.559250454778015,9.460476579227258,10.708397981594727,11.465702454535515,9.685538117745889,11.421449807290589,9.703041504581222,12.22667644189803,-1.0,6.664366214009105,13.526690933673763,19.245381808278804,13.02339242150379,14.333390510007137,12.757338772363434,8.210309955160772,8.226538874637646,6.546502487349506,16.42458542586164,12.132391571643213,-1.0,5.8548982962814256,7.922250782723163,11.353571685153991,9.479221869369441,6.879769470838861
TCGA.S9.A7IQ,9.54415111842381,11.933035651073578,10.591247058207953,11.388132534849223,8.55560835398075,9.397520195354126,5.219544153218049,6.396269112190938,9.697517036234183,8.644186529116677,9.69514945449813,8.398589368748388,8.64908728427699,8.395676362973571,12.758152681707786,10.641604550686184,9.514930195672624,11.297201334601532,10.991690906423559,11.202444965312939,9.496013474857248,11.318315315928237,1.6883594252133876,7.22806252016052,11.654842707531692,16.54725648806152,11.351016837543208,11.642147117097382,8.651531791874241,8.069904591100906,8.644186529116677,3.8535066842630346,14.99848693945927,11.591172382793241,5.891992651073427,5.24566298383639,7.1541426684420735,10.720844643395521,7.618765031638809,5.066765160791779
TCGA.S9.A7IS,6.773162949162712,17.398943211715128,10.489766493022797,11.561791607008184,11.313470915158929,10.26259124442651,5.02735313393009,4.929398084349048,10.779070242562803,10.147103143924099,11.982087186306583,12.440140863926212,5.352973868202567,9.243295155244903,11.726312178424712,9.507344124008279,11.787378263176267,11.306519552786044,9.601224986241427,11.830903478159156,10.492831693055418,12.093904895104457,3.562645406548696,5.436851433055668,13.599572323185612,16.102160709499152,12.644906112173002,13.097401243146956,9.765354563982392,7.113023243574772,12.559115656044247,11.921955195484411,15.377719207649745,11.312430340801159,7.303820923935291,10.528219372902335,10.785833894092686,9.958656382757002,8.603288440332252,4.885291263821507
TCGA.S9.A7IX,13.910901642890844,10.88317845883683,10.197144556554578,11.182634327379194,10.380428163041444,10.321396341236902,4.889950468124701,7.349534245054435,10.697050174649043,9.30543866621045,10.712170151517789,10.460872466831242,6.118689876611632,8.92483061139286,11.688221105192527,9.757558688977403,11.000078402146002,10.935694431861595,10.764950439327569,11.294200973840224,9.74835237599998,11.758013292324202,0.8443856530025712,7.527223632488056,11.375064743470093,19.256846686600955,12.725641796560206,13.388694654652342,12.2648265933665,14.683348824274555,9.84398776850504,9.455406340298904,14.43669350183075,8.176955508593613,12.808680493402695,10.084170857384997,12.027586364138427,11.333842256291058,12.53457806755468,7.788338566028731
TCGA.S9.A7IY,10.84363648734386,12.164985248563962,10.235253645721974,11.930446404148073,10.055432798793046,10.269551475094493,5.0548875386069065,6.672378665788642,10.36422933560452,9.662568513712545,10.844811040437252,7.544232663725963,4.836105915110136,9.040817653544584,11.968492529010879,9.447803360520233,10.3779861229947,11.661975742359159,11.052872044339436,10.336837906464584,8.071329349596029,12.66685390129444,1.9161326496455025,7.0538357611710465,12.434274833525587,20.306762692782186,12.967728808554766,13.147512307734695,12.670377706855529,7.407837930426931,9.574455400413417,5.279976373353738,15.55911609830222,12.931822830574424,1.5051795666833732,7.5514444963249385,7.166157055709071,11.443640681787215,8.711204066909279,6.611573728724684
TCGA.S9.A7IZ,10.281605992549709,10.863705811336388,10.760123205224772,11.573948427495695,9.79306254273778,10.536051539939827,7.775606330419734,9.401661608830581,9.785977137737877,9.417336722492806,10.619331111999001,10.295822647126192,6.848562852963766,8.3962280044979,12.231500810801597,10.36354552548029,10.301299325698182,11.172432759345782,9.776713812467175,11.638309921569586,9.756557490022491,11.69406740350392,-1.0,6.413712542087795,11.455694372352104,18.47953079578165,13.25381053096179,14.758738269859283,12.72300048939758,12.240988288321086,8.821858468819505,7.046536896726619,16.11806301337701,12.554676235678917,3.2005043534465214,9.981624360696355,7.498857182708934,10.590747215726358,9.393293487916278,6.464300685777398
TCGA.S9.A7J0,9.75652696796797,13.504779134245357,9.644181661127469,11.556506821043593,11.635704337132195,10.651775279645642,6.526590003806639,7.103924552159155,10.355796170768803,10.397399542850248,12.20505592447409,11.944022608697216,3.731139786247843,8.15887977381421,11.862939966358761,9.484128058731292,11.506211712342237,11.995275547570325,9.695670255806709,11.861949627833118,10.634192010281124,13.083488086525142,-1.0,4.321119959365393,13.449752080123274,17.258697029804768,13.086405726344504,13.162226671474686,10.965684013872295,6.20286629002431,9.45815106849879,12.08934735684628,15.229377513870464,12.533479396851902,2.91241993501531,6.20286629002431,7.066587587794781,9.177654237158183,10.74764737420527,5.393467685148649
TCGA.S9.A7J1,11.252758613350194,13.306332055456208,10.30123907055371,12.046429021674687,9.814521104001606,10.363565017351934,7.832370423843163,9.48889916180374,10.74706433823662,10.239761762927056,10.691972552814814,9.788078805485686,8.35341989697128,9.353444378237798,12.512832739011582,9.542283397324603,10.396210554784487,11.605655862399596,11.47318234800512,10.458842021999478,8.045500853894097,12.881725274520056,2.027649494650658,7.3801727137247015,12.762963360069074,18.618665551113576,12.91045153260326,13.8662574186087,10.816575468363476,5.973801816227824,9.39126636298922,6.812758759719557,15.832629705934938,13.076103591643,1.8344280687250103,6.44074793461743,6.406392107749397,10.67538698524739,7.29822573543665,6.269738233504423
TCGA.S9.A7J2,12.373530031684695,13.796025632146725,10.299263549627643,12.056363814119084,10.493254134311773,10.149551783660533,7.2919110850861095,6.908457473036984,10.508049962736264,10.109812506236082,11.080082405120038,9.798454789998601,1.6630713126512824,9.16462514634749,12.582621035912002,9.663314195203043,10.743629407551767,11.319339066045154,11.130232886319773,10.854356416128423,9.608744201678894,13.635782647980255,4.371029080215486,7.284878684527428,13.193681094782729,16.406515240864998,13.22007296221662,13.737276574843321,10.340543799064836,4.397351193447715,9.668726881748865,8.157243340581065,16.849292598603554,13.189921517574472,2.9521098753791004,4.4232016497080595,6.391226401595605,8.22677872082488,6.378069383321159,5.1046721312825625
TCGA.S9.A7J3,11.477212954170968,14.282431587712024,10.499882651426237,12.169760904334371,9.755971787541691,9.84845894581571,7.364200330070432,6.926088397825449,10.562969122836076,9.843746944069803,10.758911495928633,9.124114331029842,6.239949792868752,9.479603250249067,13.376720473218892,9.47494520430062,10.623148985501016,11.4137082586707,11.392097888862262,10.871516643073603,9.50495759090425,13.10774883240447,0.954791880875085,5.557713351440732,13.443734027938891,18.370727393810974,12.815954816479348,12.787121738320359,10.381673804395566,9.195221101023963,9.41237105238415,5.634909767058706,16.53767416307526,12.04783451665463,-0.34428181916585066,9.281111456431379,7.6857558763849605,10.189639145831057,7.943493563590097,6.113787998232218
TCGA.S9.A7QW,10.873077393738747,12.781637282659723,10.10935128654818,11.442569092781998,10.424140878681671,9.894564208590701,7.873126623152324,9.425571549364351,10.16627834297194,9.872146949662984,11.50260643372093,10.327133247253284,5.812023238640958,7.762766706101257,12.69874253484806,9.510840305400333,10.930374400898048,11.238634202741464,9.052525937622397,10.871761961843207,9.899136649629611,13.151221937017255,-1.0,5.298200069827763,14.380271692172219,17.072880546554423,14.087540617720904,13.586579941095192,10.33245564131856,5.0576495496271585,8.272032523237897,9.978437479383818,16.905713987220285,12.954700801851471,1.9829844509023558,4.960993516490157,5.375237571034825,8.928929880670752,6.8708899129406875,4.115524381679169
TCGA.S9.A7QX,11.120694788032871,12.592839034576187,9.964636885953137,11.529477309202091,8.218913847786862,10.627650790927053,5.20457505663723,8.486738905716154,9.854141867284913,9.799282269196318,11.083862754025033,11.159865220444665,3.0579007732632255,8.963363721211902,13.108045863946822,9.85772601355881,11.192021574637623,11.414694430977073,9.66988884992719,11.224865223325079,9.784293759984282,12.741613839720094,-1.0,6.2827122306851555,13.725320027854316,19.11471080160098,13.600868171844121,13.556510952258831,11.941810873331457,7.436018549016153,8.644455505065084,8.324221958799336,17.59920209902056,13.711669414616054,1.4865599281852402,5.926433585444718,6.9314171361053285,9.649355887116144,7.373297586180741,6.0215308071495635
TCGA.S9.A7QY,11.155320054286891,10.895427067198215,10.17072314701794,11.284126696545721,10.245846087795115,9.931020379571025,7.714628124612052,5.420559877346214,10.583898026595284,10.220730553819086,10.885977869664218,9.169774963375183,5.224264133969125,7.825405318335791,12.674034724132328,9.638095202235222,10.468722594865865,11.215859722859957,10.771650319379855,11.302676504190284,9.445145862295226,12.712109026911726,3.007913081643265,6.979949872195447,12.929056306199433,18.47037636389764,12.95258756140735,13.719649922120892,10.901233924137298,7.2853134348971205,9.400214704414681,6.566816675840306,16.22757730921731,12.341967628949499,1.3760680711336855,5.434608213231433,7.798498370423126,10.743006359777342,7.234021274826971,5.224264133969125
TCGA.S9.A7QZ,11.661017588165679,14.096871701463472,10.410255127394501,11.677924141059002,10.190787310623476,9.899643167519415,8.234069669910065,8.34255696768677,10.371514540004675,9.986364996971556,11.024789576287287,9.384378616386917,4.993343762863877,9.365645300338048,13.308934928977823,9.516853139036478,10.425958044558634,11.003741010140546,11.206358367317499,10.713088235474924,9.958222525225585,12.682294149337148,2.7592623804596674,6.060319809348708,13.487511358794876,15.860100065228739,12.763574095090796,13.043204481473724,8.793599082786335,6.80985171419111,9.955947133107662,8.232190653231989,16.9327052674859,13.660789412784204,2.7592623804596674,5.927277820116586,7.704619553721965,9.746144782651893,8.075432083970133,5.222626840234573
TCGA.S9.A7R1,12.681380609515445,9.577689018415404,10.607255217668683,11.84479888152717,9.435146837484952,9.967253498275415,6.0190057484337,7.338877191650503,10.305695841221988,9.867395355419944,10.847231915727177,10.426488585732537,4.983518095711137,9.386757930593117,13.809885086752631,10.02874870439946,10.318650923048263,10.992106954243763,11.37865748934138,10.472003948848394,9.107519708972166,11.450238459096159,2.2176960266716916,5.898675145097309,12.791203819968265,16.917339486294697,13.298153205997831,13.801362474763595,10.647017545605236,7.223385864235937,8.334329606307021,6.52908067281738,17.393045317408465,12.170631179337876,3.1380116563712335,9.414450369190018,7.860880880638577,9.965008050212617,8.28237447079298,4.5443246382037525
TCGA.S9.A7R2,9.890318092038946,10.568410006249023,10.077509259712386,10.949966451397582,9.130920061925,10.478061949101747,8.08789240338971,8.046149968828516,10.719595883306226,10.803025176772685,12.176943201808346,9.922483462558862,6.9276772365305055,7.8778890029035455,11.631919543276577,9.477586468264438,9.567008984112748,11.30717957278679,10.338055983088003,11.100942375985152,9.3579348398045,10.937890699442812,2.865819860881548,8.826368298045784,11.10666480878389,19.47049674603552,12.354703500402193,12.731466263270603,12.715118899557277,12.36839730036476,7.295943378643834,6.331264516770936,13.359236112725986,9.26660361597728,4.166619047867983,10.967543227783906,10.507198216193233,11.955785017655543,13.420694817486952,8.163045806304869
TCGA.S9.A7R3,11.089996536156308,10.626839637056444,10.745228170691297,11.593955110968224,8.976571855953635,10.302977112176128,6.681217324729068,8.526435465715755,10.505608828124698,9.940249720684287,10.808209417459839,9.126039234498673,3.434361346067099,9.001662367830074,12.825481920847878,10.036464320662787,9.97515224075384,11.166029542420953,10.143041314708412,10.32412799194981,9.839478598477065,11.481777992856376,-0.01304303747559888,6.910477241983752,12.384317361580079,19.97315527413045,13.102451917989468,14.011621967940172,12.216312529981483,9.614896241521862,8.75183825854262,6.0507432872802775,15.512268927010679,10.871961512446092,-0.01304303747559888,10.684545436788568,6.581197568459583,11.303252310005497,7.092767710075576,6.322622224864158
TCGA.S9.A7R4,11.254707764724133,13.086692275466763,10.762549139131952,11.741109470590061,9.399084555162267,10.822013879817906,8.189665458394122,9.491567534676529,10.235394393748845,10.226451089634896,10.674048521233903,10.294888013255294,5.6530485488949065,9.094481530957419,13.11422844028426,9.837541684234061,11.01549011239343,10.852487374915366,10.179146747667241,11.35841648289647,10.498050368458522,12.203388566735711,-1.0,6.365381095311857,13.767301355236928,17.94095172695144,13.558844813314847,12.248537504473097,12.636856864876354,9.408011229883906,9.578477233426842,7.739756311546902,16.331191841150247,13.695801340049663,2.811142173669308,8.683564177807266,8.691709675625837,9.3474302514094,9.15935545585561,7.0060847909232375
TCGA.S9.A7R7,9.824709627464005,11.159391472603975,10.702217541572839,11.523660549916999,9.767749961862675,11.531559934248104,8.951068731724732,9.471853000361202,10.030185007974094,9.565040560151274,10.226871903316775,7.986216363100401,7.867271943271619,9.08888282553895,10.97775573401772,9.497668245818154,10.989669387604089,11.015538198924796,9.748246194768667,11.28445889892783,10.089697022524133,11.159598914093593,-1.0,6.038203498466486,10.375320990131387,19.815736695485334,12.733646553373324,14.023321349888185,14.193161037086062,13.267947387423655,8.904840211757994,6.1891089628000175,15.097085456330188,9.999089575102944,2.3101365000884644,11.525844009007459,9.874408304169453,11.415061344407533,14.030835929277954,8.072392038117501
TCGA.S9.A7R8,12.936057082127041,12.848502665190756,10.310086613222408,11.88261882594196,10.380898352948295,10.488055819143398,8.051564607741708,9.889721301938513,10.554815214257134,10.586340386470512,11.35654677120899,10.385385844408676,4.262500810564508,9.597485735467817,13.495810454015446,9.386484846403373,11.030324352011483,10.696524655179765,10.213076021788456,10.692003425094711,10.711344847549116,12.649043238520663,0.027437182706851134,7.025820597248465,14.090060451926453,18.89257319036945,13.97814041761969,12.47628667035604,11.691332458256028,8.394257315675992,8.991073095298804,9.507722107278559,16.26445665140675,11.494310946804566,1.0410326615024634,9.337535159296598,6.768480774765823,10.065691048591182,8.829215641720063,6.087505272833433
TCGA.S9.A89V,11.262800277631998,14.397489204240031,10.426106427009413,10.98358642618879,8.554009355118879,10.461635986552977,7.557456042944233,9.555345876075164,10.74826431155064,9.907210357570275,10.061653358105032,11.439376607614134,9.733553816022022,9.670690413148634,12.98275056275657,9.768942698440133,10.896305684284261,10.550652237670183,10.251114411361698,11.914270870668629,10.177492792147053,12.113122605147401,-1.0,5.856467859509474,13.354850967240306,18.636757893197252,12.785031286862992,13.585769529050337,12.74409632760648,12.47121855962647,9.433305011564125,3.6854244076952005,16.03038038547357,10.143300042965889,11.37344854815104,8.83926332166394,11.258355443930332,10.455501586795828,9.963626708650356,7.396003604359055
TCGA.S9.A89Z,9.073507501245599,13.693006207749132,10.113321535694215,11.133727586293594,10.364880766655503,10.524295662150994,4.8444710229902395,4.770527792540351,10.431375163248683,9.784372617628655,11.858160426937756,9.774948612637113,8.50073235403693,9.035904009490716,11.940725422289216,9.513968353967702,11.045362899816315,11.207681381881011,9.271937545169386,11.505651300694154,10.060647435786361,11.960432431185707,-1.0,6.4044688998528985,12.24768409744298,18.916479062160963,13.488928701994467,13.16065289487506,13.740479050989528,10.040470012387974,9.400067371692348,8.456221742674087,16.584125136837283,11.404368733465445,0.5429018558133899,11.803205115842648,8.826829690084526,11.639761516242451,12.938612784521942,7.379627026407686
TCGA.TM.A7C3,13.267912460207338,8.233743810294762,9.58591477836673,11.438572157467481,10.561177566656102,10.385022417069571,9.79483756556038,9.339562103066525,11.009156159185556,14.703095647784535,15.499581198505439,11.448871224979523,5.811941062913837,7.8555481281923605,11.638573388856006,8.853990346808839,9.425511756599487,10.922140451116979,10.881152360636506,11.350005435865222,9.902002407816605,11.850555553068073,2.8335782939060046,5.283347690619683,10.83268712090835,17.12715336601862,13.404324795376922,15.174274708279885,12.34595391540016,11.796560037373814,10.887223814682985,7.969303051284401,16.319811130983517,10.696026860577863,6.770899065246477,7.813658075987223,12.158427793672773,11.625517490662434,13.052244121253286,8.036401677741939
TCGA.TM.A7C4,9.65870455735646,13.015031554684166,10.620423841523785,11.575117674378701,9.893096717342415,10.213543281483334,4.516292561684049,7.291901878641124,9.995679540879298,9.351060027049735,10.667801138077595,7.809570719159167,6.5976861021756195,8.611962797550552,12.28617093118168,10.072667233678905,11.003556350670436,11.549114222020346,10.65957818155868,11.525732157245898,10.133306256641648,11.480750271509757,-0.019462807554957013,6.30983283396013,12.47508589653251,18.01062781986256,12.833635312926965,10.72615913878237,10.398107804205953,9.381903471747073,9.266954689181139,6.530925964886257,15.59699094350964,11.802234785932919,2.286762889249558,6.273993227906029,8.9424681741448,9.697286795818844,7.742311457371607,5.170850433882384
TCGA.TM.A7C5,10.998205307103957,12.75786949451181,10.40118650983725,11.96700410849326,10.469087219260027,10.227477803864574,8.012822843430891,8.509373210256578,10.845628825260086,9.412748082196094,11.614455924005394,6.588450804366627,3.721088248798098,9.006580789552979,12.963272260430456,9.690585060269088,11.367615960955586,10.715110445993258,11.513059035125986,9.987146743916627,9.767057027135232,12.756145909145985,4.153886384085623,4.153886384085623,13.509239287024815,15.948374849793849,13.543020881549124,13.350384435435549,9.133476961030695,5.595927288521622,10.059881551783418,8.59792814379735,16.92301600619801,12.86977293527272,3.0999347639739305,7.6316027061969285,6.926086025116155,9.043314426542015,7.527224414573717,5.085284425190592
TCGA.TM.A7CA,11.61346774535726,12.765065823281665,10.461811535877901,11.689520807590558,8.683364862989263,10.485888665226597,6.814120986030184,8.08757846438128,10.29957791919108,10.008567562319834,11.108084328458066,10.462782400212404,5.856420548439879,8.991213717002305,13.165251803297375,10.042081085074821,11.394708178403691,11.0543529944667,9.949536829762886,11.571173411251218,10.325427005178716,12.545736922393314,-0.036969850498809846,5.8445513665995055,14.12034090710595,17.65622943550711,13.495504638738796,12.90510784134234,11.42017161721739,6.23842002607896,8.448719281677947,8.818435184451449,16.62723259096515,14.556856597274534,-1.0,3.7351538747980455,6.201673064306591,8.89379630102874,8.153999843646131,5.28354401522183
TCGA.TM.A7CF,11.685491163063983,12.358366506987732,10.255797054747587,11.618730257835646,10.308243340331252,9.967651221982665,7.043065572623079,9.23275499891672,9.703010175238235,9.596969793479055,10.85826002391832,9.740732137169477,6.141704578620711,8.795443582893986,13.064971375409318,9.591818896043085,10.738913297839686,11.44395085412317,10.228177269983934,11.81539290307372,10.373931998699495,12.490929250347957,0.07313470463021537,6.427297757049113,12.759994467825427,17.025779979483037,13.384147750449873,13.449107249856787,10.419418591686911,8.20590856266485,9.270640363844583,7.256018990559581,16.95891924662066,12.975845836913976,3.596004840743821,4.496999137814264,7.1080079213128995,9.682804142387761,6.260729513391851,5.407787805624362
TCGA.TM.A84B,12.16418335559283,10.179904861419825,8.617038358122008,11.55210992082089,10.342148134651026,10.94721911679962,10.08103251711006,9.037696843700168,12.452162693278881,9.43197139066042,15.95891689558696,12.531497431964778,6.897908364606362,9.096072320296892,12.472351725445268,8.433015344020244,11.625098947237332,12.69098254546845,11.105383177683521,10.172795011523638,9.330935695753297,13.208531738722309,3.0063339337220505,6.376535234477325,11.981747678853994,18.33690175098131,13.755770590334738,13.677350024798468,11.033351415656368,10.308253922274956,9.729563986235936,8.929486558365614,16.564396090610234,12.367222825092743,2.6384909417104554,6.7360094919577795,10.364419772551917,9.95658365226344,9.543391675568863,7.059846274571329
TCGA.TM.A84C,9.220400336789496,11.108058968793529,10.186923407839707,9.578968140150273,10.179992415684207,10.825551761939195,5.860756754775898,10.297924937902327,10.46974131703466,9.819273802317948,10.565259004573022,9.891588546532148,8.730408318202935,9.091546195857582,11.378950206534984,9.096155622880682,9.851256192573114,11.133117096698415,10.77585164245993,11.406304512860956,9.765885598159851,11.291220553763942,-1.0,7.303525971304428,8.980251275049934,20.67098912586975,12.360444033240741,14.08528861671671,15.737950762667422,14.744493421988746,10.541796975434973,7.675326200976471,13.749977950091425,5.541929845754457,11.590726868544142,13.98341487243312,12.744755752459902,12.925328579226802,12.622992491336054,7.469039381557161
TCGA.TM.A84F,8.73999893797538,11.894666780099508,10.415288610618092,10.975220968605722,10.201203904368091,10.14467060509508,8.232987820119233,9.643999009514312,10.281445686822012,10.000242025604107,11.044407986104941,8.16057284060549,5.394277468973688,8.165867733117908,12.061384762165636,9.517169770935368,10.585463693825119,11.73945449009004,10.630681487630547,11.012067743879893,9.489986805631041,12.499499743220571,2.7681843247769264,7.604430173155813,12.22059752692102,20.49228092577152,13.180863176311565,13.972832081703489,12.789734141196119,10.25063015224405,8.733149243681725,7.654255794273207,15.802596015076945,9.238086069168562,1.0552650796669782,7.787316876066354,8.488878480800487,11.930435315585965,9.24185162137642,7.654255794273207
TCGA.TM.A84G,11.335382649877854,13.983610000877707,10.318250173905382,12.039751178783359,10.477798734180412,10.16240353999833,7.664265225036166,8.29579280698103,10.529385261791154,9.839797753768542,11.358090165834353,9.228745351633924,1.6564963705534952,9.207634472504404,12.854839423904714,9.183391975930848,11.498103488462487,10.891271303632879,11.56909281899598,10.025392219467248,7.4897243528987065,13.667456436719833,2.2228663718479904,4.253051360876999,13.342282262769833,16.780997411205057,13.081008292431864,13.359445371030699,10.908154128526077,5.802813597532287,9.091179883698326,5.24846652509717,17.35742574351843,13.301007444985748,0.3310172360180966,5.669534228161114,6.5905062118192035,8.193062539681613,7.301555639195375,5.219412499260713
TCGA.TM.A84H,12.225378181910093,12.47922540675124,10.305655147697529,11.934759630705548,7.783352534539467,10.037930980935966,7.2035809690170955,8.857000002162014,10.584494488183658,10.666305590449543,10.640640448011736,10.474781586712455,2.27875794359686,9.420596718730781,13.265425995341158,9.625277248338362,10.238371179555074,10.465929175572201,9.691958250178732,11.659466465317593,10.197065411107408,13.071834502390454,-0.2130691389097145,6.7675382763112895,13.560195007258418,18.82801563612596,13.40704283023506,13.156282697458522,12.543435321983466,4.353972499002627,8.891567130844807,7.096768908699576,16.13065932893313,13.291442675814444,0.2932527564278797,7.134501276806046,5.2005082768786615,9.520876555205568,8.91668891279751,6.58336112248135
TCGA.TM.A84I,11.842882376608973,14.5050031168404,9.937007103925987,11.74890538173009,11.163721180096546,11.091926559538495,11.602844101378393,10.533901245627545,10.299031449189606,10.725253428425576,16.13970097588859,9.674349066625371,3.051058816673939,9.148421161286677,12.696270518802622,9.467716600723728,10.49938799787264,11.640812953356136,10.102513397984456,11.224149132772935,10.72923027942791,13.005833026719573,-1.0,3.9352239940600326,13.558790045668339,18.69758080911366,14.230476326173902,12.730978939235094,11.2229744740246,9.874342210501602,9.059614045186589,11.912609001131008,16.8958827086209,12.803262621364933,1.2910141014173027,7.3951905039182755,6.646573110033185,8.467942139658614,9.802554168728902,6.203763008727234
TCGA.TM.A84J,6.494983551764552,14.229063446991562,10.97005079961012,11.575648579311206,9.33234654339156,10.788005535418835,7.96325041954029,8.395549986812938,10.631008761788433,10.351269328720328,11.520580280197649,8.879853385048039,4.137888737470402,8.579860098718948,13.189543079283169,8.915190723389024,10.853553077369288,11.148478806596229,11.468432977532325,11.668435091028167,10.983192929399756,12.658769169417301,4.576673292516575,6.987639206129018,12.70925336665413,16.53159976738023,12.64520963672261,16.25757074264112,10.585905204259838,10.105200733651545,13.156569777318845,11.337566657086807,16.523866173552452,10.281897928082188,8.144333982349655,8.515529542917324,11.63495082149583,11.58782298066023,8.33346532868571,5.998028473094965
TCGA.TM.A84L,10.49664170060618,11.826827664667158,10.400672194047981,11.313746612455448,9.188895648480505,9.907620925366544,8.180577549657956,8.874701385415399,10.228819532067742,10.186488672476024,10.795114218395952,8.552416651822476,3.7037541066477693,8.209050719546402,12.245222179523912,9.664576347979931,10.400672194047981,11.283105836622008,9.599746439283992,11.422864020714378,9.381535164503681,12.579072120375322,-1.0,7.282425904357705,12.80902446689279,20.21548863563649,13.242137209623676,13.703686666363156,12.736507148659854,5.767525034587822,9.184122565423793,7.282425904357705,16.05683143725463,12.884337030093267,-1.0,6.576497951715407,7.161368742725338,10.729881390700552,8.909818097671588,6.853984422845586
TCGA.TM.A84M,12.87880653906282,12.353660638949737,10.319804079739956,12.03344358182087,11.16588839197123,10.25044670701666,7.008520503411363,6.687991475169133,10.290554803064682,9.830206987140595,11.375411681202529,9.725519978108316,3.736150241109169,9.249568594466464,12.810777722181182,9.606525509385495,11.114317501741397,10.90457840287872,11.83141544187274,10.810331192308547,7.827992366204252,13.178522223780242,3.9826011995277852,3.3826257556465884,13.311815964578912,17.226166049772058,13.940426310176061,14.190121968276335,10.448825189500441,4.160024678031876,9.457429720552994,10.336057502703193,16.620719224386274,11.695306863157219,-0.13020753962333526,7.5947052908071075,6.548291731379863,9.555877684509014,6.91763702168275,4.432992802608127
TCGA.TM.A84O,8.90592607207533,11.09334275359336,10.232375834756061,11.64990744413853,10.071724330045045,10.326062811719291,8.076782468117669,8.006892104292529,10.778147783712699,10.379882247537898,10.759294093219141,6.437682172211555,3.332836803868502,8.276689737873449,11.74247811963529,9.748281924870561,10.70751668096277,11.068941344354148,11.148182801762921,9.940630881743417,9.664023213888507,12.196904034345117,0.901494455047575,8.067003504728868,12.596087817937105,19.672932583211125,13.385814741318528,12.937223234257242,13.344226101982366,7.771266940564273,9.959915020110412,9.086379617807445,16.30183721036993,10.713405934048698,5.360494211579378,3.9586478286722193,7.306286850798574,10.766865194578136,8.80534534312976,6.4602723992244595
TCGA.TM.A84Q,11.415797637316398,13.458908892814312,10.20098783609282,11.805852916432222,10.528830705621552,10.927531468279804,7.738559792740197,8.637118967003634,10.263108252835424,9.974004094710759,11.519562199804177,10.131608646537664,4.673901227600658,9.624190109628586,13.161028874661067,9.504334367237831,11.114874653712345,10.503146756446009,9.546520622286899,10.581486832436571,10.410761375721513,12.573749729741632,-1.0,6.1006938729783995,13.458225124217677,19.50227321905207,13.717136392959471,13.237424242427437,13.658505571513611,6.378946793739442,9.502261374373106,6.511270357283234,16.845800526523625,12.946248598402324,2.112166320231033,7.59291817746811,6.932563201215359,9.238180913146504,10.814014728611168,6.652548159491703
TCGA.TM.A84R,10.232950058161887,11.668611484332592,10.770865459750658,11.678599919042236,8.494849185829564,9.547368658298137,5.87294200418896,7.672894848657469,9.958683639502429,8.833269937105618,9.70459707665227,8.317744531116285,7.9386427747403765,8.67396021750369,12.74921828737988,10.646184082806236,9.637952883279302,11.150884507856167,11.248448438732993,11.179332767492138,9.673784830267955,10.838096299427804,0.7674005564460656,6.64210802735409,11.010536847347161,15.308009010038383,11.535587748496038,11.284818375691861,8.012142908383149,9.725234509025196,9.168760106058839,5.47830205795301,14.299608511041841,9.51454758730802,3.8604861233723606,3.6918021329181543,7.8735745336344545,10.909263679510403,8.062749904049761,5.269351132877823
TCGA.TM.A84S,11.251048886049343,12.301059090488987,10.512069715389261,11.828315619609942,10.389674893690028,9.722222310015775,7.873038008998347,9.027531731728196,10.646267171701655,9.8915361458834,11.09058274099087,8.930331078936051,2.331590575866237,8.547160986676696,12.462716641562075,9.472614895238987,10.551391045294169,12.12670285981116,11.19331208213121,10.55269800875636,9.314163572526946,12.563510069551787,2.570535792572022,7.1945805689681945,12.6493951402659,19.173695698538168,13.321239565016452,14.095309390254085,12.405275884984757,7.801546703356778,8.928989672409863,8.183142572919829,15.959188795091634,11.67932909245412,-1.0,5.383904700858873,7.255775461083761,11.189956408758643,8.798461108431708,6.5873514881118655
TCGA.TM.A84T,11.833290100910313,13.091631743458699,10.14486762233286,11.767697664021178,10.585365854174245,10.42336796572403,6.77409650878823,8.56176908153874,10.378350893391271,10.206733931637297,11.21798701177284,10.363196817394249,2.805395648980169,8.625816219408236,13.017603970077163,9.713607155649928,11.070596351583095,11.286796727887845,9.680571384559553,11.410383667272402,10.017728895663279,13.475001373873239,-1.0,6.021066581317432,14.289987280431308,18.470223603900244,13.84444635605526,14.822221003702062,10.17988521072698,2.2241946639704335,9.725506856290544,6.941249540160421,16.795873460869316,14.419949146980496,-1.0,4.179280136891162,6.48401725691557,8.982513071534175,6.994673623048585,6.130127776670568
TCGA.TQ.A7RF,11.044926083376774,9.971066264825962,10.11243716093405,11.574872720938039,9.495093714496907,10.319702712982274,9.458547287088374,11.123244828165115,10.250309078175132,10.098253077436214,11.098814756454216,9.066492335090233,4.281928172888336,10.046249848729916,12.762039056791103,9.940239441449265,9.748456201274276,10.660647543798484,8.169699061715168,10.787246996070724,9.545623248267932,12.09567847911708,-1.0,7.062021305337693,12.041265641913059,18.715129019564195,13.954186302746066,14.609252614335976,12.427003134360396,6.43781531236398,9.70543592557069,3.76411256667788,16.11422973581481,11.237394439415107,-1.0,9.233701874484328,7.002337975579455,10.952411398622882,11.684360153601597,5.377297306427848
TCGA.TQ.A7RG,10.871754801528528,13.798840578830326,10.535473976560382,11.99337833352447,10.101345289490432,10.362977407898542,9.11485995177654,9.863800342425428,10.803519359898692,10.05539605682051,10.914314864468162,9.127604650446257,2.885027637499917,9.187258530077804,13.163147019290022,9.398649219036443,10.741445581771545,11.636120858038954,11.270043562982472,10.111645610626672,9.788757641313204,12.663397771152288,2.149129269909933,7.166472431599678,13.349433383924238,18.674227152122032,12.947303728230535,13.982324034516541,11.972513849532717,4.562022568225388,8.973769678595563,7.386028009938718,16.571249117161727,13.492699116601132,0.5693938720361155,5.883655026128328,7.34732637758346,10.446725918588731,7.641961408811367,6.343032886077232
TCGA.TQ.A7RH,11.920654167060693,12.629502749307067,10.377095327132373,11.613759542280452,10.200450159948543,9.865764196459008,9.09793914723922,10.42788813110167,10.388629331918054,10.49001529533315,11.131930379317124,10.433864773276731,3.8303263211924206,8.456327306562443,12.111901262893705,9.736977372370609,10.651574035240504,10.910081581607681,10.877122827978967,11.175148247218537,10.045135359396738,12.630830166828755,-1.0,6.814875941586487,13.090979546324393,18.384132552616062,13.233081411567067,13.80930963850986,11.62459996154898,7.654027319096476,9.338667532627193,8.325278467556688,16.547944199671047,12.981872413168578,3.0223500566725274,5.678221238862425,6.886355043525156,9.803115290415843,8.285288463422454,6.800145360748844
TCGA.TQ.A7RI,12.322506156006932,14.187819682395459,10.433649594275817,12.000306575342018,9.47025762907645,10.220669618684777,7.015817556936305,8.353845062085252,10.559028277553214,10.115003191690201,10.757734681459972,9.81571823118498,3.4501818971366944,9.292589898515534,13.173150628300691,9.403393850371385,10.415696142073914,11.672866083392991,11.135695500285921,10.429727676690858,9.54547961661183,13.003740307523737,1.940166750482817,7.615895899511253,13.187028296599204,18.491992061744877,12.75001469494946,12.741778307802761,11.661577175138763,8.272486091459227,9.515366324326001,6.8219754669646155,16.462059053159372,13.413194024015851,0.41619119389521425,7.881383809673265,6.705698732529981,10.471869558739018,7.594256666879631,6.132790681274512
TCGA.TQ.A7RJ,11.681741246575884,12.619974161472625,10.656294263968055,11.033254631404306,8.123226977435761,10.263934048571908,7.569263982072511,9.964541877962297,10.240324109475274,10.241622013774158,10.964966838513126,9.25897699622442,3.682326085429289,9.063445507318011,13.07127271144879,9.502890465181094,10.463991028027893,11.595272262702595,9.993076369568627,11.391133154039018,9.981730235878457,12.625794808691875,-1.0,6.792006764850487,13.133650245786168,19.055994410120377,13.258781185506553,11.724501446912443,11.275093440809911,7.549838563487035,9.421250444194424,8.23864978558448,16.218212416361364,12.730493318619294,0.2937236099049341,7.5358010284742285,6.5730578720071575,10.366634655041567,6.642824293873728,6.340896912674489
TCGA.TQ.A7RK,9.714381708519527,13.154893041825481,9.91111300986807,11.312070870549558,10.70343540003297,9.587894127120927,8.420985916801934,9.675543565731166,10.036198344256487,10.577943876411057,11.534884464135681,9.0362832532103,1.1717192390878477,8.498198201813954,12.826260634559874,9.641120050376582,10.39660713572674,10.958222597739416,9.68094492264382,11.262493528630314,9.89127851965249,12.409398016994883,-0.09203259405346821,5.3038136193352,14.107876250018851,18.600905728401404,13.917291867430972,13.87014979249252,11.526979405503191,3.7233619658616814,8.482375990907512,10.355699063338063,16.717490513642797,11.274538197900181,0.8596515638598337,5.8446768945322685,6.168493619015617,9.364425353945334,10.019240436172037,5.898658217435514
TCGA.TQ.A7RM,10.990213828632777,13.855194277121294,9.753701466770778,11.919098773781254,11.36505290410522,7.168668107158687,11.35318564979635,10.066084749318815,10.260995958026301,10.702687581911428,12.235752395559304,9.530385852439874,1.4791788136842843,8.657967918129081,13.134046423620433,9.47374227308218,10.669295314159399,11.578799492341103,6.45858542661459,11.387403632638835,10.026546542054092,13.77498399626543,-1.0,2.6070580256072304,13.086645474839534,17.555872079459903,13.91575899987963,12.990193065611614,8.288498376489933,4.696049471567147,10.296714811861742,12.65481501184696,16.780976656856826,12.366514396841014,-0.4069809444077855,7.926419945576948,8.943678161795496,10.238403783897583,8.947397613345322,5.345722804279006
TCGA.TQ.A7RN,13.100645799817658,12.167720358787102,10.415588830285092,11.86413072676324,10.530207233395995,10.370702334918851,7.29906511580127,8.07908525398709,10.80771724097582,10.099595690670432,11.327452550132108,10.46201969168932,3.638618366267411,9.153824838671609,13.098244226461913,9.849048644774673,10.516639255036566,11.679699346100584,11.499718948247342,10.936965746845004,8.816997378375342,13.222206069578267,3.218579703282659,4.864354552443168,13.205870573824585,17.884210221300666,13.467193964145846,13.47932638271052,11.31877235732284,5.5272173757875,8.92645582408303,8.678748009963357,16.60219413065092,11.024760978229677,1.9857190039044075,6.9990100618137,6.432712257790417,9.519916312910913,7.4494565525729195,5.613180955252032
TCGA.TQ.A7RO,11.826391220193372,13.142666232636522,10.987522892195589,12.314373706916324,10.131557332398078,10.3453525724169,8.463478189942855,9.194807077061439,10.770004247996358,9.44476664785508,10.645530097085768,9.569430330274841,3.719150576894711,9.691297383544509,13.294427448117572,9.890137028443286,10.262214438422264,11.405763571018232,11.678346214750553,10.897306461855528,9.961276184330453,12.797744498695153,2.865384384080871,4.559302133449448,12.732864284291903,16.590386111458873,13.097125341986542,13.271636321821484,10.05569037306368,7.222735020726591,10.37318261391135,6.965026959565137,16.18136542229763,12.729503955296412,2.453491240407459,10.103350105261933,7.0462967844374,8.47085650669374,8.196037477852895,5.161649900192035
TCGA.TQ.A7RP,11.010353475370358,9.454611243979302,9.791115666386947,10.20773768331909,8.787153926334692,10.303236210665338,7.534737862876445,9.19848973361074,11.111600492735295,9.568461405364976,10.265534412696772,8.00678048745334,6.44773291273945,7.775585920158426,12.221510060683965,9.285721703444109,8.592861757367457,11.941055164692562,11.056852951866123,11.39037217698147,9.057868560608446,10.205054732816746,-1.0,6.819199384709945,10.847150233237754,18.665774821571407,12.077857834824067,12.187482046002662,11.876621691631126,13.788411859970156,10.672030756890354,2.5832783739083434,14.685096296734606,9.98968442899533,0.3014705874899021,10.973651954056026,10.28005388341709,12.52935651407386,10.16281815731114,6.495357790895643
TCGA.TQ.A7RQ,12.583365870977055,14.104778104723238,10.470073950577197,12.25985352091741,9.509292244112446,9.990824280378748,8.156475496656615,8.429799218347936,10.42720209706243,10.09361827321423,10.873881545770793,7.91787924607522,5.2519614147280755,10.337435922824179,13.54079135380953,9.89745297142449,10.216555870633323,10.67585826315217,11.650616394567711,10.857701212641741,9.913195951170097,12.991420956641218,4.443328163239593,4.78879009866328,13.228662645571596,15.274417070395765,13.197160778377148,14.200659619727018,8.916387070358967,5.2519614147280755,9.47655484432781,6.698161513986691,16.95607583491061,13.245131482394898,0.8543946777531007,6.279376573885306,6.198173912091812,8.82467844553294,6.815898154793284,4.567904373164785
TCGA.TQ.A7RR,10.905404530873332,13.069339916351296,10.250698360917868,11.520589119245436,10.672410579023914,10.446052819539492,8.304639717752037,8.814029954513558,9.938006230871736,10.505421159818447,9.998379721652087,9.353411295346584,6.194156016713603,8.631567785757282,12.450634511142034,9.700559012991004,10.09238743597812,11.096009444750104,10.090124464132243,11.597085430817332,10.254239712380341,12.664304296872494,-1.0,7.569843459268923,12.634527587191704,18.6607472288275,13.033752199236249,13.149726529838963,11.505173015114647,8.126191825000495,8.154623711781642,5.8746887843004645,16.261912038937577,12.650836841022763,1.8050034748638715,7.360475775563733,7.1892216630779835,10.373010410299793,7.746907943475069,6.841877539729867
TCGA.TQ.A7RS,10.915767364002773,13.85078415071824,9.954134936369005,11.810733687846769,10.262520072277763,10.01509190826661,7.108771157444691,8.121937518984055,10.507095715058766,10.305047914129888,11.083605707200524,9.009439554998112,1.8199951028363746,8.756196688048917,12.589575686254324,9.34817044038633,10.533149140753673,11.191306450789362,10.742556685919823,10.81412555348136,9.330451063327267,13.18744703306357,2.795039599624365,5.411178769760497,14.040102316058336,17.824715078142518,13.059033392651578,13.993345169414086,10.678300478089094,2.944521152995986,9.40651647485021,5.09667931723511,17.094308423766723,13.347656840382532,-1.0,7.729815808563892,6.274393995430319,10.092724111809149,7.056350502160852,5.2624820184012995
TCGA.TQ.A7RU,10.31159745411132,13.685464750383819,10.449551367326027,11.786673746225654,10.346254202005431,10.086693287086522,7.819007094833729,7.57906924392567,10.56254228660838,9.871577091150597,11.277249385022067,8.75396414908405,2.362161257870673,8.644137848485421,12.432192223690235,9.464356237392131,11.348780650116225,11.120939157384997,11.094736119743548,10.752710546914207,9.514322905525027,13.729266908519769,3.290232700250902,4.488058631774333,14.005270138433211,17.650070357254034,13.11144007481698,13.483468486225926,11.037386203247223,5.564847608318648,9.531698038853365,8.495205867911265,17.0328597604433,13.107445053751054,3.465778610254717,5.652170960505594,7.563063534352634,9.239115163344557,7.095786260568752,5.167638924004966
TCGA.TQ.A7RV,11.182876495510467,12.472821142934817,10.351454527092464,11.450189476671053,10.370722493072648,10.215354866266035,8.823386348463277,9.678764028397085,10.358185683588097,10.596362160947665,10.955503378642454,9.981432709709608,5.273747120117276,8.23190851755127,12.85588011560761,9.988499936139188,10.83098881806232,11.164345196762389,8.747227598630564,11.481353337895342,9.704083120719165,12.260524854968418,-1.0,6.426885315596975,13.72027117494602,17.677138064606318,13.455646460894803,14.483876110778686,11.247363197805763,6.4585509780543315,10.354824031016307,7.978120105914992,16.406801854159966,13.607564663298664,0.33765401107659454,5.56891375261264,7.131973194457275,9.30574895765301,7.108212884641862,5.647947636582482
TCGA.TQ.A7RW,11.933926806866959,11.443555734000485,10.764330146852407,11.95197802562474,9.912752393427603,10.646113142887664,7.5581903228803435,9.696224607765462,10.41087773684695,10.23603070025635,11.0162349252988,10.878591630382687,4.325451179044902,9.584809394100013,13.454435715939768,9.76349739129078,10.268052441872474,10.825384248950352,9.85457747794592,10.697968027190445,10.08442707270504,12.255389139486923,-1.0,6.898413953348166,13.619068326425655,18.43286473146576,13.38149940741721,13.660035971689132,11.998494564199218,4.8861940630255045,9.667167083877679,9.332283430670168,16.78726816043374,11.917995906460147,0.5873649909364607,6.3786295310109065,6.232405576723236,9.754316155278257,9.757661520525819,7.338990363667605
TCGA.TQ.A8XE,11.649920553569162,11.578930365886242,10.069367191081332,11.473437984110243,7.551073759203545,10.312991720409512,7.22022449651917,7.886250164329714,10.375146760389132,10.193612831246496,11.585248146722787,9.773661779868398,3.2148708340039054,9.127816906281124,13.465285439630724,9.467687667251786,10.442344736086229,11.13931120298516,9.780282700439889,10.280668015039986,9.91601826515119,12.52305513511222,-1.0,4.232783534122453,14.102992714309883,17.90653610966846,13.45807695769812,13.044295972454709,11.265654072556822,4.666199854105619,8.609881626725496,7.728373607395858,17.25661059080328,11.011871361627193,-0.20756106993536216,6.926671965789659,5.910811796927237,9.975450348298626,7.1916100238844605,6.465120671749305
TCGA.VM.A8C8,10.22257649007411,11.156319881376296,10.357197335148966,11.119309808030252,9.658171486691307,10.096897620815144,8.63004865624019,9.737541599140796,10.144005441336416,9.966692607997835,10.991571871863508,8.770477907876362,4.007042969611677,7.730405600824298,12.626564778392039,9.418673604941239,10.1400274399386,10.773952492564728,8.071284294038573,10.903187965463351,9.500590555922503,11.359490642500438,-1.0,6.768569433241248,13.182651489016859,20.00565362709894,13.112652734904199,13.751436438728115,12.234016423250152,6.446578814846115,8.008667837492476,7.048723353060586,16.09993357878595,11.82337651562195,0.027578727474282368,6.795796813172018,6.076535580173712,9.936429910934393,6.861694881588062,6.339638035820162
TCGA.VM.A8C9,6.668765877252981,11.839756072348525,10.88346082868718,10.193313314332507,9.812081015646616,9.812081015646616,9.31136165270562,9.332888706680658,10.436759422996252,8.46195903808425,11.164473676105072,8.795415333723486,4.7336959910875525,6.516547862148443,10.699596657047943,8.759831938650992,9.935414368203462,11.947011257031038,9.142843027035774,10.719891195224099,8.299434709796989,10.686835599714318,0.18485154568041529,9.712675561147595,12.661486790906741,20.408554720312242,11.460493780635865,14.130637001178806,13.34390591138459,13.032514750484491,7.744461177227288,4.986424588452811,14.570581607839758,8.64060357672416,12.195791358619351,8.305254648505693,13.78963129867069,13.94937343602267,11.782305475323286,6.575527145540971
TCGA.VM.A8CA,8.732396067499316,9.743794150834592,10.350399782316325,11.226513647532913,9.682686354590858,9.733450268509252,8.43657413606626,7.861865440958647,10.228818930945033,9.445908336304553,10.553828166710593,6.94516990316025,7.315808023771009,7.41772173835568,10.969545029201727,9.161091310553271,9.567038655510014,11.217121273761343,10.119277056992678,10.273518570508987,8.90945931024341,11.351657146853334,1.1150332429462402,8.241250536865772,11.310611304884322,20.150220394056365,12.448877314764724,11.278074448165373,13.076576380385351,10.177164863641359,8.111115321047219,3.900953729247535,14.102272359424369,11.087635278086356,1.7121995626459707,9.210611930310774,10.814471115351225,12.61427501489761,9.244027682508174,5.808189382814099
TCGA.VM.A8CB,10.902694296181734,13.647169183877036,9.985011081071391,10.957745740514326,10.585175695758423,9.700228327023199,7.681334002533206,7.450619073206179,10.28599767007009,9.83245714071821,10.866927986251488,9.471802612962717,4.054475168251683,8.182800535305681,13.113374202596086,9.302365665405514,10.71126086270808,10.249949902184037,10.32490328856019,10.692788440390009,6.399106136893585,11.66293103602363,5.383258456741931,4.901465492731152,13.310545132443815,16.860877474592858,13.155877562956128,11.906465802152788,7.871455576393558,7.093128071955563,8.975570577130703,6.000329077272253,16.436347559877497,11.486613975706726,2.7359336982652094,5.743808453500722,6.6512210722948835,9.013112989300822,6.917591674666316,4.806911740517252
TCGA.VM.A8CD,11.71145416680353,10.661152705334898,9.699383320313812,9.466889322838778,10.413335446901133,10.183456987342796,4.74920171227094,5.7633053338100755,10.725770803418852,9.366327897578723,11.257950490109318,8.817787917428749,8.728506260345219,9.519045885035922,12.602980418214493,9.476639896177698,11.098850211806882,12.364808886217418,10.719918653081075,10.976072807473367,9.851121238814422,11.892242824800654,0.9038866647512329,7.000146516274937,11.48505297218269,18.444582800615617,12.610275005278027,13.846466225218249,14.09206408120891,17.988742471958922,10.352604168643776,9.38049439929296,15.192660947588617,8.56054110230399,6.435245202241306,9.240351541225884,12.438286872916732,12.122614841895695,14.034759370438687,8.285791046757954
TCGA.VM.A8CE,10.078081941091835,13.479509619666873,10.046777241846588,11.676273491660412,10.293130649697662,10.107193531871863,7.854773654601199,7.471200469300749,10.529119823912046,10.151536043955543,10.932261192120656,9.271916308431408,0.766383141001298,8.672517275490957,12.100666674967385,9.29232439393823,10.460278441073726,11.66671243884802,10.766108792943733,10.8893648586965,9.431815359147764,13.19457210500101,2.86896326854108,7.180064295753244,13.061394500401477,18.403076165190413,12.841165291055615,13.589084407607025,12.3525630942616,7.431603739250493,9.628505324618397,7.234770497867947,16.67119254930524,13.31121344820442,-1.0,8.179568275243671,7.390890338343085,10.540409961509198,8.845702362395901,5.920007401004558
TCGA.VM.A8CF,6.657542831508613,8.195314621496186,10.061338517306172,10.690271027138799,8.886640678718734,9.46185347631977,8.898105843497495,8.476706516624745,10.400568348303544,9.718781152367635,11.35816897668129,7.450974490442139,2.331045908422595,6.958461076011493,10.771682668754377,9.121912919554568,9.48027764539456,10.544677023945848,8.342155136572348,10.719646018731888,8.591321870026114,10.738264477396594,-1.0,9.296684072563789,11.008546063872036,20.16982312223269,12.915003508389901,14.332115060621796,12.23842593770988,10.323580386704911,7.265130238253044,3.367189319360669,13.44466441418715,10.306473015391179,0.3280321903038625,10.552679278948007,8.562790010071783,13.569660427913039,11.459152223116899,6.4612878937815745
TCGA.VM.A8CH,11.809273066765233,12.892948683545479,10.347476759653738,11.733220607161533,9.604602522633934,10.561561277040397,7.77979879145471,10.648042491770783,10.34956387866872,10.166351662831559,10.975466183538936,10.532461420333036,2.246043186719807,9.24640998752838,13.460212440179308,9.902021558118976,10.497125218135727,10.997594584238515,9.208966373868167,11.14396170671941,9.815583113652337,11.789842120504858,-1.0,6.559716643194897,13.480709646691182,19.120111270648795,13.871713571283184,12.52991218551743,12.732015175560782,4.749845298497521,9.12373343844578,7.435299383352728,17.036357135519587,12.275457731970615,-1.0,8.663719620095236,7.5522686988857926,10.334364023613452,7.636731187547886,6.228855238307313
TCGA.VV.A829,12.706020523778172,9.559046255721675,10.712683986007132,12.08536131493244,9.574854418692656,10.408899805834036,7.74067328584099,8.489996837280463,11.060665469967864,9.207695960687378,11.277250256939444,9.562452324895995,4.666063477403082,10.199597018485981,14.298158448176675,10.001379762464039,11.213240947107199,10.346072214226043,11.650101379724997,10.640403298565,9.659534834008413,9.65223837592713,1.7467427157777362,5.085581868811977,13.005495816599801,17.823098432066423,13.67598120625867,14.394885988739652,12.178460350984592,5.451135265299339,8.93331326265976,8.491633068558395,16.59923289938343,10.497477046739494,2.635057829725214,8.26548143572037,8.847747356338758,11.268925751752445,8.535123710679747,6.003321135605541
TCGA.VV.A86M,10.364733172659438,12.603284568435852,10.513172416667425,11.462751016356753,10.131334564146464,11.036440417763917,5.582947332146097,8.50913881169345,10.61883200784238,10.531781752852165,11.831936325954818,9.799484005620014,0.6925164710108024,9.589818343402461,13.892921796853793,9.67698031323624,10.933996863241797,9.80849027551207,10.49822144279212,11.185262612403237,10.602872812936214,12.171559380174948,-1.0,5.326267680474184,14.676802703895948,18.16758521141696,14.525430955954597,12.71623956655279,11.317321764081123,3.2370435690973793,11.164718974499909,8.04075437758445,16.633979912886513,13.646639572610388,4.198266258972714,8.191566105047979,7.990990019989207,8.79305180990124,11.075389630090722,6.307118822562681
TCGA.VW.A7QS,11.613958167988269,10.718497771489801,10.479778041387968,11.437844435134537,10.349045091907117,10.084500553453669,9.396139362048817,9.113547363025983,11.000067695185889,10.259803982693693,11.523250939425875,9.398612881657664,6.840167362926581,8.633249554197434,12.98018894624728,9.721973941931083,10.541514452272203,10.256625983449343,10.647222125316365,11.076207332807089,9.761586135934541,11.345567194284838,2.8947401708998797,5.272545809983586,11.595282800664712,17.22266162945586,12.953871285631472,13.339792588936087,12.169646172430479,7.240208413309934,14.629114254962717,7.332789373803898,15.379491503042214,10.164676554624158,3.9923787054785396,12.389928558667894,10.512880380650367,9.924927083476597,8.10680369667034,5.53486467505102
TCGA.VW.A8FI,14.112345474406254,13.158771114612295,9.4379330479491,10.869732168779391,10.455282520727282,10.69196548872569,11.613511532471096,10.74051400423047,10.5846439643291,10.286569427869766,16.193316631644205,11.469044776100878,4.416718161365187,7.547138231608532,12.319151166578237,9.007875809895879,11.468741428924371,11.135074424740553,10.365591828971114,10.975569144188126,9.398984334773436,11.523505599681261,5.710045977788286,8.305387818559534,11.6433829532779,20.083281596104275,13.815788256390698,14.646374159610467,12.573047786027232,9.858587638981245,10.032023542051395,9.84929703161316,15.508116851108905,12.795060426688277,4.771758835462949,10.578472232940959,12.298818838987335,11.865167137793884,11.88757804572981,7.171160781520786
TCGA.W9.A837,12.026251891522552,13.081918378034596,10.612975175393945,11.943180241976794,9.688740042827275,10.071480060937414,5.735681926348532,7.637931878274988,10.297983612668704,9.576162893270862,10.564907991873719,9.740352006323823,6.520040308109513,9.195438895900796,13.238403201683642,9.94627819268201,10.156878172823149,11.63503120315429,11.336047569194058,10.755615678986189,9.803262399340296,12.313745393925833,1.9256576871556965,6.062834073966925,12.51653008516518,17.44084123863927,12.726330232114423,12.941207112189279,10.548052105248203,6.94603600991222,9.595432422095817,6.329338907841983,16.192940479220137,11.935234714324197,1.4326387727507528,5.201253535447981,6.748704076963893,10.273411101217697,6.593071359990821,5.285021149079763
TCGA.WH.A86K,9.78372428639653,11.994430343184325,10.373105706815648,11.296987881124323,10.228841773431872,10.32727732689915,9.395698852485904,9.528416602159686,9.986300140438166,10.283427913747008,10.871672031870578,8.933931674051385,3.2501126796923754,8.039578199666403,11.773345291291271,9.468486995652013,10.471035206722982,11.47291778442945,7.330528821611074,11.347104928613883,9.267923386022924,12.396531467293636,-1.0,6.603697550799084,12.921862391426268,18.68517893079452,14.224840886181298,13.012785680856656,11.982556565796061,7.275631943377326,10.882734895984719,6.803199908139166,16.362418208845618,12.413635544403116,3.1559920356923277,4.428524324890883,8.2364050781948,11.364965880716587,7.424367874040895,6.057575906822068
TCGA.WY.A858,9.267901388044747,12.020821497572731,10.106042298586235,10.888522718846325,9.632104594132601,10.494844386814716,7.466984323910503,8.660992772987655,10.363476644790543,10.179305394842354,11.260736039874367,10.300561455683319,4.744919925823852,7.491163643983405,11.674292741204926,9.441762324097423,10.452370572604407,11.137084704846036,9.692787568775177,11.044124340219629,9.27212189492386,11.568612409364968,-1.0,7.745510971763295,13.119885958769787,19.78209589298556,13.270765877875322,12.325064601618523,11.898764087628114,10.200724539571407,9.722708673294001,8.566296116552948,15.763999714627431,11.39366631297605,2.031501065314699,7.018791048014111,8.854214504174543,11.434452258146097,9.42679686005291,7.301828136697118
TCGA.WY.A859,9.255910917629349,12.71601072970871,10.448161124301524,11.12064917474691,9.91505638979653,9.6886797311594,5.594288769398589,6.59647006655202,9.518016734685808,9.8120182632906,10.041610832863235,9.466244740504765,6.1677994687307836,7.730779192363061,12.472258321246446,10.034962614600866,10.36931597695262,11.656608763888864,9.533821644434399,11.48869525022619,9.572286777810566,11.430953592091573,-0.28103566424046145,6.629795190994487,13.19123022361355,15.427021270049995,12.853929644519821,9.777917241145618,9.608559410120842,8.726882293416894,9.75813958263638,7.856758539529473,16.122956442725656,11.93725459612706,3.302816194186954,6.738542229206041,6.823294625753206,10.977977844446787,6.819173832714618,4.241367341326588
TCGA.WY.A85A,10.274660374335129,13.50497943261212,10.33789514084116,11.45483663086308,10.57251208602907,10.48489135269565,6.948222370721039,7.581798630203653,10.24179931647563,9.947735987436419,11.297335422044734,9.582949401393025,2.530670075491706,8.52308869014779,12.29825085635497,9.742583294752585,11.399532416754798,11.636351778575753,9.675255091597831,11.310887776291304,9.872555920351113,12.356915021919326,-1.0,6.088820033298585,13.679950592074025,16.821610067856447,13.518399764408155,10.903915729094463,10.660300003316355,7.363341063969057,9.891921739750474,6.8980244963554815,16.847193840554457,14.482956793136431,0.6375638789354058,4.245989964347628,6.832717892910321,10.204853298025435,6.561573591508278,5.972361807017352
TCGA.WY.A85B,11.308196574037659,13.81701864057381,10.420993809132536,11.553674311442487,10.957429876353231,10.720823358022118,6.993632474987072,6.572350072319058,10.29472848753968,10.329397888628407,11.347101495028925,10.47345868469433,2.263905770889301,8.548530258114472,13.266838064597726,9.769347111658156,11.405936428639468,11.179502839545822,9.801702862924886,11.152758774713416,10.28878569155534,12.7539598048546,-1.0,5.924598755173522,14.182706650041,18.337900396903446,13.942558113583233,12.659538669338016,11.167407858752162,3.919330547083066,9.07474705342034,10.189681023346367,17.035215157964647,12.681250690448572,-1.0,4.895297773559568,6.8177051102271715,9.258274167771921,8.726141849477196,6.578858728828982
TCGA.WY.A85C,11.693372957436129,13.425404202059655,10.709064593724953,12.08024846335752,10.643127715397435,10.284630841316027,9.067882561889208,7.027408429728984,10.528455868956726,10.60047475170227,11.356044799855425,9.736355250160809,4.387720964113456,9.024388667041917,13.521976570966416,9.64578828712938,10.488386567038075,10.765699327528258,9.767805236634363,11.372371347635125,10.412986083129967,13.202042210664025,-1.0,5.665779317860836,14.047207762917472,18.60574729506775,13.836263833268518,12.206117147546378,12.097840511669158,9.022122256533644,9.460716970794685,6.715864549297145,16.097232149026876,12.365435722793915,1.561692721398309,8.364022124784734,8.051557538765886,9.522144635488134,9.018716229091481,5.977863753344587
TCGA.WY.A85D,8.970023612935707,10.859385462047806,9.350645089230273,11.3438071399298,10.30806411820542,10.193662600965247,7.3680200974545755,9.213578881804109,10.321468951762666,10.326463868697237,11.21026727171971,7.385143677566976,0.5716282744180698,7.609350151901715,12.317148048307198,9.281454612482642,10.354446099674913,10.566788711968648,8.913653582553207,11.12077661620862,9.348464152288479,12.313938192182244,-1.0,8.17473347675979,12.488976763119235,19.83852063812825,13.511872881578915,13.192667758560937,12.21011503803732,4.439835869527995,9.554549138647879,4.862927417024957,15.691152410475912,12.87182228415875,-1.0,4.265864420141734,6.046183262897304,10.929044577987687,7.6488766790497795,6.256197363975669
TCGA.WY.A85E,9.654908432319464,13.452258398720017,10.672987547558282,11.536187077853576,10.400589907849907,10.409440050581379,7.81668097743162,9.249866255360109,10.35717049769356,10.448607171944953,11.245162329568135,9.800889225231407,6.48134576895309,8.541184529925653,13.093044478791949,9.932302610454741,10.67064704416366,10.92381399722564,9.825744771299027,11.21885792029528,10.3997826993368,12.581446440658135,-1.0,5.369180289340835,13.857773884342725,17.52703742369697,13.720341350449075,13.479725000072365,11.695146452341879,7.914874220038471,7.787353447425089,8.736696190799428,16.79651159103862,14.008320144483609,2.4369346950198936,7.2982898974613475,7.227263589206777,9.55479373052085,9.27297356494961,6.075076903733733
